5.0,0.0,0.0,1.0,0.0,0.0,0.0,0.0,0.0,1.0,0.0,1.0,0.0,0.0,1.0,1.0,0.0,1.0,1.0,0.0,1.0,0.0,0.0,1.0,1.0,0.0,0.9165543364718578,0.801410289054086,0.2722554485268048,0.2728058454247613,0.7364140633508245,0.9596483976740455,0.974897919762703,0.6632397933231426,0.9348126793661499,0.6866765234313676,1.0,1.0,0.0,0.0,0.0,0.0,2.0,4.0
5.0,0.0,0.0,1.0,0.0,0.0,0.0,0.0,0.0,1.0,0.0,1.0,0.0,0.0,1.0,1.0,0.0,1.0,1.0,0.0,1.0,0.0,0.0,1.0,1.0,0.0,0.20624943198055745,0.26341473375029956,0.3814310192644281,0.14472579139065295,0.3249997261205448,0.2924338948093463,0.13743074436775649,0.249126154147075,0.04313883806512922,0.26241940011606957,1.0,1.0,0.0,0.0,0.0,0.0,2.0,4.0
5.0,0.0,0.0,1.0,0.0,0.0,0.0,0.0,0.0,1.0,0.0,1.0,0.0,0.0,1.0,1.0,0.0,1.0,1.0,0.0,1.0,0.0,0.0,1.0,1.0,0.0,0.8549880149396364,0.7751645220872692,0.9247016215894135,0.4880728227534402,0.7352463357355375,0.8740169745734027,0.9207028936458128,0.7945371629294891,0.9791259005812938,0.9107092577422614,1.0,1.0,0.0,0.0,0.0,0.0,2.0,4.0
5.0,0.0,0.0,1.0,0.0,0.0,0.0,0.0,0.0,1.0,0.0,1.0,0.0,0.0,1.0,1.0,0.0,1.0,1.0,0.0,1.0,0.0,0.0,1.0,1.0,0.0,0.8549880149396364,0.7751645220872692,0.9189282589269743,0.4880728227534402,0.7352463357355375,0.8740169745734027,0.9207028936458128,0.7945371629294891,0.9791259005812938,0.9107092577422614,1.0,1.0,0.0,0.0,0.0,0.0,2.0,4.0
5.0,0.0,0.0,1.0,0.0,0.0,0.0,0.0,0.0,1.0,0.0,1.0,0.0,0.0,1.0,1.0,0.0,1.0,1.0,0.0,1.0,0.0,0.0,1.0,1.0,0.0,0.20624943198055745,0.26341473375029956,0.3814735716398848,0.15169020024461885,0.3249997261205448,0.2842050983532433,0.13743074436775649,0.2480535577421762,0.04313883806512922,0.26460703576565847,1.0,1.0,0.0,0.0,0.0,0.0,2.0,4.0
5.0,0.0,0.0,1.0,0.0,0.0,0.0,0.0,0.0,1.0,0.0,1.0,0.0,0.0,1.0,1.0,0.0,1.0,1.0,0.0,1.0,0.0,0.0,1.0,1.0,0.0,0.1937415411537026,0.2852017686356367,0.5182805297824922,0.6265053619084535,0.32308366109728237,0.3593577064265968,0.05218216162855708,0.37696604471168577,0.027026195582375755,0.21374680000973262,1.0,1.0,0.0,0.0,0.0,0.0,2.0,4.0
5.0,0.0,0.0,1.0,0.0,0.0,0.0,0.0,0.0,1.0,0.0,1.0,0.0,0.0,1.0,1.0,0.0,1.0,1.0,0.0,1.0,0.0,0.0,1.0,1.0,0.0,0.8471601178524069,0.791221492399008,0.2707336405309214,0.7934493600480279,0.6882682772880944,0.926025697684503,0.8759876990076019,0.581396244422566,0.9002967163176021,0.5315892524162236,1.0,1.0,0.0,0.0,0.0,0.0,2.0,4.0
5.0,0.0,0.0,1.0,0.0,0.0,0.0,0.0,0.0,1.0,0.0,1.0,0.0,0.0,1.0,1.0,0.0,1.0,1.0,0.0,1.0,0.0,0.0,1.0,1.0,0.0,0.8459876781958651,0.7903699361659704,0.8929027908547904,0.5249258862195505,0.7525746179444006,0.9034924936412363,0.9116010319265869,0.791263877150005,0.9978381464486514,0.9188869981036499,1.0,1.0,0.0,0.0,0.0,0.0,2.0,4.0
5.0,0.0,0.0,1.0,0.0,0.0,0.0,0.0,0.0,1.0,0.0,1.0,0.0,0.0,1.0,1.0,0.0,1.0,1.0,0.0,1.0,0.0,0.0,1.0,1.0,0.0,0.8655708208338136,0.7666427447556161,0.9068865104448955,0.4595714254599401,0.7235451521526298,0.818065013584599,0.9410217540362565,0.7597864642048939,0.9805855038151708,0.9282881257348018,1.0,1.0,0.0,0.0,0.0,0.0,2.0,4.0
5.0,0.0,0.0,1.0,0.0,0.0,0.0,0.0,0.0,1.0,0.0,1.0,0.0,0.0,1.0,1.0,0.0,1.0,1.0,0.0,1.0,0.0,0.0,1.0,1.0,0.0,0.8664463550463269,0.7666427447556161,0.9285070713843213,0.46577182319997823,0.7238215917362145,0.818065013584599,0.9410217540362565,0.7601494290089105,0.9799065148096315,0.9383388033934738,1.0,1.0,0.0,0.0,0.0,0.0,2.0,4.0
5.0,0.0,0.0,1.0,0.0,0.0,0.0,0.0,0.0,1.0,0.0,1.0,0.0,0.0,1.0,1.0,0.0,1.0,1.0,0.0,1.0,0.0,0.0,1.0,1.0,0.0,0.9063795670556698,0.8121620418124375,0.4001448360089699,0.7877190798271728,0.715698795082728,0.9011517446788478,0.886153584530828,0.5814694864785628,0.9545735466860122,0.5380926262043442,1.0,1.0,0.0,0.0,0.0,0.0,2.0,4.0
5.0,0.0,0.0,1.0,0.0,0.0,0.0,0.0,0.0,1.0,0.0,1.0,0.0,0.0,1.0,1.0,0.0,1.0,1.0,0.0,1.0,0.0,0.0,1.0,1.0,0.0,0.3035573283351054,0.3239336509531585,0.38170679229711346,0.2713101841144542,0.37036199698078054,0.31942505286259826,0.2945703860719445,0.27468926534466304,0.0992711863246627,0.3733587641271633,1.0,1.0,0.0,0.0,0.0,0.0,2.0,4.0
5.0,0.0,0.0,1.0,0.0,0.0,0.0,0.0,0.0,1.0,0.0,1.0,0.0,0.0,1.0,1.0,0.0,1.0,1.0,0.0,1.0,0.0,0.0,1.0,1.0,0.0,0.32494488699694046,0.3505049094850303,0.4114595341583437,0.2687568149371821,0.3898645895374114,0.2927690610627054,0.2930639527884515,0.2782837664329364,0.20897214895744845,0.36663531108748776,1.0,1.0,0.0,0.0,0.0,0.0,2.0,4.0
5.0,0.0,0.0,1.0,0.0,0.0,0.0,0.0,0.0,1.0,0.0,1.0,0.0,0.0,1.0,1.0,0.0,1.0,1.0,0.0,1.0,0.0,0.0,1.0,1.0,0.0,0.9021098592758765,0.7940955842396195,0.27218343494409947,0.7937425839688004,0.7285612183807054,0.9403169114778728,0.862161317781446,0.578300780655852,0.889296937786283,0.5343276759599045,1.0,1.0,0.0,0.0,0.0,0.0,2.0,4.0
5.0,0.0,0.0,1.0,0.0,0.0,0.0,0.0,0.0,1.0,0.0,1.0,0.0,0.0,1.0,1.0,0.0,1.0,1.0,0.0,1.0,0.0,0.0,1.0,1.0,0.0,0.2975178439459163,0.3518989221964082,0.38800236572914104,0.27798366286942156,0.37460596222664483,0.29701481382893874,0.270554489721185,0.2880166911941811,0.1921591972894852,0.3773225397242793,1.0,1.0,0.0,0.0,0.0,0.0,2.0,4.0
5.0,0.0,0.0,1.0,0.0,0.0,0.0,0.0,0.0,1.0,0.0,1.0,0.0,0.0,1.0,1.0,0.0,1.0,1.0,0.0,1.0,0.0,0.0,1.0,1.0,0.0,0.8874971344714928,0.824553117807234,0.4029521660177654,0.8216988234544458,0.7112655367186016,0.9076231863805984,0.8970741494565839,0.581396244422566,0.9493275221999099,0.5293457498728631,1.0,1.0,0.0,0.0,0.0,0.0,2.0,4.0
5.0,0.0,0.0,1.0,0.0,0.0,0.0,0.0,0.0,1.0,0.0,1.0,0.0,0.0,1.0,1.0,0.0,1.0,1.0,0.0,1.0,0.0,0.0,1.0,1.0,0.0,0.6716139857270447,0.5484513269693924,0.9533332082235191,0.3230503505488229,0.8041712347623615,0.4912095280571218,0.5331387692619648,0.4965084780034291,0.4264031897128253,0.5390286443712693,1.0,1.0,0.0,0.0,0.0,0.0,2.0,4.0
5.0,0.0,0.0,1.0,0.0,0.0,0.0,0.0,0.0,1.0,0.0,1.0,0.0,0.0,1.0,1.0,0.0,1.0,1.0,0.0,1.0,0.0,0.0,1.0,1.0,0.0,0.20624943198055745,0.26341473375029956,0.3814735716398848,0.1446777621833143,0.33392519842757595,0.27751977217082896,0.14749774582237835,0.24872740097073162,0.04764906749612685,0.28478738801342557,1.0,1.0,0.0,0.0,0.0,0.0,2.0,4.0
5.0,0.0,0.0,1.0,0.0,0.0,0.0,0.0,0.0,1.0,0.0,1.0,0.0,0.0,1.0,1.0,0.0,1.0,1.0,0.0,1.0,0.0,0.0,1.0,1.0,0.0,0.6222508350979549,0.5171910704645963,0.4419230152922363,0.411939202037531,0.5792095962513064,0.6455082244208866,0.6380438124458937,0.48853070643758334,0.7683509703811419,0.52973045449992,1.0,1.0,0.0,0.0,0.0,0.0,2.0,4.0
5.0,0.0,0.0,1.0,0.0,0.0,0.0,0.0,0.0,1.0,0.0,1.0,0.0,0.0,1.0,1.0,0.0,1.0,1.0,0.0,1.0,0.0,0.0,1.0,1.0,0.0,0.20624943198055745,0.26341473375029956,0.3814310192644281,0.13985658888581104,0.32589623997010475,0.2924338948093463,0.13743074436775649,0.248810762902865,0.04313883806512922,0.26426927723084215,1.0,1.0,0.0,0.0,0.0,0.0,2.0,4.0
5.0,0.0,0.0,1.0,0.0,0.0,0.0,0.0,0.0,1.0,0.0,1.0,0.0,0.0,1.0,1.0,0.0,1.0,1.0,0.0,1.0,0.0,0.0,1.0,1.0,0.0,0.32978882057949493,0.3859175786076905,0.43474630418159993,0.22488437061354494,0.3992193596265259,0.28288210107826217,0.2473112284082415,0.3056219877260156,0.17068446243535706,0.4256074171486489,1.0,1.0,0.0,0.0,0.0,0.0,2.0,4.0
5.0,0.0,0.0,1.0,0.0,0.0,0.0,0.0,0.0,1.0,0.0,1.0,0.0,0.0,1.0,1.0,0.0,1.0,1.0,0.0,1.0,0.0,0.0,1.0,1.0,0.0,0.8965135961354137,0.8361003803541236,0.4043563882439386,0.8086755919353297,0.7210311206953974,0.9367370127060414,0.8698649384117859,0.5868874002863269,0.939730285733312,0.5310680385387543,1.0,1.0,0.0,0.0,0.0,0.0,2.0,4.0
5.0,0.0,0.0,1.0,0.0,0.0,0.0,0.0,0.0,1.0,0.0,1.0,0.0,0.0,1.0,1.0,0.0,1.0,1.0,0.0,1.0,0.0,0.0,1.0,1.0,0.0,0.6152967255563762,0.49812643568612347,0.41979387883217634,0.36717169607247324,0.5872313964913041,0.6338809327353461,0.6326437439339871,0.46415758911240745,0.7749078706425495,0.49710271784314874,1.0,1.0,0.0,0.0,0.0,0.0,2.0,4.0
5.0,0.0,0.0,1.0,0.0,0.0,0.0,0.0,0.0,1.0,0.0,1.0,0.0,0.0,1.0,1.0,0.0,1.0,1.0,0.0,1.0,0.0,0.0,1.0,1.0,0.0,0.8533857132405092,0.7751273556635347,0.9634243275186318,0.5075176765690266,0.734812474554326,0.8724668785445486,0.9208390974043454,0.7923635019253056,0.9791259005812938,0.9252056451410718,1.0,1.0,0.0,0.0,0.0,0.0,2.0,4.0
5.0,0.0,0.0,1.0,0.0,0.0,0.0,0.0,0.0,1.0,0.0,1.0,0.0,0.0,1.0,1.0,0.0,1.0,1.0,0.0,1.0,0.0,0.0,1.0,1.0,0.0,0.6258790435771843,0.4802522075462006,0.5166645705003103,0.3253804142233267,0.5929694250208919,0.5951674036668929,0.6337383213639138,0.465110871895203,0.7966705170930206,0.4612011230637,1.0,1.0,0.0,0.0,0.0,0.0,2.0,4.0
5.0,0.0,0.0,1.0,0.0,0.0,0.0,0.0,0.0,1.0,0.0,1.0,0.0,0.0,1.0,1.0,0.0,1.0,1.0,0.0,1.0,0.0,0.0,1.0,1.0,0.0,0.6152967255563762,0.49812643568612347,0.41979387883217634,0.36717169607247324,0.5872313964913041,0.6338809327353461,0.6326437439339871,0.46415758911240745,0.7728477771003677,0.49710271784314874,1.0,1.0,0.0,0.0,0.0,0.0,2.0,4.0
5.0,0.0,0.0,1.0,0.0,0.0,0.0,0.0,0.0,1.0,0.0,1.0,0.0,0.0,1.0,1.0,0.0,1.0,1.0,0.0,1.0,0.0,0.0,1.0,1.0,0.0,0.8533857132405092,0.7751273556635347,0.9045956903199149,0.5075176765690266,0.7456624121968505,0.8740169745734027,0.9208390974043454,0.7923610473258015,0.9791259005812938,0.901505305876565,1.0,1.0,0.0,0.0,0.0,0.0,2.0,4.0
5.0,0.0,0.0,1.0,0.0,0.0,0.0,0.0,0.0,1.0,0.0,1.0,0.0,0.0,1.0,1.0,0.0,1.0,1.0,0.0,1.0,0.0,0.0,1.0,1.0,0.0,0.6346065804442207,0.46796169486225636,0.50992462729351,0.3475340019424067,0.6161974670182436,0.5952869313763192,0.6315327484757279,0.45714172484198967,0.7625306869622406,0.4348413128045984,1.0,1.0,0.0,0.0,0.0,0.0,2.0,4.0
5.0,0.0,0.0,1.0,0.0,0.0,0.0,0.0,0.0,1.0,0.0,1.0,0.0,0.0,1.0,1.0,0.0,1.0,1.0,0.0,1.0,0.0,0.0,1.0,1.0,0.0,0.8741527548756842,0.7666474715343665,0.9487228642587324,0.42803566176652086,0.7238434899167913,0.8184988222584398,0.9608557751126638,0.792449160936502,0.9816364674055298,0.9338989789741994,1.0,1.0,0.0,0.0,0.0,0.0,2.0,4.0
5.0,0.0,0.0,1.0,0.0,0.0,0.0,0.0,0.0,1.0,0.0,1.0,0.0,0.0,1.0,1.0,0.0,1.0,1.0,0.0,1.0,0.0,0.0,1.0,1.0,0.0,0.8897170935254899,0.8079942583119263,0.4193847114336471,0.8270546610724353,0.7098168297913752,0.8712361402244427,0.8947325314120564,0.5783502067281096,0.9447330962342527,0.5310680385387543,1.0,1.0,0.0,0.0,0.0,0.0,2.0,4.0
5.0,0.0,0.0,1.0,0.0,0.0,0.0,0.0,0.0,1.0,0.0,1.0,0.0,0.0,1.0,1.0,0.0,1.0,1.0,0.0,1.0,0.0,0.0,1.0,1.0,0.0,0.3035573283351054,0.3239336509531585,0.38700617079315836,0.2713086797175432,0.37036199698078054,0.3213666652582484,0.2945703860719445,0.2747027985145986,0.0992711863246627,0.3733587641271633,1.0,1.0,0.0,0.0,0.0,0.0,2.0,4.0
5.0,0.0,0.0,1.0,0.0,0.0,0.0,0.0,0.0,1.0,0.0,1.0,0.0,0.0,1.0,1.0,0.0,1.0,1.0,0.0,1.0,0.0,0.0,1.0,1.0,0.0,0.3035573283351054,0.3239336509531585,0.38700617079315836,0.2713086797175432,0.3704468097058933,0.3213666652582484,0.2945703860719445,0.2746200939465764,0.0992711863246627,0.3733587641271633,1.0,1.0,0.0,0.0,0.0,0.0,2.0,4.0
5.0,0.0,0.0,1.0,0.0,0.0,0.0,0.0,0.0,1.0,0.0,1.0,0.0,0.0,1.0,1.0,0.0,1.0,1.0,0.0,1.0,0.0,0.0,1.0,1.0,0.0,0.8656001577968021,0.7666400639784123,0.9068865104448955,0.4595714254599401,0.7235451521526298,0.818065013584599,0.9410217540362565,0.7597864642048939,0.980679879690927,0.928284153249161,1.0,1.0,0.0,0.0,0.0,0.0,2.0,4.0
5.0,0.0,0.0,1.0,0.0,0.0,0.0,0.0,0.0,1.0,0.0,1.0,0.0,0.0,1.0,1.0,0.0,1.0,1.0,0.0,1.0,0.0,0.0,1.0,1.0,0.0,0.8471601178524069,0.791221492399008,0.24656901772863582,0.7934493600480279,0.6908235931330339,0.9355449067332502,0.8759876990076019,0.5803658319892219,0.891522551493937,0.5300753110621641,1.0,1.0,0.0,0.0,0.0,0.0,2.0,4.0
5.0,0.0,0.0,1.0,0.0,0.0,0.0,0.0,0.0,1.0,0.0,1.0,0.0,0.0,1.0,1.0,0.0,1.0,1.0,0.0,1.0,0.0,0.0,1.0,1.0,0.0,0.8926682631520806,0.7903699361659704,0.9101949692417418,0.5218397659272056,0.7526746705546656,0.8474128891369239,0.9450982481581761,0.8017504556028024,0.979970328825429,0.9188230667762786,1.0,1.0,0.0,0.0,0.0,0.0,2.0,4.0
5.0,0.0,0.0,1.0,0.0,0.0,0.0,0.0,0.0,1.0,0.0,1.0,0.0,0.0,1.0,1.0,0.0,1.0,1.0,0.0,1.0,0.0,0.0,1.0,1.0,0.0,0.8459876781958651,0.7903699361659704,0.8929027908547904,0.5249258862195505,0.7525746179444006,0.9034924936412363,0.9116010319265869,0.791263877150005,0.9979034231409707,0.9188869981036499,1.0,1.0,0.0,0.0,0.0,0.0,2.0,4.0
5.0,0.0,0.0,1.0,0.0,0.0,0.0,0.0,0.0,1.0,0.0,1.0,0.0,0.0,1.0,1.0,0.0,1.0,1.0,0.0,1.0,0.0,0.0,1.0,1.0,0.0,0.3537372173339721,0.3601895126397453,0.3935548701195314,0.3003675334497112,0.38782149505842656,0.31746719900389203,0.3221473390943631,0.31245800560616277,0.22882443900872318,0.44967291354504885,1.0,1.0,0.0,0.0,0.0,0.0,2.0,4.0
5.0,0.0,0.0,1.0,0.0,0.0,0.0,0.0,0.0,1.0,0.0,1.0,0.0,0.0,1.0,1.0,0.0,1.0,1.0,0.0,1.0,0.0,0.0,1.0,1.0,0.0,0.30207946060586105,0.3546979277736284,0.40703081528320995,0.273394448790275,0.3895676084368361,0.3129461777696268,0.2789985504739454,0.3081486433734479,0.20310459541284365,0.4210794885589191,1.0,1.0,0.0,0.0,0.0,0.0,2.0,4.0
5.0,0.0,0.0,1.0,0.0,0.0,0.0,0.0,0.0,1.0,0.0,1.0,0.0,0.0,1.0,1.0,0.0,1.0,1.0,0.0,1.0,0.0,0.0,1.0,1.0,0.0,0.8965135961354137,0.8361003803541236,0.4054549607126582,0.8061644915138306,0.7210311206953974,0.9367370127060414,0.8698649384117859,0.5868874002863269,0.9322525601404505,0.5310680385387543,1.0,1.0,0.0,0.0,0.0,0.0,2.0,4.0
5.0,0.0,0.0,1.0,0.0,0.0,0.0,0.0,0.0,1.0,0.0,1.0,0.0,0.0,1.0,1.0,0.0,1.0,1.0,0.0,1.0,0.0,0.0,1.0,1.0,0.0,0.20063184421893562,0.26341473375029956,0.3814310192644281,0.15137645316289805,0.3249997261205448,0.29149924446234377,0.14144618403192072,0.23851636807862533,0.04265708643867262,0.2598215926187631,1.0,1.0,0.0,0.0,0.0,0.0,2.0,4.0
5.0,0.0,0.0,1.0,0.0,0.0,0.0,0.0,0.0,1.0,0.0,1.0,0.0,0.0,1.0,1.0,0.0,1.0,1.0,0.0,1.0,0.0,0.0,1.0,1.0,0.0,0.31000637699022726,0.3046009338387023,0.3267369918458955,0.277003712824745,0.32399024167323165,0.2815267901744754,0.2798882371157325,0.29270552960903623,0.17505568512865013,0.3693865078927556,1.0,1.0,0.0,0.0,0.0,0.0,2.0,4.0
5.0,0.0,0.0,1.0,0.0,0.0,0.0,0.0,0.0,1.0,0.0,1.0,0.0,0.0,1.0,1.0,0.0,1.0,1.0,0.0,1.0,0.0,0.0,1.0,1.0,0.0,0.35537993025531817,0.3601895126397453,0.39328362074643325,0.3005869767735558,0.38782149505842656,0.321312509054558,0.32423755713041275,0.31238161822452254,0.20223927273903392,0.44816535919153044,1.0,1.0,0.0,0.0,0.0,0.0,2.0,4.0
5.0,0.0,0.0,1.0,0.0,0.0,0.0,0.0,0.0,1.0,0.0,1.0,0.0,0.0,1.0,1.0,0.0,1.0,1.0,0.0,1.0,0.0,0.0,1.0,1.0,0.0,0.32695406556089485,0.3600281554832467,0.3886990231023929,0.27410134361550625,0.39362435051900074,0.32550712646603464,0.2953570020246172,0.32906057049059756,0.19736182085133236,0.4637606709387431,1.0,1.0,0.0,0.0,0.0,0.0,2.0,4.0
5.0,0.0,0.0,1.0,0.0,0.0,0.0,0.0,0.0,1.0,0.0,1.0,0.0,0.0,1.0,1.0,0.0,1.0,1.0,0.0,1.0,0.0,0.0,1.0,1.0,0.0,0.8897170935254899,0.8079942583119263,0.4193847114336471,0.8270546610724353,0.7098168297913752,0.8712361402244427,0.8947325314120564,0.5783502067281096,0.9525765320618016,0.5310680385387543,1.0,1.0,0.0,0.0,0.0,0.0,2.0,4.0
5.0,0.0,0.0,1.0,0.0,0.0,0.0,0.0,0.0,1.0,0.0,1.0,0.0,0.0,1.0,1.0,0.0,1.0,1.0,0.0,1.0,0.0,0.0,1.0,1.0,0.0,0.8923740159266048,0.7828699074844164,0.9635411643751447,0.4971656176466789,0.7431833394125525,0.7861679385827955,0.9434695750023566,0.7888870490482075,0.9405328608190807,0.9446086696969859,1.0,1.0,0.0,0.0,0.0,0.0,2.0,4.0
5.0,0.0,0.0,1.0,0.0,0.0,0.0,0.0,0.0,1.0,0.0,1.0,0.0,0.0,1.0,1.0,0.0,1.0,1.0,0.0,1.0,0.0,0.0,1.0,1.0,0.0,0.32494488699694046,0.3504715778325362,0.4114595341583437,0.2687851657845915,0.3898645895374114,0.29277942275477786,0.2930639527884515,0.2781971703637929,0.20897214895744845,0.36663531108748776,1.0,1.0,0.0,0.0,0.0,0.0,2.0,4.0
5.0,0.0,0.0,1.0,0.0,0.0,0.0,0.0,0.0,1.0,0.0,1.0,0.0,0.0,1.0,1.0,0.0,1.0,1.0,0.0,1.0,0.0,0.0,1.0,1.0,0.0,0.2823310516091264,0.23133331561120096,0.3950140816610765,0.27098265950650924,0.3570965235681579,0.23984918885270165,0.27693411532716444,0.24834890397838805,0.22503419249826184,0.15347703426406217,1.0,1.0,0.0,0.0,0.0,0.0,2.0,4.0
5.0,0.0,0.0,1.0,0.0,0.0,0.0,0.0,0.0,1.0,0.0,1.0,0.0,0.0,1.0,1.0,0.0,1.0,1.0,0.0,1.0,0.0,0.0,1.0,1.0,0.0,0.8459876781958651,0.7903699361659704,0.9161498592839523,0.5320976788268145,0.7602477206851993,0.9034924936412363,0.9048687446684274,0.7886604881137692,0.9979034231409707,0.9188869981036499,1.0,1.0,0.0,0.0,0.0,0.0,2.0,4.0
5.0,0.0,0.0,1.0,0.0,0.0,0.0,0.0,0.0,1.0,0.0,1.0,0.0,0.0,1.0,1.0,0.0,1.0,1.0,0.0,1.0,0.0,0.0,1.0,1.0,0.0,0.8810231680570716,0.7663219094134868,0.9590154087179306,0.4971656176466789,0.7343930837502495,0.7916059945978279,0.9517034573055926,0.7847192742714046,0.9660311792383341,0.9433328457378585,1.0,1.0,0.0,0.0,0.0,0.0,2.0,4.0
5.0,0.0,0.0,1.0,0.0,0.0,0.0,0.0,0.0,1.0,0.0,1.0,0.0,0.0,1.0,1.0,0.0,1.0,1.0,0.0,1.0,0.0,0.0,1.0,1.0,0.0,0.3408138636401147,0.3871604050311378,0.39744324657957575,0.2160082944278337,0.3866978786867903,0.27770438676184955,0.2671317741483113,0.345905404130979,0.25508744645774667,0.4856521661798371,1.0,1.0,0.0,0.0,0.0,0.0,2.0,4.0
5.0,0.0,0.0,1.0,0.0,0.0,0.0,0.0,0.0,1.0,0.0,1.0,0.0,0.0,1.0,1.0,0.0,1.0,1.0,0.0,1.0,0.0,0.0,1.0,1.0,0.0,0.8471601178524069,0.7902473894674926,0.26935448686650465,0.7923374778061335,0.690305252997655,0.928224891824511,0.8759876990076019,0.581396244422566,0.8989788430813096,0.5315892524162236,1.0,1.0,0.0,0.0,0.0,0.0,2.0,4.0
5.0,0.0,0.0,1.0,0.0,0.0,0.0,0.0,0.0,1.0,0.0,1.0,0.0,0.0,1.0,1.0,0.0,1.0,1.0,0.0,1.0,0.0,0.0,1.0,1.0,0.0,0.35375278678630107,0.3637654900155936,0.3935548701195314,0.30058363285671436,0.38782149505842656,0.31742197845129794,0.3218254406325833,0.31245800560616277,0.257605488821492,0.44967291354504885,1.0,1.0,0.0,0.0,0.0,0.0,2.0,4.0
5.0,0.0,0.0,1.0,0.0,0.0,0.0,0.0,0.0,1.0,0.0,1.0,0.0,0.0,1.0,1.0,0.0,1.0,1.0,0.0,1.0,0.0,0.0,1.0,1.0,0.0,0.3046791911478088,0.3239336509531585,0.38029952058637806,0.2711762724839499,0.3704713200523191,0.31942505286259826,0.2945703860719445,0.27468926534466304,0.0992711863246627,0.3733587641271633,1.0,1.0,0.0,0.0,0.0,0.0,2.0,4.0
5.0,0.0,0.0,1.0,0.0,0.0,0.0,0.0,0.0,1.0,0.0,1.0,0.0,0.0,1.0,1.0,0.0,1.0,1.0,0.0,1.0,0.0,0.0,1.0,1.0,0.0,0.2711424769091503,0.3548407341615028,0.36361463380387965,0.27181773016769056,0.33023267890763053,0.2969775580640222,0.24359365822869652,0.23299391121121507,0.07089219827544485,0.290081460511821,1.0,1.0,0.0,0.0,0.0,0.0,2.0,4.0
5.0,0.0,0.0,1.0,0.0,0.0,0.0,0.0,0.0,1.0,0.0,1.0,0.0,0.0,1.0,1.0,0.0,1.0,1.0,0.0,1.0,0.0,0.0,1.0,1.0,0.0,0.1976666094456308,0.259118231860788,0.3855404440572633,0.15411611736945374,0.3222551654944985,0.2925395577899282,0.14575586825212025,0.24335690418134232,0.046035289467610346,0.2682158890123931,1.0,1.0,0.0,0.0,0.0,0.0,2.0,4.0
5.0,0.0,0.0,1.0,0.0,0.0,0.0,0.0,0.0,1.0,0.0,1.0,0.0,0.0,1.0,1.0,0.0,1.0,1.0,0.0,1.0,0.0,0.0,1.0,1.0,0.0,0.20624943198055745,0.2695059929175062,0.3814735716398848,0.1405510595555713,0.33392519842757595,0.27751977217082896,0.14824679379593475,0.2459553362660358,0.04742485359585976,0.28478738801342557,1.0,1.0,0.0,0.0,0.0,0.0,2.0,4.0
5.0,0.0,0.0,1.0,0.0,0.0,0.0,0.0,0.0,1.0,0.0,1.0,0.0,0.0,1.0,1.0,0.0,1.0,1.0,0.0,1.0,0.0,0.0,1.0,1.0,0.0,0.2860145152783437,0.3239379848813834,0.380297672947109,0.26740328408596475,0.36630157907176664,0.2971305256306413,0.277096143351631,0.26350085922718547,0.1670728484605793,0.37055245662486086,1.0,1.0,0.0,0.0,0.0,0.0,2.0,4.0
5.0,0.0,0.0,1.0,0.0,0.0,0.0,0.0,0.0,1.0,0.0,1.0,0.0,0.0,1.0,1.0,0.0,1.0,1.0,0.0,1.0,0.0,0.0,1.0,1.0,0.0,0.32627467359653956,0.2928107371807584,0.3577836891486086,0.2751997379165653,0.3541103263182805,0.29628554762846376,0.2950260438385582,0.29795180745426486,0.20390650818834052,0.4023938321694908,1.0,1.0,0.0,0.0,0.0,0.0,2.0,4.0
5.0,0.0,0.0,1.0,0.0,0.0,0.0,0.0,0.0,1.0,0.0,1.0,0.0,0.0,1.0,1.0,0.0,1.0,1.0,0.0,1.0,0.0,0.0,1.0,1.0,0.0,0.2847815345993795,0.32700614267935885,0.3858535214380697,0.27704149363921016,0.3692485430068492,0.30902262154298493,0.2697461970894281,0.309519185108731,0.19335766666378493,0.4019116473777912,1.0,1.0,0.0,0.0,0.0,0.0,2.0,4.0
5.0,0.0,0.0,1.0,0.0,0.0,0.0,0.0,0.0,1.0,0.0,1.0,0.0,0.0,1.0,1.0,0.0,1.0,1.0,0.0,1.0,0.0,0.0,1.0,1.0,0.0,0.8916582436158751,0.8113281299396552,0.23096126211871415,0.7775051562957814,0.709846321775111,0.9367591969616389,0.8917336279332245,0.5775493378183896,0.9195274509851696,0.5310680385387543,1.0,1.0,0.0,0.0,0.0,0.0,2.0,4.0
5.0,0.0,0.0,1.0,0.0,0.0,0.0,0.0,0.0,1.0,0.0,1.0,0.0,0.0,1.0,1.0,0.0,1.0,1.0,0.0,1.0,0.0,0.0,1.0,1.0,0.0,0.49133915186530447,0.8009877067982001,0.8179862682455168,0.7104416395994618,0.4867521675653601,0.660043578907443,0.5212619323290688,0.8985554037452994,0.32671206297178784,0.9375931144766202,1.0,1.0,0.0,0.0,0.0,0.0,2.0,4.0
5.0,0.0,0.0,1.0,0.0,0.0,0.0,0.0,0.0,1.0,0.0,1.0,0.0,0.0,1.0,1.0,0.0,1.0,1.0,0.0,1.0,0.0,0.0,1.0,1.0,0.0,0.3035573283351054,0.3239336509531585,0.382227524061412,0.2722896662400718,0.36896077477963224,0.31702833480337084,0.2945703860719445,0.2761521354598919,0.0992711863246627,0.3733587641271633,1.0,1.0,0.0,0.0,0.0,0.0,2.0,4.0
5.0,0.0,0.0,1.0,0.0,0.0,0.0,0.0,0.0,1.0,0.0,1.0,0.0,0.0,1.0,1.0,0.0,1.0,1.0,0.0,1.0,0.0,0.0,1.0,1.0,0.0,0.8925527328600744,0.803082472991773,0.39405014428658236,0.7843749735227443,0.7204748789545992,0.9162538958045336,0.9050854026370899,0.57874789709174,0.9348558063065249,0.5320513576665031,1.0,1.0,0.0,0.0,0.0,0.0,2.0,4.0
5.0,0.0,0.0,1.0,0.0,0.0,0.0,0.0,0.0,1.0,0.0,1.0,0.0,0.0,1.0,1.0,0.0,1.0,1.0,0.0,1.0,0.0,0.0,1.0,1.0,0.0,0.288869440694452,0.35209803936378037,0.39555024076318224,0.2676461802286536,0.374922233182574,0.29965083537255377,0.2620949269312765,0.2935815417044179,0.18887853882232303,0.4074879850303847,1.0,1.0,0.0,0.0,0.0,0.0,2.0,4.0
5.0,0.0,0.0,1.0,0.0,0.0,0.0,0.0,0.0,1.0,0.0,1.0,0.0,0.0,1.0,1.0,0.0,1.0,1.0,0.0,1.0,0.0,0.0,1.0,1.0,0.0,0.8923740159266048,0.7754755310745417,0.9738226567095045,0.5047681889762337,0.7461261843232267,0.7963062402198349,0.9495256432974789,0.7860937000000705,0.9616027504702236,0.9433773478806577,1.0,1.0,0.0,0.0,0.0,0.0,2.0,4.0
5.0,0.0,0.0,1.0,0.0,0.0,0.0,0.0,0.0,1.0,0.0,1.0,0.0,0.0,1.0,1.0,0.0,1.0,1.0,0.0,1.0,0.0,0.0,1.0,1.0,0.0,0.4868338554656871,0.7989661466463737,0.8092886269463629,0.7104416395994618,0.4867521675653601,0.658175024773544,0.5211492768817828,0.8985554037452994,0.32671206297178784,0.9386545477045147,1.0,1.0,0.0,0.0,0.0,0.0,2.0,4.0
5.0,0.0,0.0,1.0,0.0,0.0,0.0,0.0,0.0,1.0,0.0,1.0,0.0,0.0,1.0,1.0,0.0,1.0,1.0,0.0,1.0,0.0,0.0,1.0,1.0,0.0,0.20710472074026923,0.26341473375029956,0.40606184584449334,0.14472579139065295,0.3290329784451586,0.29445004245915907,0.13143186790659417,0.249126154147075,0.04279329692688111,0.2583868569723996,1.0,1.0,0.0,0.0,0.0,0.0,2.0,4.0
5.0,0.0,0.0,1.0,0.0,0.0,0.0,0.0,0.0,1.0,0.0,1.0,0.0,0.0,1.0,1.0,0.0,1.0,1.0,0.0,1.0,0.0,0.0,1.0,1.0,0.0,0.32695406556089485,0.3600281554832467,0.4000876802422646,0.2845586667607889,0.39362435051900074,0.32550712646603464,0.2966150536651161,0.32906057049059756,0.1888648209969966,0.47084257645417277,1.0,1.0,0.0,0.0,0.0,0.0,2.0,4.0
5.0,0.0,0.0,1.0,0.0,0.0,0.0,0.0,0.0,1.0,0.0,1.0,0.0,0.0,1.0,1.0,0.0,1.0,1.0,0.0,1.0,0.0,0.0,1.0,1.0,0.0,0.3425321458740525,0.3363040797871214,0.3916076299300098,0.29996462538899304,0.38951875729999713,0.31455915916377497,0.3343317935585973,0.33099828041414403,0.30518516547162733,0.424617768451588,1.0,1.0,0.0,0.0,0.0,0.0,2.0,4.0
5.0,0.0,0.0,1.0,0.0,0.0,0.0,0.0,0.0,1.0,0.0,1.0,0.0,0.0,1.0,1.0,0.0,1.0,1.0,0.0,1.0,0.0,0.0,1.0,1.0,0.0,0.34026716987542305,0.3871604050311378,0.39743516837826864,0.2160082944278337,0.3866887366132781,0.2785720311551204,0.2669530192602381,0.344928338238097,0.25610829868130064,0.4856521661798371,1.0,1.0,0.0,0.0,0.0,0.0,2.0,4.0
5.0,0.0,0.0,1.0,0.0,0.0,0.0,0.0,0.0,1.0,0.0,1.0,0.0,0.0,1.0,1.0,0.0,1.0,1.0,0.0,1.0,0.0,0.0,1.0,1.0,0.0,0.8569324273736892,0.7984974092271183,0.8916100618008516,0.49279411458210187,0.733607924057952,0.8815570937801382,0.923428380016168,0.805444117700836,0.9837963221413435,0.946886812705302,1.0,1.0,0.0,0.0,0.0,0.0,2.0,4.0
5.0,0.0,0.0,1.0,0.0,0.0,0.0,0.0,0.0,1.0,0.0,1.0,0.0,0.0,1.0,1.0,0.0,1.0,1.0,0.0,1.0,0.0,0.0,1.0,1.0,0.0,0.8923740159266048,0.7754755310745417,0.9738226567095045,0.5047681889762337,0.7461261843232267,0.7963062402198349,0.9495256432974789,0.7860937000000705,0.9551961743925036,0.9433773478806577,1.0,1.0,0.0,0.0,0.0,0.0,2.0,4.0
5.0,0.0,0.0,1.0,0.0,0.0,0.0,0.0,0.0,1.0,0.0,1.0,0.0,0.0,1.0,1.0,0.0,1.0,1.0,0.0,1.0,0.0,0.0,1.0,1.0,0.0,0.28350619925117493,0.3637233560639129,0.358769696581571,0.2769884970446202,0.33219487222837263,0.29624367625423353,0.24726632927321457,0.24390536631119056,0.11049523840487602,0.30148581838163374,1.0,1.0,0.0,0.0,0.0,0.0,2.0,4.0
5.0,0.0,0.0,1.0,0.0,0.0,0.0,0.0,0.0,1.0,0.0,1.0,0.0,0.0,1.0,1.0,0.0,1.0,1.0,0.0,1.0,0.0,0.0,1.0,1.0,0.0,0.3054700271451786,0.35121868009884594,0.41907459207114184,0.26702264428050354,0.39181921029565386,0.29900455501031975,0.2804932206249254,0.29449430259351295,0.2125575203575399,0.4002697417985356,1.0,1.0,0.0,0.0,0.0,0.0,2.0,4.0
5.0,0.0,0.0,1.0,0.0,0.0,0.0,0.0,0.0,1.0,0.0,1.0,0.0,0.0,1.0,1.0,0.0,1.0,1.0,0.0,1.0,0.0,0.0,1.0,1.0,0.0,0.336647190952783,0.3230196993747944,0.37261895741400614,0.2921270944373263,0.37655010652148785,0.31476391473820886,0.31257334064776243,0.29797775326901443,0.19794088510640706,0.3823717806776881,1.0,1.0,0.0,0.0,0.0,0.0,2.0,4.0
5.0,0.0,0.0,1.0,0.0,0.0,0.0,0.0,0.0,1.0,0.0,1.0,0.0,0.0,1.0,1.0,0.0,1.0,1.0,0.0,1.0,0.0,0.0,1.0,1.0,0.0,0.6224172419298056,0.48280833566117237,0.44093414677573817,0.3279294294343198,0.6172358066184109,0.6306353491910245,0.6329998918416957,0.4730473701763863,0.7426528852386558,0.430398974949309,1.0,1.0,0.0,0.0,0.0,0.0,2.0,4.0
5.0,0.0,0.0,1.0,0.0,0.0,0.0,0.0,0.0,1.0,0.0,1.0,0.0,0.0,1.0,1.0,0.0,1.0,1.0,0.0,1.0,0.0,0.0,1.0,1.0,0.0,0.38506687040803983,0.345673867007989,0.38053306813244986,0.2990776221581732,0.387679472503706,0.3034309918100189,0.32142061278868445,0.3402919396489106,0.27529591312752083,0.37245579556656244,1.0,1.0,0.0,0.0,0.0,0.0,2.0,4.0
5.0,0.0,0.0,1.0,0.0,0.0,0.0,0.0,0.0,1.0,0.0,1.0,0.0,0.0,1.0,1.0,0.0,1.0,1.0,0.0,1.0,0.0,0.0,1.0,1.0,0.0,0.353545111816586,0.33530056483543474,0.39256070984507646,0.29041683817180775,0.38725716887814354,0.3102504634822645,0.3351233884171617,0.2957932360410511,0.20407849369225536,0.39153956262566725,1.0,1.0,0.0,0.0,0.0,0.0,2.0,4.0
5.0,0.0,0.0,1.0,0.0,0.0,0.0,0.0,0.0,1.0,0.0,1.0,0.0,0.0,1.0,1.0,0.0,1.0,1.0,0.0,1.0,0.0,0.0,1.0,1.0,0.0,0.8741527548756842,0.7666474715343665,0.9487228642587324,0.4112435918669163,0.7238434899167913,0.8201962396421691,0.9608557751126638,0.792449160936502,0.9816364674055298,0.9338989789741994,1.0,1.0,0.0,0.0,0.0,0.0,2.0,4.0
5.0,0.0,0.0,1.0,0.0,0.0,0.0,0.0,0.0,1.0,0.0,1.0,0.0,0.0,1.0,1.0,0.0,1.0,1.0,0.0,1.0,0.0,0.0,1.0,1.0,0.0,0.34210434795140343,0.3372069399801429,0.4000958279119403,0.3055256109667285,0.3911093376331536,0.3186941617821,0.32635597093703506,0.3338440949719182,0.2631656370934148,0.36640770603915546,1.0,1.0,0.0,0.0,0.0,0.0,2.0,4.0
5.0,0.0,0.0,1.0,0.0,0.0,0.0,0.0,0.0,1.0,0.0,1.0,0.0,0.0,1.0,1.0,0.0,1.0,1.0,0.0,1.0,0.0,0.0,1.0,1.0,0.0,0.26652632287083344,0.3059071077014609,0.37937299116151685,0.2678555420155767,0.35462458034333544,0.29511042190223563,0.26238841074074587,0.2616536058401282,0.16542524228422775,0.345809238475073,1.0,1.0,0.0,0.0,0.0,0.0,2.0,4.0
5.0,0.0,0.0,1.0,0.0,0.0,0.0,0.0,0.0,1.0,0.0,1.0,0.0,0.0,1.0,1.0,0.0,1.0,1.0,0.0,1.0,0.0,0.0,1.0,1.0,0.0,0.35375278678630107,0.3637654900155936,0.3935548701195314,0.3005835959067233,0.38782149505842656,0.31742197845129794,0.3218254406325833,0.3127959828232482,0.257605488821492,0.4434875171940196,1.0,1.0,0.0,0.0,0.0,0.0,2.0,4.0
5.0,0.0,0.0,1.0,0.0,0.0,0.0,0.0,0.0,1.0,0.0,1.0,0.0,0.0,1.0,1.0,0.0,1.0,1.0,0.0,1.0,0.0,0.0,1.0,1.0,0.0,0.8696074345808865,0.7666427447556161,0.932851894428543,0.46577182319997823,0.7238215917362145,0.818065013584599,0.9410217540362565,0.7669951986084139,0.9799065148096315,0.9383388033934738,1.0,1.0,0.0,0.0,0.0,0.0,2.0,4.0
5.0,0.0,0.0,1.0,0.0,0.0,0.0,0.0,0.0,1.0,0.0,1.0,0.0,0.0,1.0,1.0,0.0,1.0,1.0,0.0,1.0,0.0,0.0,1.0,1.0,0.0,0.3468774373461273,0.3639617725229579,0.3604518443398015,0.29934555347801584,0.38068879642139697,0.31803175486488056,0.3399472011959197,0.37120617852520865,0.3206702386658612,0.43242918599372004,1.0,1.0,0.0,0.0,0.0,0.0,2.0,4.0
5.0,0.0,0.0,1.0,0.0,0.0,0.0,0.0,0.0,1.0,0.0,1.0,0.0,0.0,1.0,1.0,0.0,1.0,1.0,0.0,1.0,0.0,0.0,1.0,1.0,0.0,0.2038939114551226,0.26547835151804616,0.3814906792426963,0.14091025586202097,0.3253021829400995,0.2964468479748253,0.14264422888233536,0.24968595547844794,0.039987751162103055,0.2744169975844983,1.0,1.0,0.0,0.0,0.0,0.0,2.0,4.0
5.0,0.0,0.0,1.0,0.0,0.0,0.0,0.0,0.0,1.0,0.0,1.0,0.0,0.0,1.0,1.0,0.0,1.0,1.0,0.0,1.0,0.0,0.0,1.0,1.0,0.0,0.26652632287083344,0.3043022421311139,0.37937299116151685,0.26769281900822445,0.35462458034333544,0.2951140183474884,0.26238841074074587,0.2616536058401282,0.16540808170948754,0.3442697965057563,1.0,1.0,0.0,0.0,0.0,0.0,2.0,4.0
5.0,0.0,0.0,1.0,0.0,0.0,0.0,0.0,0.0,1.0,0.0,1.0,0.0,0.0,1.0,1.0,0.0,1.0,1.0,0.0,1.0,0.0,0.0,1.0,1.0,0.0,0.8471903058474257,0.7866268990403852,0.927792838003796,0.5678915886251344,0.7351904496276047,0.875715848997341,0.8937897245404824,0.80228010121317,0.9611217986875163,0.9181554909701746,1.0,1.0,0.0,0.0,0.0,0.0,2.0,4.0
5.0,0.0,0.0,1.0,0.0,0.0,0.0,0.0,0.0,1.0,0.0,1.0,0.0,0.0,1.0,1.0,0.0,1.0,1.0,0.0,1.0,0.0,0.0,1.0,1.0,0.0,0.3076440342541026,0.31728619674406205,0.4020415184103713,0.27113468434420357,0.38797741276829606,0.2932025462798558,0.29746250716358236,0.2647454030193169,0.18356874207151425,0.38058698506396954,1.0,1.0,0.0,0.0,0.0,0.0,2.0,4.0
5.0,0.0,0.0,1.0,0.0,0.0,0.0,0.0,0.0,1.0,0.0,1.0,0.0,0.0,1.0,1.0,0.0,1.0,1.0,0.0,1.0,0.0,0.0,1.0,1.0,0.0,0.30654990434190016,0.30524047237917773,0.3267369918458955,0.2660385041128018,0.32399024167323165,0.27369137675450594,0.2866596875545649,0.2825208492130249,0.2646433305010342,0.3693865078927556,1.0,1.0,0.0,0.0,0.0,0.0,2.0,4.0
5.0,0.0,0.0,1.0,0.0,0.0,0.0,0.0,0.0,1.0,0.0,1.0,0.0,0.0,1.0,1.0,0.0,1.0,1.0,0.0,1.0,0.0,0.0,1.0,1.0,0.0,0.3076440342541026,0.31762494315764517,0.4153084226467254,0.2660758263579184,0.3862185180694998,0.29252952855881514,0.29620792003770924,0.2653356127741548,0.19177141656193522,0.37776771782310914,1.0,1.0,0.0,0.0,0.0,0.0,2.0,4.0
5.0,0.0,0.0,1.0,0.0,0.0,0.0,0.0,0.0,1.0,0.0,1.0,0.0,0.0,1.0,1.0,0.0,1.0,1.0,0.0,1.0,0.0,0.0,1.0,1.0,0.0,0.3350645786585221,0.3344545083591796,0.3927436401294667,0.29952351257623433,0.3861980207628498,0.31256822935712214,0.3240957084989218,0.2924937261924793,0.2030130656573017,0.3911741463311151,1.0,1.0,0.0,0.0,0.0,0.0,2.0,4.0
5.0,0.0,0.0,1.0,0.0,0.0,0.0,0.0,0.0,1.0,0.0,1.0,0.0,0.0,1.0,1.0,0.0,1.0,1.0,0.0,1.0,0.0,0.0,1.0,1.0,0.0,0.29057419685233143,0.34781602763871816,0.43923509162033386,0.287115405749262,0.3939960810046823,0.3090221113827296,0.2737466353908206,0.29902182253461634,0.2038549432707307,0.3896177572452718,1.0,1.0,0.0,0.0,0.0,0.0,2.0,4.0
5.0,0.0,0.0,1.0,0.0,0.0,0.0,0.0,0.0,1.0,0.0,1.0,0.0,0.0,1.0,1.0,0.0,1.0,1.0,0.0,1.0,0.0,0.0,1.0,1.0,0.0,0.30654990434190016,0.3029369395678356,0.33743716924675604,0.2664005980635011,0.33466464022500636,0.27369137675450594,0.2866596875545649,0.2825208492130249,0.27356184740512896,0.3693865078927556,1.0,1.0,0.0,0.0,0.0,0.0,2.0,4.0
5.0,0.0,0.0,1.0,0.0,0.0,0.0,0.0,0.0,1.0,0.0,1.0,0.0,0.0,1.0,1.0,0.0,1.0,1.0,0.0,1.0,0.0,0.0,1.0,1.0,0.0,0.2071515620733186,0.2636578546451974,0.4222794203245932,0.14472579139065295,0.33140687442659106,0.2955836269284201,0.14253716085226353,0.24838257883038342,0.0472449299952324,0.26736576047520694,1.0,1.0,0.0,0.0,0.0,0.0,2.0,4.0
5.0,0.0,0.0,1.0,0.0,0.0,0.0,0.0,0.0,1.0,0.0,1.0,0.0,0.0,1.0,1.0,0.0,1.0,1.0,0.0,1.0,0.0,0.0,1.0,1.0,0.0,0.35518727153921054,0.36506905977063897,0.39461869057144927,0.30120350614207325,0.39139814778183823,0.318137501787864,0.32163482691799783,0.3083448329048084,0.20613353807684764,0.4365986959886207,1.0,1.0,0.0,0.0,0.0,0.0,2.0,4.0
5.0,0.0,0.0,1.0,0.0,0.0,0.0,0.0,0.0,1.0,0.0,1.0,0.0,0.0,1.0,1.0,0.0,1.0,1.0,0.0,1.0,0.0,0.0,1.0,1.0,0.0,0.8750672229803553,0.7647295798791451,0.9086488938914354,0.45472943247459696,0.7424533885094091,0.8232052215405011,0.9445541088158304,0.7639415264284998,0.9894499233719382,0.9249244744970935,1.0,1.0,0.0,0.0,0.0,0.0,2.0,4.0
5.0,0.0,0.0,1.0,0.0,0.0,0.0,0.0,0.0,1.0,0.0,1.0,0.0,0.0,1.0,1.0,0.0,1.0,1.0,0.0,1.0,0.0,0.0,1.0,1.0,0.0,0.20624943198055745,0.26341473375029956,0.3814310192644281,0.14472579139065295,0.3253024999563901,0.295486982911503,0.13743074436775649,0.24938698002699547,0.04313883806512922,0.26241940011606957,1.0,1.0,0.0,0.0,0.0,0.0,2.0,4.0
5.0,0.0,0.0,1.0,0.0,0.0,0.0,0.0,0.0,1.0,0.0,1.0,0.0,0.0,1.0,1.0,0.0,1.0,1.0,0.0,1.0,0.0,0.0,1.0,1.0,0.0,0.35375278678630107,0.35474027895702726,0.39266918387410504,0.2965578076894199,0.38782149505842656,0.31742197845129794,0.32545760738164486,0.33439197646287977,0.26158013167773997,0.44967291354504885,1.0,1.0,0.0,0.0,0.0,0.0,2.0,4.0
5.0,0.0,0.0,1.0,0.0,0.0,0.0,0.0,0.0,1.0,0.0,1.0,0.0,0.0,1.0,1.0,0.0,1.0,1.0,0.0,1.0,0.0,0.0,1.0,1.0,0.0,0.6671952656539671,0.5290762274907164,0.9316713797682794,0.3257053529512755,0.7814362249869058,0.4634021661817721,0.5097275137087511,0.5077913876949842,0.4178380745354624,0.5270760040928435,1.0,1.0,0.0,0.0,0.0,0.0,2.0,4.0
5.0,0.0,0.0,1.0,0.0,0.0,0.0,0.0,0.0,1.0,0.0,1.0,0.0,0.0,1.0,1.0,0.0,1.0,1.0,0.0,1.0,0.0,0.0,1.0,1.0,0.0,0.3468774373461273,0.3639617725229579,0.3604518443398015,0.29934555347801584,0.38068879642139697,0.31803175486488056,0.3399635573964199,0.3712728506648233,0.3206702386658612,0.43220306788324453,1.0,1.0,0.0,0.0,0.0,0.0,2.0,4.0
5.0,0.0,0.0,1.0,0.0,0.0,0.0,0.0,0.0,1.0,0.0,1.0,0.0,0.0,1.0,1.0,0.0,1.0,1.0,0.0,1.0,0.0,0.0,1.0,1.0,0.0,0.28643754383953235,0.23216982079633805,0.37857642655163615,0.255094890210844,0.3570965235681579,0.23984918885270165,0.27491445014310645,0.2476549150507087,0.19817326985330438,0.15131859959564078,1.0,1.0,0.0,0.0,0.0,0.0,2.0,4.0
5.0,0.0,0.0,1.0,0.0,0.0,0.0,0.0,0.0,1.0,0.0,1.0,0.0,0.0,1.0,1.0,0.0,1.0,1.0,0.0,1.0,0.0,0.0,1.0,1.0,0.0,0.3425321458740525,0.33627431946686137,0.3916076299300098,0.2903841089737731,0.38953571897124867,0.3145981666824077,0.3343317935585973,0.33099828041414403,0.30518516547162733,0.424617768451588,1.0,1.0,0.0,0.0,0.0,0.0,2.0,4.0
5.0,0.0,0.0,1.0,0.0,0.0,0.0,0.0,0.0,1.0,0.0,1.0,0.0,0.0,1.0,1.0,0.0,1.0,1.0,0.0,1.0,0.0,0.0,1.0,1.0,0.0,0.28400178301915546,0.29618596744524645,0.4627169956023835,0.2657848671995001,0.4040854193239187,0.29639813741412857,0.269861893352632,0.24791963179437554,0.16751408207242452,0.3047621837731463,1.0,1.0,0.0,0.0,0.0,0.0,2.0,4.0
5.0,0.0,0.0,1.0,0.0,0.0,0.0,0.0,0.0,1.0,0.0,1.0,0.0,0.0,1.0,1.0,0.0,1.0,1.0,0.0,1.0,0.0,0.0,1.0,1.0,0.0,0.3500748149093924,0.3267906314786939,0.39266066839923175,0.26760371098163654,0.38782149505842656,0.2937400068711733,0.3220627545295558,0.31762650162705935,0.26585716550031163,0.4734343471669946,1.0,1.0,0.0,0.0,0.0,0.0,2.0,4.0
5.0,0.0,0.0,1.0,0.0,0.0,0.0,0.0,0.0,1.0,0.0,1.0,0.0,0.0,1.0,1.0,0.0,1.0,1.0,0.0,1.0,0.0,0.0,1.0,1.0,0.0,0.3521934543742296,0.3517608238906759,0.40241701532642854,0.29799815551726033,0.3938444045891551,0.31571982801552123,0.32818525528563103,0.3268663142458199,0.25815970686871037,0.43000461944643376,1.0,1.0,0.0,0.0,0.0,0.0,2.0,4.0
5.0,0.0,0.0,1.0,0.0,0.0,0.0,0.0,0.0,1.0,0.0,1.0,0.0,0.0,1.0,1.0,0.0,1.0,1.0,0.0,1.0,0.0,0.0,1.0,1.0,0.0,0.35378023428429506,0.3637654900155936,0.3935548701195314,0.3005835959067233,0.38782732578180207,0.3181191932028849,0.3218254406325833,0.3127959828232482,0.257605488821492,0.4434875171940196,1.0,1.0,0.0,0.0,0.0,0.0,2.0,4.0
5.0,0.0,0.0,1.0,0.0,0.0,0.0,0.0,0.0,1.0,0.0,1.0,0.0,0.0,1.0,1.0,0.0,1.0,1.0,0.0,1.0,0.0,0.0,1.0,1.0,0.0,0.8632677683253457,0.763584218658434,0.8854607507295206,0.44616392749949274,0.7203941821310681,0.8030547869702271,0.9444631195928268,0.7722165056935829,0.980005323713377,0.9346502658344966,1.0,1.0,0.0,0.0,0.0,0.0,2.0,4.0
5.0,0.0,0.0,1.0,0.0,0.0,0.0,0.0,0.0,1.0,0.0,1.0,0.0,0.0,1.0,1.0,0.0,1.0,1.0,0.0,1.0,0.0,0.0,1.0,1.0,0.0,0.30127916095870405,0.3644157902111924,0.41170532204648663,0.26452373069804663,0.3730372233802352,0.29310124706406715,0.263717045034192,0.2519605672696596,0.13778553078322575,0.35839982714455815,1.0,1.0,0.0,0.0,0.0,0.0,2.0,4.0
5.0,0.0,0.0,1.0,0.0,0.0,0.0,0.0,0.0,1.0,0.0,1.0,0.0,0.0,1.0,1.0,0.0,1.0,1.0,0.0,1.0,0.0,0.0,1.0,1.0,0.0,0.29119375902979244,0.35015306501275945,0.4182119078792243,0.27872021876420877,0.39356600629644256,0.3102671674393135,0.27402709058376457,0.3004821593635415,0.20170038158992726,0.4040715881049829,1.0,1.0,0.0,0.0,0.0,0.0,2.0,4.0
5.0,0.0,0.0,1.0,0.0,0.0,0.0,0.0,0.0,1.0,0.0,1.0,0.0,0.0,1.0,1.0,0.0,1.0,1.0,0.0,1.0,0.0,0.0,1.0,1.0,0.0,0.3181782966562008,0.3523264613423552,0.40126957420669,0.27151792298382843,0.39051035506561904,0.29667398595247685,0.2904760291991876,0.302920046381796,0.232571853473547,0.4026682301380557,1.0,1.0,0.0,0.0,0.0,0.0,2.0,4.0
5.0,0.0,0.0,1.0,0.0,0.0,0.0,0.0,0.0,1.0,0.0,1.0,0.0,0.0,1.0,1.0,0.0,1.0,1.0,0.0,1.0,0.0,0.0,1.0,1.0,0.0,0.32494488699694046,0.3504715778325362,0.4114595341583437,0.2687851657845915,0.3898645895374114,0.29277942275477786,0.2930639527884515,0.2781971703637929,0.20897214895744845,0.3743226441243251,1.0,1.0,0.0,0.0,0.0,0.0,2.0,4.0
5.0,0.0,0.0,1.0,0.0,0.0,0.0,0.0,0.0,1.0,0.0,1.0,0.0,0.0,1.0,1.0,0.0,1.0,1.0,0.0,1.0,0.0,0.0,1.0,1.0,0.0,0.3023203142073865,0.23214397805252227,0.37376100817653896,0.25437938575834795,0.3573340571921149,0.23984918885270165,0.28238153231625773,0.24455600706945996,0.19745333837341145,0.15131859959564078,1.0,1.0,0.0,0.0,0.0,0.0,2.0,4.0
5.0,0.0,0.0,1.0,0.0,0.0,0.0,0.0,0.0,1.0,0.0,1.0,0.0,0.0,1.0,1.0,0.0,1.0,1.0,0.0,1.0,0.0,0.0,1.0,1.0,0.0,0.2717580363825786,0.3548407341615028,0.36361463380387965,0.27181773016769056,0.33071855327267563,0.29599281338414907,0.24359365822869652,0.23299391121121507,0.07089219827544485,0.290081460511821,1.0,1.0,0.0,0.0,0.0,0.0,2.0,4.0
5.0,0.0,0.0,1.0,0.0,0.0,0.0,0.0,0.0,1.0,0.0,1.0,0.0,0.0,1.0,1.0,0.0,1.0,1.0,0.0,1.0,0.0,0.0,1.0,1.0,0.0,0.3504450662438139,0.3522228265019248,0.38650955599901105,0.30840851396305047,0.37798629947168766,0.3177839412595021,0.32786106367031825,0.31293333738235374,0.2577289305590805,0.43078600942278106,1.0,1.0,0.0,0.0,0.0,0.0,2.0,4.0
5.0,0.0,0.0,1.0,0.0,0.0,0.0,0.0,0.0,1.0,0.0,1.0,0.0,0.0,1.0,1.0,0.0,1.0,1.0,0.0,1.0,0.0,0.0,1.0,1.0,0.0,0.3508515039797511,0.33590501268815093,0.39738319009445083,0.2718071763614625,0.4049086411305492,0.29732409360761664,0.3305475863420701,0.3081029276786019,0.27884742485660785,0.39850723086763024,1.0,1.0,0.0,0.0,0.0,0.0,2.0,4.0
5.0,0.0,0.0,1.0,0.0,0.0,0.0,0.0,0.0,1.0,0.0,1.0,0.0,0.0,1.0,1.0,0.0,1.0,1.0,0.0,1.0,0.0,0.0,1.0,1.0,0.0,0.34347240249570127,0.3373256661456327,0.3925298632753495,0.3061989221827376,0.37432306291342654,0.3188223800448589,0.32895932174742326,0.32718348843173656,0.2590863977211688,0.46395912360954367,1.0,1.0,0.0,0.0,0.0,0.0,2.0,4.0
5.0,0.0,0.0,1.0,0.0,0.0,0.0,0.0,0.0,1.0,0.0,1.0,0.0,0.0,1.0,1.0,0.0,1.0,1.0,0.0,1.0,0.0,0.0,1.0,1.0,0.0,0.29119375902979244,0.3496475187387312,0.4176910158640264,0.27872021876420877,0.3936568352049177,0.3096637143728255,0.27402709058376457,0.30044021497807166,0.20170038158992726,0.4040715881049829,1.0,1.0,0.0,0.0,0.0,0.0,2.0,4.0
5.0,0.0,0.0,1.0,0.0,0.0,0.0,0.0,0.0,1.0,0.0,1.0,0.0,0.0,1.0,1.0,0.0,1.0,1.0,0.0,1.0,0.0,0.0,1.0,1.0,0.0,0.2127408888222934,0.2612692287448797,0.4114667236366245,0.15181251918592498,0.3376725737749806,0.3013659959619263,0.15268823810918886,0.23378666442499826,0.04444980047313851,0.2509877773171735,1.0,1.0,0.0,0.0,0.0,0.0,2.0,4.0
5.0,0.0,0.0,1.0,0.0,0.0,0.0,0.0,0.0,1.0,0.0,1.0,0.0,0.0,1.0,1.0,0.0,1.0,1.0,0.0,1.0,0.0,0.0,1.0,1.0,0.0,0.3569627509895756,0.3277225975339906,0.3971917543605905,0.25794285600108746,0.39127935404369285,0.2770040122550769,0.3181773013110134,0.2783230149323353,0.2401963585000756,0.37437995523167317,1.0,1.0,0.0,0.0,0.0,0.0,2.0,4.0
5.0,0.0,0.0,1.0,0.0,0.0,0.0,0.0,0.0,1.0,0.0,1.0,0.0,0.0,1.0,1.0,0.0,1.0,1.0,0.0,1.0,0.0,0.0,1.0,1.0,0.0,0.37525222285462256,0.32087343191018664,0.38499366589515477,0.287978097087046,0.38833421171953175,0.29542431433830707,0.33240944374298215,0.309519185108731,0.20021182891356523,0.39983433326105605,1.0,1.0,0.0,0.0,0.0,0.0,2.0,4.0
5.0,0.0,0.0,1.0,0.0,0.0,0.0,0.0,0.0,1.0,0.0,1.0,0.0,0.0,1.0,1.0,0.0,1.0,1.0,0.0,1.0,0.0,0.0,1.0,1.0,0.0,0.8923740159266048,0.7828699074844164,0.9635411643751447,0.4971656176466789,0.7497746036032245,0.7861679385827955,0.9434695750023566,0.7888870490482075,0.9405328608190807,0.9446086696969859,1.0,1.0,0.0,0.0,0.0,0.0,2.0,4.0
5.0,0.0,0.0,1.0,0.0,0.0,0.0,0.0,0.0,1.0,0.0,1.0,0.0,0.0,1.0,1.0,0.0,1.0,1.0,0.0,1.0,0.0,0.0,1.0,1.0,0.0,0.3531188399867306,0.3601895126397453,0.3935548701195314,0.3003675334497112,0.38782149505842656,0.31746719900389203,0.3221473390943631,0.31245800560616277,0.22882443900872318,0.4496306478586932,1.0,1.0,0.0,0.0,0.0,0.0,2.0,4.0
5.0,0.0,0.0,1.0,0.0,0.0,0.0,0.0,0.0,1.0,0.0,1.0,0.0,0.0,1.0,1.0,0.0,1.0,1.0,0.0,1.0,0.0,0.0,1.0,1.0,0.0,0.3650681784273838,0.3254327846219809,0.37757080237351426,0.29427504800250903,0.3806275161361563,0.3033098114831766,0.325680476320578,0.29295567826817204,0.20142667229489972,0.3468839900599265,1.0,1.0,0.0,0.0,0.0,0.0,2.0,4.0
5.0,0.0,0.0,1.0,0.0,0.0,0.0,0.0,0.0,1.0,0.0,1.0,0.0,0.0,1.0,1.0,0.0,1.0,1.0,0.0,1.0,0.0,0.0,1.0,1.0,0.0,0.33803124563183273,0.3248312846539178,0.39356694833356204,0.2889187609380969,0.3739631519036481,0.29685772754909523,0.32186764171495424,0.2947152325982719,0.2608071106680978,0.37377615806093556,1.0,1.0,0.0,0.0,0.0,0.0,2.0,4.0
5.0,0.0,0.0,1.0,0.0,0.0,0.0,0.0,0.0,1.0,0.0,1.0,0.0,0.0,1.0,1.0,0.0,1.0,1.0,0.0,1.0,0.0,0.0,1.0,1.0,0.0,0.32660322037914685,0.3281019970446241,0.3933953186790019,0.3000842410755719,0.39191048372989007,0.3219228652070594,0.3235249245789003,0.30281178219594157,0.24435943074083435,0.3634575762317637,1.0,1.0,0.0,0.0,0.0,0.0,2.0,4.0
5.0,0.0,0.0,1.0,0.0,0.0,0.0,0.0,0.0,1.0,0.0,1.0,0.0,0.0,1.0,1.0,0.0,1.0,1.0,0.0,1.0,0.0,0.0,1.0,1.0,0.0,0.6258790435771843,0.47653165884177656,0.532649318062923,0.32750573502698427,0.5903180001317248,0.5877662221155573,0.6337383213639138,0.46431872569942845,0.7966705170930206,0.4612011230637,1.0,1.0,0.0,0.0,0.0,0.0,2.0,4.0
5.0,0.0,0.0,1.0,0.0,0.0,0.0,0.0,0.0,1.0,0.0,1.0,0.0,0.0,1.0,1.0,0.0,1.0,1.0,0.0,1.0,0.0,0.0,1.0,1.0,0.0,0.3181782966562008,0.352305890168877,0.40215692109832374,0.2715482693480741,0.39051035506561904,0.29667398595247685,0.2904760291991876,0.30326017061840727,0.2328721373695648,0.40272758202760833,1.0,1.0,0.0,0.0,0.0,0.0,2.0,4.0
5.0,0.0,0.0,1.0,0.0,0.0,0.0,0.0,0.0,1.0,0.0,1.0,0.0,0.0,1.0,1.0,0.0,1.0,1.0,0.0,1.0,0.0,0.0,1.0,1.0,0.0,0.2860145152783437,0.3239379848813834,0.380297672947109,0.26740328408596475,0.363201473834069,0.2971305256306413,0.277096143351631,0.26350085922718547,0.1670728484605793,0.37055245662486086,1.0,1.0,0.0,0.0,0.0,0.0,2.0,4.0
