5.0,0.0,0.0,1.0,0.0,0.0,0.0,0.0,0.0,1.0,0.0,1.0,0.0,0.0,1.0,1.0,0.0,1.0,1.0,0.0,1.0,0.0,0.0,1.0,1.0,0.0,0.6514059084934792,0.4529234109850109,1.1365973204701456,0.8274304745973655,0.819456284491623,0.47160969919245,0.48469376989956664,0.49964674528016906,0.4767728179325268,0.39761632271928365,1.0,1.0,0.0,0.0,0.0,0.0,2.0,4.0
5.0,0.0,0.0,1.0,0.0,0.0,0.0,0.0,0.0,1.0,0.0,1.0,0.0,0.0,1.0,1.0,0.0,1.0,1.0,0.0,1.0,0.0,0.0,1.0,1.0,0.0,0.8934716610543502,0.9120920347354091,0.9660300561322251,0.934991366673691,0.9506456054532042,0.9365854240239117,0.9186051437184216,0.869759192119028,0.814388150231949,0.8271871842460932,1.0,1.0,0.0,0.0,0.0,0.0,2.0,4.0
5.0,0.0,0.0,1.0,0.0,0.0,0.0,0.0,0.0,1.0,0.0,1.0,0.0,0.0,1.0,1.0,0.0,1.0,1.0,0.0,1.0,0.0,0.0,1.0,1.0,0.0,0.9109499485433681,0.9031415016671163,0.9737250432189939,0.9365720245246463,0.9491480586939676,0.9228506381063166,0.8828349948957583,0.8932247192563824,0.8322199953686182,0.7939944345669122,1.0,1.0,0.0,0.0,0.0,0.0,2.0,4.0
5.0,0.0,0.0,1.0,0.0,0.0,0.0,0.0,0.0,1.0,0.0,1.0,0.0,0.0,1.0,1.0,0.0,1.0,1.0,0.0,1.0,0.0,0.0,1.0,1.0,0.0,0.8933551582025846,0.9122661949370631,0.9941251273747774,0.9111346603563396,0.9609927049857904,0.9365673958840534,0.9212999326810988,0.854326222416752,0.7198642945318369,0.8443142086000809,1.0,1.0,0.0,0.0,0.0,0.0,2.0,4.0
5.0,0.0,0.0,1.0,0.0,0.0,0.0,0.0,0.0,1.0,0.0,1.0,0.0,0.0,1.0,1.0,0.0,1.0,1.0,0.0,1.0,0.0,0.0,1.0,1.0,0.0,0.5679897001773822,0.7466333277044238,1.243635743255557,0.2559377388284153,0.34832033692805314,0.6504044135274658,0.6914234481964612,0.8547782668993047,0.657810370182126,0.8241923188786847,1.0,1.0,0.0,0.0,0.0,0.0,2.0,4.0
5.0,0.0,0.0,1.0,0.0,0.0,0.0,0.0,0.0,1.0,0.0,1.0,0.0,0.0,1.0,1.0,0.0,1.0,1.0,0.0,1.0,0.0,0.0,1.0,1.0,0.0,1.0382674627079864,0.9405371400804121,1.2220960807898453,1.0856772902979526,1.2545222203749178,1.0298261799101431,1.0257871323175727,0.9357571351719948,0.5764063897450664,0.903214728162314,1.0,1.0,0.0,0.0,0.0,0.0,2.0,4.0
5.0,0.0,0.0,1.0,0.0,0.0,0.0,0.0,0.0,1.0,0.0,1.0,0.0,0.0,1.0,1.0,0.0,1.0,1.0,0.0,1.0,0.0,0.0,1.0,1.0,0.0,0.8933631977769307,0.9122661949370631,0.9943176585174949,0.9111194993529568,0.9609927049857904,0.9231245094554684,0.9218594624686156,0.8449417062148222,0.7198642945318369,0.8404354451482162,1.0,1.0,0.0,0.0,0.0,0.0,2.0,4.0
5.0,0.0,0.0,1.0,0.0,0.0,0.0,0.0,0.0,1.0,0.0,1.0,0.0,0.0,1.0,1.0,0.0,1.0,1.0,0.0,1.0,0.0,0.0,1.0,1.0,0.0,0.9323855985760605,0.9214621721916805,0.9722193130301742,0.9353184741179474,0.9539827959720434,0.9354123807351261,0.9249746132154906,0.9147379127500668,0.8073228746667124,0.8870064397057196,1.0,1.0,0.0,0.0,0.0,0.0,2.0,4.0
5.0,0.0,0.0,1.0,0.0,0.0,0.0,0.0,0.0,1.0,0.0,1.0,0.0,0.0,1.0,1.0,0.0,1.0,1.0,0.0,1.0,0.0,0.0,1.0,1.0,0.0,0.7214404754047904,0.6235640268705269,0.8316989726778174,0.8128535048763508,0.7974226738473228,0.7655544729916727,0.6570239783127408,0.6658558097625457,0.6715947396370394,0.5956261645169629,1.0,1.0,0.0,0.0,0.0,0.0,2.0,4.0
5.0,0.0,0.0,1.0,0.0,0.0,0.0,0.0,0.0,1.0,0.0,1.0,0.0,0.0,1.0,1.0,0.0,1.0,1.0,0.0,1.0,0.0,0.0,1.0,1.0,0.0,0.9323519239437849,0.9298394207617411,0.9709410438553877,0.9353184741179474,0.9555098623377177,0.9581325767422111,0.9245140461232181,0.9151947375160525,0.8071133557887711,0.8870064397057196,1.0,1.0,0.0,0.0,0.0,0.0,2.0,4.0
5.0,0.0,0.0,1.0,0.0,0.0,0.0,0.0,0.0,1.0,0.0,1.0,0.0,0.0,1.0,1.0,0.0,1.0,1.0,0.0,1.0,0.0,0.0,1.0,1.0,0.0,0.6993576997374749,0.48120994236902903,1.0820948507168837,0.8235229218297094,0.8316210014168314,0.5360035212978025,0.5040611155599154,0.5715807612684843,0.4565950927611665,0.40414084228929503,1.0,1.0,0.0,0.0,0.0,0.0,2.0,4.0
5.0,0.0,0.0,1.0,0.0,0.0,0.0,0.0,0.0,1.0,0.0,1.0,0.0,0.0,1.0,1.0,0.0,1.0,1.0,0.0,1.0,0.0,0.0,1.0,1.0,0.0,0.7264501669975992,0.6000730599815468,0.7997626454764125,0.7590869121608631,0.8065832795063107,0.7140690186273267,0.6569674401907457,0.6708563346223061,0.6449382643654021,0.5275138003331764,1.0,1.0,0.0,0.0,0.0,0.0,2.0,4.0
5.0,0.0,0.0,1.0,0.0,0.0,0.0,0.0,0.0,1.0,0.0,1.0,0.0,0.0,1.0,1.0,0.0,1.0,1.0,0.0,1.0,0.0,0.0,1.0,1.0,0.0,0.38324594921676963,0.3990917220516459,0.5715236339236333,0.0052380651515128085,0.319203031584273,0.3153545457993405,0.4911736638260533,0.5433000061876807,0.29746598270359575,0.778604113203393,1.0,1.0,0.0,0.0,0.0,0.0,2.0,4.0
5.0,0.0,0.0,1.0,0.0,0.0,0.0,0.0,0.0,1.0,0.0,1.0,0.0,0.0,1.0,1.0,0.0,1.0,1.0,0.0,1.0,0.0,0.0,1.0,1.0,0.0,0.758129142257512,0.6423973327736108,0.8229838788316085,0.8829917368105845,0.8461748611737572,0.7756852861107321,0.6926455429900791,0.6823396202068459,0.7220729478078461,0.5487035058800759,1.0,1.0,0.0,0.0,0.0,0.0,2.0,4.0
5.0,0.0,0.0,1.0,0.0,0.0,0.0,0.0,0.0,1.0,0.0,1.0,0.0,0.0,1.0,1.0,0.0,1.0,1.0,0.0,1.0,0.0,0.0,1.0,1.0,0.0,0.9351008381568863,0.9154913630088075,0.9515314755733931,0.9436488999660962,0.972425675431256,0.9727133515665106,0.9245314746413847,0.9209105277703631,0.8274424043718454,0.8813141993075453,1.0,1.0,0.0,0.0,0.0,0.0,2.0,4.0
5.0,0.0,0.0,1.0,0.0,0.0,0.0,0.0,0.0,1.0,0.0,1.0,0.0,0.0,1.0,1.0,0.0,1.0,1.0,0.0,1.0,0.0,0.0,1.0,1.0,0.0,0.7173966719411481,0.5650806597462208,1.0382728217438932,1.044438814580147,0.8527693324081651,0.46439454703072147,0.5282578126915072,0.5883682830098043,0.4849391642231902,0.480527579022281,1.0,1.0,0.0,0.0,0.0,0.0,2.0,4.0
5.0,0.0,0.0,1.0,0.0,0.0,0.0,0.0,0.0,1.0,0.0,1.0,0.0,0.0,1.0,1.0,0.0,1.0,1.0,0.0,1.0,0.0,0.0,1.0,1.0,0.0,0.9323020222633742,0.9248811574326282,0.9749004621021454,0.9450818535115646,0.9772778565600402,0.9405324879741859,0.9265933911901298,0.9193740938709046,0.7954065463197112,0.8866931431152058,1.0,1.0,0.0,0.0,0.0,0.0,2.0,4.0
5.0,0.0,0.0,1.0,0.0,0.0,0.0,0.0,0.0,1.0,0.0,1.0,0.0,0.0,1.0,1.0,0.0,1.0,1.0,0.0,1.0,0.0,0.0,1.0,1.0,0.0,0.9035479157790943,0.8942619877358197,0.9570783879045869,0.9552324258470091,0.978993402391298,0.9501241630685382,0.9022985778888064,0.8774070939746701,0.8179259243691286,0.8163134177889396,1.0,1.0,0.0,0.0,0.0,0.0,2.0,4.0
5.0,0.0,0.0,1.0,0.0,0.0,0.0,0.0,0.0,1.0,0.0,1.0,0.0,0.0,1.0,1.0,0.0,1.0,1.0,0.0,1.0,0.0,0.0,1.0,1.0,0.0,0.9323519239437849,0.9282555920943947,0.9709410438553877,0.9508050377255356,0.9555382420228965,0.9581228224359369,0.9377129877556348,0.9184581020872237,0.8071133557887711,0.8767829938952384,1.0,1.0,0.0,0.0,0.0,0.0,2.0,4.0
5.0,0.0,0.0,1.0,0.0,0.0,0.0,0.0,0.0,1.0,0.0,1.0,0.0,0.0,1.0,1.0,0.0,1.0,1.0,0.0,1.0,0.0,0.0,1.0,1.0,0.0,0.9199813376082194,0.9103826903169415,0.9736486900279627,0.9276642273724747,0.9532043327962036,0.9115553658083547,0.943456698569116,0.8701011354812898,0.862974641760483,0.8318950800461468,1.0,1.0,0.0,0.0,0.0,0.0,2.0,4.0
5.0,0.0,0.0,1.0,0.0,0.0,0.0,0.0,0.0,1.0,0.0,1.0,0.0,0.0,1.0,1.0,0.0,1.0,1.0,0.0,1.0,0.0,0.0,1.0,1.0,0.0,0.8903997105442021,0.8815519425082415,0.9940319325609999,0.9107015009057046,0.9587072917429882,0.9262676071071309,0.9185278511437603,0.8411150031925316,0.7811933534678568,0.8218138676677968,1.0,1.0,0.0,0.0,0.0,0.0,2.0,4.0
5.0,0.0,0.0,1.0,0.0,0.0,0.0,0.0,0.0,1.0,0.0,1.0,0.0,0.0,1.0,1.0,0.0,1.0,1.0,0.0,1.0,0.0,0.0,1.0,1.0,0.0,0.4001961363508459,0.48998403832147186,0.5042745802217582,0.35762892660648604,0.34960048406986444,0.4735249759437065,0.6760655168047324,0.6884327068953138,0.2398085202663997,0.8284524254316052,1.0,1.0,0.0,0.0,0.0,0.0,2.0,4.0
5.0,0.0,0.0,1.0,0.0,0.0,0.0,0.0,0.0,1.0,0.0,1.0,0.0,0.0,1.0,1.0,0.0,1.0,1.0,0.0,1.0,0.0,0.0,1.0,1.0,0.0,0.6228416304714788,0.7857959038286976,1.1499188211979856,0.045706928518372984,0.38874613664293683,0.8350063571154781,0.6632305668559874,0.8226360778879157,0.6896475665545113,0.8076532731491913,1.0,1.0,0.0,0.0,0.0,0.0,2.0,4.0
5.0,0.0,0.0,1.0,0.0,0.0,0.0,0.0,0.0,1.0,0.0,1.0,0.0,0.0,1.0,1.0,0.0,1.0,1.0,0.0,1.0,0.0,0.0,1.0,1.0,0.0,0.4703724793184417,0.6967801391306492,1.2880220430592473,0.2319780351058667,0.2630598683837834,0.5709402517914423,0.6915618387484465,0.8914170980353728,0.6643327553026976,0.8202477159527637,1.0,1.0,0.0,0.0,0.0,0.0,2.0,4.0
5.0,0.0,0.0,1.0,0.0,0.0,0.0,0.0,0.0,1.0,0.0,1.0,0.0,0.0,1.0,1.0,0.0,1.0,1.0,0.0,1.0,0.0,0.0,1.0,1.0,0.0,0.9269567765449296,0.910471040147742,0.9482155986750053,0.9123272903330053,0.9647851067813692,0.9207216215936833,0.9141978820220523,0.9131247808700517,0.7550880649821784,0.8797089926199944,1.0,1.0,0.0,0.0,0.0,0.0,2.0,4.0
5.0,0.0,0.0,1.0,0.0,0.0,0.0,0.0,0.0,1.0,0.0,1.0,0.0,0.0,1.0,1.0,0.0,1.0,1.0,0.0,1.0,0.0,0.0,1.0,1.0,0.0,0.364244312764607,0.9353721084799763,0.6412659596277299,0.05627367369494344,0.5525474023766084,0.7867257312389585,0.9785766732716977,0.9230303488942536,0.9338695840389868,0.8807282163099971,1.0,1.0,0.0,0.0,0.0,0.0,2.0,4.0
5.0,0.0,0.0,1.0,0.0,0.0,0.0,0.0,0.0,1.0,0.0,1.0,0.0,0.0,1.0,1.0,0.0,1.0,1.0,0.0,1.0,0.0,0.0,1.0,1.0,0.0,1.3976345850689937,0.5431812888015568,1.3865708511839427,0.3576693832037407,1.3635905427957402,0.5052472475785579,1.0106314087428903,0.5188921273729925,0.9022702689655435,1.00518788801841,1.0,1.0,0.0,0.0,0.0,0.0,2.0,4.0
5.0,0.0,0.0,1.0,0.0,0.0,0.0,0.0,0.0,1.0,0.0,1.0,0.0,0.0,1.0,1.0,0.0,1.0,1.0,0.0,1.0,0.0,0.0,1.0,1.0,0.0,0.920669223702894,0.8453670238551565,0.8927475051504592,0.7140577010866889,0.9069633455708346,0.7545000915403688,0.8230435080703066,0.8367238784551986,0.8340779129187956,0.9868004739801323,1.0,1.0,0.0,0.0,0.0,0.0,2.0,4.0
5.0,0.0,0.0,1.0,0.0,0.0,0.0,0.0,0.0,1.0,0.0,1.0,0.0,0.0,1.0,1.0,0.0,1.0,1.0,0.0,1.0,0.0,0.0,1.0,1.0,0.0,0.3907319295882134,0.40685024594227903,0.5424779698630097,0.030007556166909193,0.3688811965650386,0.3062877427233066,0.52807649510269,0.5321482124023382,0.3157852049516655,0.7699549526611711,1.0,1.0,0.0,0.0,0.0,0.0,2.0,4.0
5.0,0.0,0.0,1.0,0.0,0.0,0.0,0.0,0.0,1.0,0.0,1.0,0.0,0.0,1.0,1.0,0.0,1.0,1.0,0.0,1.0,0.0,0.0,1.0,1.0,0.0,0.9277781818440163,0.9105187690802214,0.959731463423695,0.9160006367383416,0.9693021002108714,0.9696058253871129,0.9257648347125096,0.9126927958756982,0.7482805769734008,0.8272645833532947,1.0,1.0,0.0,0.0,0.0,0.0,2.0,4.0
5.0,0.0,0.0,1.0,0.0,0.0,0.0,0.0,0.0,1.0,0.0,1.0,0.0,0.0,1.0,1.0,0.0,1.0,1.0,0.0,1.0,0.0,0.0,1.0,1.0,0.0,0.8933211719557334,0.9124874886775061,0.9941251273747774,0.9111346603563396,0.9608149026964473,0.9365673958840534,0.9227827446543354,0.8545457551162399,0.7198642945318369,0.8443142086000809,1.0,1.0,0.0,0.0,0.0,0.0,2.0,4.0
5.0,0.0,0.0,1.0,0.0,0.0,0.0,0.0,0.0,1.0,0.0,1.0,0.0,0.0,1.0,1.0,0.0,1.0,1.0,0.0,1.0,0.0,0.0,1.0,1.0,0.0,0.35432301705391056,0.9324459168792759,0.6599174583968536,0.1152251898087104,0.5426097541963902,0.7918469922971747,0.9767363572106517,0.91213782659534,0.9295287678626938,0.883493574211163,1.0,1.0,0.0,0.0,0.0,0.0,2.0,4.0
5.0,0.0,0.0,1.0,0.0,0.0,0.0,0.0,0.0,1.0,0.0,1.0,0.0,0.0,1.0,1.0,0.0,1.0,1.0,0.0,1.0,0.0,0.0,1.0,1.0,0.0,0.12668888395083847,0.14643023937610208,0.8544280201795353,0.029588844024409307,0.33020547140881834,0.14376266479615987,0.12311619054138241,0.40227697291896214,0.10095398448932877,0.35355909040936834,1.0,1.0,0.0,0.0,0.0,0.0,2.0,4.0
5.0,0.0,0.0,1.0,0.0,0.0,0.0,0.0,0.0,1.0,0.0,1.0,0.0,0.0,1.0,1.0,0.0,1.0,1.0,0.0,1.0,0.0,0.0,1.0,1.0,0.0,0.9351262838574715,0.9175849019070632,0.9519601072795544,0.942321625390879,0.9733543152176425,0.9721065000610147,0.9247792866101359,0.9201625527322906,0.8265978284318999,0.881565529904807,1.0,1.0,0.0,0.0,0.0,0.0,2.0,4.0
5.0,0.0,0.0,1.0,0.0,0.0,0.0,0.0,0.0,1.0,0.0,1.0,0.0,0.0,1.0,1.0,0.0,1.0,1.0,0.0,1.0,0.0,0.0,1.0,1.0,0.0,0.7107669231436956,0.5469203552364648,1.0495879755127073,1.020557483635848,0.8381053293485962,0.4348912904629564,0.5198661499013991,0.5788152819532446,0.47171584564518243,0.47454141084955737,1.0,1.0,0.0,0.0,0.0,0.0,2.0,4.0
5.0,0.0,0.0,1.0,0.0,0.0,0.0,0.0,0.0,1.0,0.0,1.0,0.0,0.0,1.0,1.0,0.0,1.0,1.0,0.0,1.0,0.0,0.0,1.0,1.0,0.0,0.9317768786583266,0.9223086195103731,0.9729371923610332,0.9481666838619659,0.976892712762247,0.9423868040593668,0.9304877278506004,0.9202772616250997,0.7935644367528171,0.883095991003397,1.0,1.0,0.0,0.0,0.0,0.0,2.0,4.0
5.0,0.0,0.0,1.0,0.0,0.0,0.0,0.0,0.0,1.0,0.0,1.0,0.0,0.0,1.0,1.0,0.0,1.0,1.0,0.0,1.0,0.0,0.0,1.0,1.0,0.0,0.893353179622316,0.9442289187995074,0.965817699971817,0.9200046311548515,0.9530387279218216,0.9365533312220413,0.9075870943717229,0.8745023935833963,0.7013907426117685,0.877647441192053,1.0,1.0,0.0,0.0,0.0,0.0,2.0,4.0
5.0,0.0,0.0,1.0,0.0,0.0,0.0,0.0,0.0,1.0,0.0,1.0,0.0,0.0,1.0,1.0,0.0,1.0,1.0,0.0,1.0,0.0,0.0,1.0,1.0,0.0,0.18324854174964564,0.14031530214861443,0.7557080996033836,0.16895691653000375,0.3469202143735749,0.14861855276815075,0.10623404233060718,0.38691476688589754,0.01822004749936087,0.30570714700846496,1.0,1.0,0.0,0.0,0.0,0.0,2.0,4.0
5.0,0.0,0.0,1.0,0.0,0.0,0.0,0.0,0.0,1.0,0.0,1.0,0.0,0.0,1.0,1.0,0.0,1.0,1.0,0.0,1.0,0.0,0.0,1.0,1.0,0.0,0.7427180987326107,0.5881850601508251,1.1032176954454884,0.9689217757695245,0.8695993677608056,0.5159030718913069,0.5611552766579413,0.6234278145909606,0.48514107934710166,0.4818574974976094,1.0,1.0,0.0,0.0,0.0,0.0,2.0,4.0
5.0,0.0,0.0,1.0,0.0,0.0,0.0,0.0,0.0,1.0,0.0,1.0,0.0,0.0,1.0,1.0,0.0,1.0,1.0,0.0,1.0,0.0,0.0,1.0,1.0,0.0,1.1121422338544578,0.7384632144530459,0.9818672780614727,0.6771636432787264,1.085942244060124,0.7377624950135346,1.0355994361655945,0.7722358535756441,0.9570870051221899,1.1287046594848702,1.0,1.0,0.0,0.0,0.0,0.0,2.0,4.0
5.0,0.0,0.0,1.0,0.0,0.0,0.0,0.0,0.0,1.0,0.0,1.0,0.0,0.0,1.0,1.0,0.0,1.0,1.0,0.0,1.0,0.0,0.0,1.0,1.0,0.0,0.8934710735608435,0.9612411599121097,0.9696711124484664,0.9380915663358097,0.9507723865641892,0.938986981766925,0.963878030577884,0.8675427382256055,0.8137214628978049,0.7790890691328182,1.0,1.0,0.0,0.0,0.0,0.0,2.0,4.0
5.0,0.0,0.0,1.0,0.0,0.0,0.0,0.0,0.0,1.0,0.0,1.0,0.0,0.0,1.0,1.0,0.0,1.0,1.0,0.0,1.0,0.0,0.0,1.0,1.0,0.0,0.9345163692241749,0.9182925075661181,0.9516763922662533,0.9413732514552983,0.973265763138193,0.9734160195303946,0.9256855037390771,0.9195482026401003,0.8264950561526222,0.8816804709691499,1.0,1.0,0.0,0.0,0.0,0.0,2.0,4.0
5.0,0.0,0.0,1.0,0.0,0.0,0.0,0.0,0.0,1.0,0.0,1.0,0.0,0.0,1.0,1.0,0.0,1.0,1.0,0.0,1.0,0.0,0.0,1.0,1.0,0.0,0.6704236632465452,0.45927284232792703,1.0974525934039046,0.8071184387699514,0.8073794476055471,0.5348184498397123,0.46950621645796736,0.5793681657650636,0.4377298162113501,0.44442901449992184,1.0,1.0,0.0,0.0,0.0,0.0,2.0,4.0
5.0,0.0,0.0,1.0,0.0,0.0,0.0,0.0,0.0,1.0,0.0,1.0,0.0,0.0,1.0,1.0,0.0,1.0,1.0,0.0,1.0,0.0,0.0,1.0,1.0,0.0,0.8884686699050034,0.8771263189543018,0.9795592689306526,0.9411766786020105,0.953041368506157,0.9348784677174005,0.93138428956278,0.8399844269195544,0.7906565877145746,0.7951147560823466,1.0,1.0,0.0,0.0,0.0,0.0,2.0,4.0
5.0,0.0,0.0,1.0,0.0,0.0,0.0,0.0,0.0,1.0,0.0,1.0,0.0,0.0,1.0,1.0,0.0,1.0,1.0,0.0,1.0,0.0,0.0,1.0,1.0,0.0,0.8920705733932873,0.9457266582012845,0.9673339354755208,0.911383494404213,0.9528577036457955,0.9365533312220413,0.9075870943717229,0.8698806594866845,0.7032923342350038,0.8775676539467312,1.0,1.0,0.0,0.0,0.0,0.0,2.0,4.0
5.0,0.0,0.0,1.0,0.0,0.0,0.0,0.0,0.0,1.0,0.0,1.0,0.0,0.0,1.0,1.0,0.0,1.0,1.0,0.0,1.0,0.0,0.0,1.0,1.0,0.0,0.9274933402704806,0.9109468271884046,0.9798258320487313,0.9258284489659366,0.9590999005253239,0.9051909715063271,0.9273773377556255,0.913146788940088,0.7486045232163049,0.8273003512842569,1.0,1.0,0.0,0.0,0.0,0.0,2.0,4.0
5.0,0.0,0.0,1.0,0.0,0.0,0.0,0.0,0.0,1.0,0.0,1.0,0.0,0.0,1.0,1.0,0.0,1.0,1.0,0.0,1.0,0.0,0.0,1.0,1.0,0.0,0.8930515731796054,0.8963312221611515,0.9782338077710404,0.9387217344483922,0.9522026076519099,0.9347484402381363,0.9221266814742556,0.856207203132223,0.7985873548295641,0.8178390753342087,1.0,1.0,0.0,0.0,0.0,0.0,2.0,4.0
5.0,0.0,0.0,1.0,0.0,0.0,0.0,0.0,0.0,1.0,0.0,1.0,0.0,0.0,1.0,1.0,0.0,1.0,1.0,0.0,1.0,0.0,0.0,1.0,1.0,0.0,0.9322830408811092,0.9221122024765323,0.9624127157907747,0.9557505994353224,0.9646107450033762,0.9643031535950952,0.9233109115954733,0.9189771406245791,0.8079087807879224,0.8776301928622474,1.0,1.0,0.0,0.0,0.0,0.0,2.0,4.0
5.0,0.0,0.0,1.0,0.0,0.0,0.0,0.0,0.0,1.0,0.0,1.0,0.0,0.0,1.0,1.0,0.0,1.0,1.0,0.0,1.0,0.0,0.0,1.0,1.0,0.0,0.9349410726429953,0.9167016706976042,0.9611889181460873,0.943272895315236,0.9632577618250876,0.9373570931325522,0.9278143355553484,0.9144540678861031,0.8030734497208467,0.884958712521572,1.0,1.0,0.0,0.0,0.0,0.0,2.0,4.0
5.0,0.0,0.0,1.0,0.0,0.0,0.0,0.0,0.0,1.0,0.0,1.0,0.0,0.0,1.0,1.0,0.0,1.0,1.0,0.0,1.0,0.0,0.0,1.0,1.0,0.0,0.8934476841169692,0.9234149651938104,0.9659688949649167,0.9350310713258663,0.9506398941827535,0.9351244856039231,0.9250945927499508,0.8694672764375279,0.814388150231949,0.8099864620224303,1.0,1.0,0.0,0.0,0.0,0.0,2.0,4.0
5.0,0.0,0.0,1.0,0.0,0.0,0.0,0.0,0.0,1.0,0.0,1.0,0.0,0.0,1.0,1.0,0.0,1.0,1.0,0.0,1.0,0.0,0.0,1.0,1.0,0.0,0.8920208593014237,0.9122661949370631,0.9941251273747774,0.9111346603563396,0.960815745910419,0.9230991007760749,0.9211983180244037,0.8461415548042667,0.7228307995027055,0.8443142086000809,1.0,1.0,0.0,0.0,0.0,0.0,2.0,4.0
5.0,0.0,0.0,1.0,0.0,0.0,0.0,0.0,0.0,1.0,0.0,1.0,0.0,0.0,1.0,1.0,0.0,1.0,1.0,0.0,1.0,0.0,0.0,1.0,1.0,0.0,1.2487642525317069,0.6856745314995045,1.1786328650665907,0.48740308375583297,1.193571157359197,0.6486244135010302,0.9835814642890447,0.7431776198964676,0.6644183961214379,0.9272916036353002,1.0,1.0,0.0,0.0,0.0,0.0,2.0,4.0
5.0,0.0,0.0,1.0,0.0,0.0,0.0,0.0,0.0,1.0,0.0,1.0,0.0,0.0,1.0,1.0,0.0,1.0,1.0,0.0,1.0,0.0,0.0,1.0,1.0,0.0,0.8693363450581871,0.9413096837509536,0.9706422532905747,0.9509681558443094,0.9465570570188917,0.9356143306100736,0.9470489806372405,0.8514991544392622,0.8328779562284387,0.7895097498252732,1.0,1.0,0.0,0.0,0.0,0.0,2.0,4.0
5.0,0.0,0.0,1.0,0.0,0.0,0.0,0.0,0.0,1.0,0.0,1.0,0.0,0.0,1.0,1.0,0.0,1.0,1.0,0.0,1.0,0.0,0.0,1.0,1.0,0.0,0.7218278923958877,0.5886217167693343,1.0738954220611603,0.9702084868272796,0.853217742083144,0.5208224733044374,0.5375443674283686,0.6286374474367804,0.4631521334571027,0.4856742065091211,1.0,1.0,0.0,0.0,0.0,0.0,2.0,4.0
5.0,0.0,0.0,1.0,0.0,0.0,0.0,0.0,0.0,1.0,0.0,1.0,0.0,0.0,1.0,1.0,0.0,1.0,1.0,0.0,1.0,0.0,0.0,1.0,1.0,0.0,0.9261549412623461,0.891874067197005,0.9622672542244999,0.9345454082276118,0.9625663532186364,0.944448042064288,0.91518920224698,0.9012444973145148,0.8469394183447733,0.87554736160446,1.0,1.0,0.0,0.0,0.0,0.0,2.0,4.0
5.0,0.0,0.0,1.0,0.0,0.0,0.0,0.0,0.0,1.0,0.0,1.0,0.0,0.0,1.0,1.0,0.0,1.0,1.0,0.0,1.0,0.0,0.0,1.0,1.0,0.0,0.7039151383015034,0.6154150802056941,0.8375929074539032,0.8113487374618358,0.7949487550613733,0.7539895726187347,0.6445358514975364,0.667871823387825,0.6767956586612218,0.5940512423146633,1.0,1.0,0.0,0.0,0.0,0.0,2.0,4.0
5.0,0.0,0.0,1.0,0.0,0.0,0.0,0.0,0.0,1.0,0.0,1.0,0.0,0.0,1.0,1.0,0.0,1.0,1.0,0.0,1.0,0.0,0.0,1.0,1.0,0.0,0.9287482624893124,0.9097493161464063,0.9796288966350718,0.9251206370185227,0.9572125591484081,0.90575770095049,0.9285969455029821,0.9132163255620359,0.7482227286552016,0.8306729260345347,1.0,1.0,0.0,0.0,0.0,0.0,2.0,4.0
5.0,0.0,0.0,1.0,0.0,0.0,0.0,0.0,0.0,1.0,0.0,1.0,0.0,0.0,1.0,1.0,0.0,1.0,1.0,0.0,1.0,0.0,0.0,1.0,1.0,0.0,0.5368788191405433,0.870790024012485,0.21880131583449078,0.6018039373985584,0.40958335282125374,0.8499917097904376,0.695977635146232,0.7468770182089961,0.8203788072025763,0.9528756272897222,1.0,1.0,0.0,0.0,0.0,0.0,2.0,4.0
5.0,0.0,0.0,1.0,0.0,0.0,0.0,0.0,0.0,1.0,0.0,1.0,0.0,0.0,1.0,1.0,0.0,1.0,1.0,0.0,1.0,0.0,0.0,1.0,1.0,0.0,0.9333483170194509,0.9206383319789797,0.962529031920415,0.9518470806726776,0.9636415145264435,0.9620192073105651,0.9217929500217052,0.9220028149464385,0.8123058494982177,0.8940698104076745,1.0,1.0,0.0,0.0,0.0,0.0,2.0,4.0
5.0,0.0,0.0,1.0,0.0,0.0,0.0,0.0,0.0,1.0,0.0,1.0,0.0,0.0,1.0,1.0,0.0,1.0,1.0,0.0,1.0,0.0,0.0,1.0,1.0,0.0,1.3223628500174007,0.8788745266269051,1.3218397823118249,0.6380708922067734,1.3684827601951297,0.8246326991676238,1.1709700764154185,0.6137874557407513,0.6634251069720938,0.9805681464245654,1.0,1.0,0.0,0.0,0.0,0.0,2.0,4.0
5.0,0.0,0.0,1.0,0.0,0.0,0.0,0.0,0.0,1.0,0.0,1.0,0.0,0.0,1.0,1.0,0.0,1.0,1.0,0.0,1.0,0.0,0.0,1.0,1.0,0.0,0.8942366265183126,0.9004310653566059,1.0162585299161964,0.9758344809410544,1.0214666397216094,0.975496265764396,0.8895019826103794,0.893152689798256,0.8093033337643135,0.7967554589232175,1.0,1.0,0.0,0.0,0.0,0.0,2.0,4.0
5.0,0.0,0.0,1.0,0.0,0.0,0.0,0.0,0.0,1.0,0.0,1.0,0.0,0.0,1.0,1.0,0.0,1.0,1.0,0.0,1.0,0.0,0.0,1.0,1.0,0.0,0.9275338530055417,0.9113088465985081,0.9489535173414471,0.9115112497102299,0.9635129650386779,0.9207242178815934,0.9141534431200012,0.912923643874731,0.7549816814118149,0.8738248148252825,1.0,1.0,0.0,0.0,0.0,0.0,2.0,4.0
5.0,0.0,0.0,1.0,0.0,0.0,0.0,0.0,0.0,1.0,0.0,1.0,0.0,0.0,1.0,1.0,0.0,1.0,1.0,0.0,1.0,0.0,0.0,1.0,1.0,0.0,0.8933552481827668,0.9331429579505386,0.9670496882639585,0.9122189814367551,0.9506337952471918,0.9365543377506256,0.918785871891374,0.869759192119028,0.6969345178510022,0.8499970035655469,1.0,1.0,0.0,0.0,0.0,0.0,2.0,4.0
5.0,0.0,0.0,1.0,0.0,0.0,0.0,0.0,0.0,1.0,0.0,1.0,0.0,0.0,1.0,1.0,0.0,1.0,1.0,0.0,1.0,0.0,0.0,1.0,1.0,0.0,0.9323519239437849,0.9282555920943947,0.9709410438553877,0.9567213927756343,0.9555382420228965,0.9581228224359369,0.9377129877556348,0.9184581020872237,0.7717652465367097,0.8768806759142757,1.0,1.0,0.0,0.0,0.0,0.0,2.0,4.0
5.0,0.0,0.0,1.0,0.0,0.0,0.0,0.0,0.0,1.0,0.0,1.0,0.0,0.0,1.0,1.0,0.0,1.0,1.0,0.0,1.0,0.0,0.0,1.0,1.0,0.0,0.9319484604362049,0.922257262872746,0.9724741291740483,0.9379998890578081,0.9486927786466541,0.9391382256104469,0.9213028212581525,0.9149250256138607,0.8143764144844545,0.8880014492259625,1.0,1.0,0.0,0.0,0.0,0.0,2.0,4.0
5.0,0.0,0.0,1.0,0.0,0.0,0.0,0.0,0.0,1.0,0.0,1.0,0.0,0.0,1.0,1.0,0.0,1.0,1.0,0.0,1.0,0.0,0.0,1.0,1.0,0.0,0.8735929211135901,0.9007087461000399,0.9948446215549364,0.9360930297936499,0.9547565959572217,0.948049276209298,0.9230258483242575,0.8454061149440448,0.7369601164597313,0.7876314619415914,1.0,1.0,0.0,0.0,0.0,0.0,2.0,4.0
5.0,0.0,0.0,1.0,0.0,0.0,0.0,0.0,0.0,1.0,0.0,1.0,0.0,0.0,1.0,1.0,0.0,1.0,1.0,0.0,1.0,0.0,0.0,1.0,1.0,0.0,0.8975207686630005,0.9043389043096483,0.9961812468879402,0.9371452016496378,0.9586713250740057,0.9478351514098318,0.9287504062128144,0.8627664795021314,0.7729104213431693,0.8286640855681957,1.0,1.0,0.0,0.0,0.0,0.0,2.0,4.0
5.0,0.0,0.0,1.0,0.0,0.0,0.0,0.0,0.0,1.0,0.0,1.0,0.0,0.0,1.0,1.0,0.0,1.0,1.0,0.0,1.0,0.0,0.0,1.0,1.0,0.0,0.7258259100205463,0.5145047989111674,1.1331867784108207,0.14170695560089494,0.6235549923117065,0.63512410818324,0.9308839535918579,0.7800242656705157,0.8855192715623582,0.9040008261145654,1.0,1.0,0.0,0.0,0.0,0.0,2.0,4.0
5.0,0.0,0.0,1.0,0.0,0.0,0.0,0.0,0.0,1.0,0.0,1.0,0.0,0.0,1.0,1.0,0.0,1.0,1.0,0.0,1.0,0.0,0.0,1.0,1.0,0.0,0.8954633090511596,0.8733685024066898,0.9655180576823241,0.9093583034844567,0.9391818693937387,0.9223593796989503,0.9160717592777675,0.8465088587901071,0.7925197622418825,0.7925859873733437,1.0,1.0,0.0,0.0,0.0,0.0,2.0,4.0
5.0,0.0,0.0,1.0,0.0,0.0,0.0,0.0,0.0,1.0,0.0,1.0,0.0,0.0,1.0,1.0,0.0,1.0,1.0,0.0,1.0,0.0,0.0,1.0,1.0,0.0,0.8885215323938677,0.8907022990001283,0.9798139100850005,0.9413428716144824,0.950690770027784,0.9386977856866976,0.9219287985128541,0.8546355628563236,0.7841580655458779,0.82434067414981,1.0,1.0,0.0,0.0,0.0,0.0,2.0,4.0
5.0,0.0,0.0,1.0,0.0,0.0,0.0,0.0,0.0,1.0,0.0,1.0,0.0,0.0,1.0,1.0,0.0,1.0,1.0,0.0,1.0,0.0,0.0,1.0,1.0,0.0,0.8938990915131279,0.9139330718172959,0.9659688949649167,0.9350310713258663,0.9506398941827535,0.9390831493905557,0.9250945927499508,0.8694672764375279,0.814388150231949,0.8099864620224303,1.0,1.0,0.0,0.0,0.0,0.0,2.0,4.0
5.0,0.0,0.0,1.0,0.0,0.0,0.0,0.0,0.0,1.0,0.0,1.0,0.0,0.0,1.0,1.0,0.0,1.0,1.0,0.0,1.0,0.0,0.0,1.0,1.0,0.0,0.930558821448012,0.9185634807691153,0.9700539239851561,0.9454412701480392,0.9727099731820218,0.9407766120581592,0.9279894726687044,0.9197615923373371,0.7869268784334539,0.8880194613045724,1.0,1.0,0.0,0.0,0.0,0.0,2.0,4.0
5.0,0.0,0.0,1.0,0.0,0.0,0.0,0.0,0.0,1.0,0.0,1.0,0.0,0.0,1.0,1.0,0.0,1.0,1.0,0.0,1.0,0.0,0.0,1.0,1.0,0.0,0.7932421557635383,0.5577576042994429,1.0443713743455116,0.8149691068368862,0.893253383070379,0.593592369625971,0.6480462911653748,0.6892296690013998,0.4737698622494324,0.40127969504882804,1.0,1.0,0.0,0.0,0.0,0.0,2.0,4.0
5.0,0.0,0.0,1.0,0.0,0.0,0.0,0.0,0.0,1.0,0.0,1.0,0.0,0.0,1.0,1.0,0.0,1.0,1.0,0.0,1.0,0.0,0.0,1.0,1.0,0.0,0.8905941527630938,0.9149918983376669,0.96966735109103,0.9452655715433915,0.9506907034195017,0.9402126337268929,0.9341871263542677,0.868086232943951,0.8073154768941083,0.8412090331891559,1.0,1.0,0.0,0.0,0.0,0.0,2.0,4.0
5.0,0.0,0.0,1.0,0.0,0.0,0.0,0.0,0.0,1.0,0.0,1.0,0.0,0.0,1.0,1.0,0.0,1.0,1.0,0.0,1.0,0.0,0.0,1.0,1.0,0.0,0.9323515294103871,0.922257262872746,0.9726894827395758,0.9369720006546081,0.9486927786466541,0.9381877159921377,0.9224978899535811,0.9149250256138607,0.8143764144844545,0.8881125621660121,1.0,1.0,0.0,0.0,0.0,0.0,2.0,4.0
5.0,0.0,0.0,1.0,0.0,0.0,0.0,0.0,0.0,1.0,0.0,1.0,0.0,0.0,1.0,1.0,0.0,1.0,1.0,0.0,1.0,0.0,0.0,1.0,1.0,0.0,0.9292349216790583,0.9263651511424703,0.9775532740047436,0.9376262397808665,0.9802829538468745,0.9414659766684326,0.9234037676175461,0.9483499551292301,0.8149590359244939,0.8879161149316267,1.0,1.0,0.0,0.0,0.0,0.0,2.0,4.0
5.0,0.0,0.0,1.0,0.0,0.0,0.0,0.0,0.0,1.0,0.0,1.0,0.0,0.0,1.0,1.0,0.0,1.0,1.0,0.0,1.0,0.0,0.0,1.0,1.0,0.0,0.8933403806051825,0.9310251206119405,0.9657869244209996,0.9258496768976691,0.9513438952011397,0.925945553391092,0.9162355766057344,0.8697593563129262,0.8185344060534426,0.8459553873341008,1.0,1.0,0.0,0.0,0.0,0.0,2.0,4.0
5.0,0.0,0.0,1.0,0.0,0.0,0.0,0.0,0.0,1.0,0.0,1.0,0.0,0.0,1.0,1.0,0.0,1.0,1.0,0.0,1.0,0.0,0.0,1.0,1.0,0.0,0.9031168590692085,0.9718448998636956,0.9711505560149287,0.9376730734043122,0.954831830065334,0.9408363984294389,0.9198658645182329,0.8750902153175321,0.7535114469263904,0.8405303033380443,1.0,1.0,0.0,0.0,0.0,0.0,2.0,4.0
5.0,0.0,0.0,1.0,0.0,0.0,0.0,0.0,0.0,1.0,0.0,1.0,0.0,0.0,1.0,1.0,0.0,1.0,1.0,0.0,1.0,0.0,0.0,1.0,1.0,0.0,0.335578634707715,0.48486940658643396,0.5315515795771456,0.10005265882750125,0.37010124713990283,0.35306074552572536,0.5343236077906227,0.611884927975807,0.3736494874329382,0.7594117586695499,1.0,1.0,0.0,0.0,0.0,0.0,2.0,4.0
5.0,0.0,0.0,1.0,0.0,0.0,0.0,0.0,0.0,1.0,0.0,1.0,0.0,0.0,1.0,1.0,0.0,1.0,1.0,0.0,1.0,0.0,0.0,1.0,1.0,0.0,0.9136537434698555,0.9077230119999122,0.9747340185513697,0.935039395255775,0.9506736846335916,0.9253679409000226,0.9195121674881499,0.8720633959886351,0.7535965614081752,0.8136256375666705,1.0,1.0,0.0,0.0,0.0,0.0,2.0,4.0
5.0,0.0,0.0,1.0,0.0,0.0,0.0,0.0,0.0,1.0,0.0,1.0,0.0,0.0,1.0,1.0,0.0,1.0,1.0,0.0,1.0,0.0,0.0,1.0,1.0,0.0,1.0241043389386022,1.052141989103754,1.4437853402895855,1.2890525341578178,1.5254626267603084,1.1273559669127455,1.0470538821967705,0.9923197111088119,0.2912893000872942,0.7073964265338605,1.0,1.0,0.0,0.0,0.0,0.0,2.0,4.0
5.0,0.0,0.0,1.0,0.0,0.0,0.0,0.0,0.0,1.0,0.0,1.0,0.0,0.0,1.0,1.0,0.0,1.0,1.0,0.0,1.0,0.0,0.0,1.0,1.0,0.0,0.8693363450581871,0.9116570755571506,0.9706422532905747,0.9509681558443094,0.9465570570188917,0.9356143306100736,0.9470489806372405,0.8473263365088749,0.8328779562284387,0.7910592797233263,1.0,1.0,0.0,0.0,0.0,0.0,2.0,4.0
5.0,0.0,0.0,1.0,0.0,0.0,0.0,0.0,0.0,1.0,0.0,1.0,0.0,0.0,1.0,1.0,0.0,1.0,1.0,0.0,1.0,0.0,0.0,1.0,1.0,0.0,0.7514932467903426,0.5030747127529103,1.0652003768044236,0.7619405727202581,0.8475239423644056,0.5691121527873417,0.5798118072115709,0.682398301074729,0.4188704536144178,0.45272030768627375,1.0,1.0,0.0,0.0,0.0,0.0,2.0,4.0
5.0,0.0,0.0,1.0,0.0,0.0,0.0,0.0,0.0,1.0,0.0,1.0,0.0,0.0,1.0,1.0,0.0,1.0,1.0,0.0,1.0,0.0,0.0,1.0,1.0,0.0,0.7369189736730712,0.5031156096545646,1.0691614031036714,0.8102912011278859,0.830408469950193,0.593224062733351,0.5269473508589936,0.6784924368770612,0.4233074640469932,0.4817982386133279,1.0,1.0,0.0,0.0,0.0,0.0,2.0,4.0
5.0,0.0,0.0,1.0,0.0,0.0,0.0,0.0,0.0,1.0,0.0,1.0,0.0,0.0,1.0,1.0,0.0,1.0,1.0,0.0,1.0,0.0,0.0,1.0,1.0,0.0,0.9327152067360608,0.9214621721916805,0.9077335307435076,0.9356389207971352,0.9191397766824405,0.9354123807351261,0.9249746132154906,0.9147379127500668,0.8073228746667124,0.8870064397057196,1.0,1.0,0.0,0.0,0.0,0.0,2.0,4.0
5.0,0.0,0.0,1.0,0.0,0.0,0.0,0.0,0.0,1.0,0.0,1.0,0.0,0.0,1.0,1.0,0.0,1.0,1.0,0.0,1.0,0.0,0.0,1.0,1.0,0.0,0.9448575464400036,0.917931225419116,0.9756765379021652,0.9520114508006093,0.9654499514016709,0.9648459742398002,0.9253559024620495,0.9420091127411271,0.7990231314176336,0.876142547524524,1.0,1.0,0.0,0.0,0.0,0.0,2.0,4.0
5.0,0.0,0.0,1.0,0.0,0.0,0.0,0.0,0.0,1.0,0.0,1.0,0.0,0.0,1.0,1.0,0.0,1.0,1.0,0.0,1.0,0.0,0.0,1.0,1.0,0.0,0.8954633090511596,0.8739253361831161,0.9655180576823241,0.9090968839040838,0.9391818693937387,0.9223593796989503,0.9160717592777675,0.8465088587901071,0.7884391611369586,0.7925859873733437,1.0,1.0,0.0,0.0,0.0,0.0,2.0,4.0
5.0,0.0,0.0,1.0,0.0,0.0,0.0,0.0,0.0,1.0,0.0,1.0,0.0,0.0,1.0,1.0,0.0,1.0,1.0,0.0,1.0,0.0,0.0,1.0,1.0,0.0,0.7208098564120251,0.6206548481871685,0.7765099247916002,0.846314162813566,0.7927798937338727,0.7588656577674224,0.6461486381078707,0.6711734335759975,0.6843247939738425,0.5504531944398454,1.0,1.0,0.0,0.0,0.0,0.0,2.0,4.0
5.0,0.0,0.0,1.0,0.0,0.0,0.0,0.0,0.0,1.0,0.0,1.0,0.0,0.0,1.0,1.0,0.0,1.0,1.0,0.0,1.0,0.0,0.0,1.0,1.0,0.0,0.8865973096863785,0.911631256342999,0.9750985551973218,0.9376740644975363,0.9478868370232589,0.9470669570002761,0.9161039973392288,0.8705839451718639,0.751413539686278,0.8540344494536509,1.0,1.0,0.0,0.0,0.0,0.0,2.0,4.0
5.0,0.0,0.0,1.0,0.0,0.0,0.0,0.0,0.0,1.0,0.0,1.0,0.0,0.0,1.0,1.0,0.0,1.0,1.0,0.0,1.0,0.0,0.0,1.0,1.0,0.0,0.9297465466535514,0.9193982646872164,0.9665026826329869,0.941094511440232,0.9663868818843304,0.9390472132746154,0.9261844297012893,0.9189406973440666,0.807166680143873,0.8893095261406203,1.0,1.0,0.0,0.0,0.0,0.0,2.0,4.0
5.0,0.0,0.0,1.0,0.0,0.0,0.0,0.0,0.0,1.0,0.0,1.0,0.0,0.0,1.0,1.0,0.0,1.0,1.0,0.0,1.0,0.0,0.0,1.0,1.0,0.0,0.893383341842347,0.930658809078805,0.9657869244209996,0.9258496768976691,0.9513469507582648,0.925945553391092,0.9162355766057344,0.8697824031044611,0.8185344060534426,0.8459553873341008,1.0,1.0,0.0,0.0,0.0,0.0,2.0,4.0
5.0,0.0,0.0,1.0,0.0,0.0,0.0,0.0,0.0,1.0,0.0,1.0,0.0,0.0,1.0,1.0,0.0,1.0,1.0,0.0,1.0,0.0,0.0,1.0,1.0,0.0,0.3684151967431278,0.45815554885750653,0.6183718733525159,0.06526407853415611,0.26812672161637313,0.38779978639362633,0.4667047172603178,0.636347547271841,0.32519268891841335,0.8194490344844498,1.0,1.0,0.0,0.0,0.0,0.0,2.0,4.0
5.0,0.0,0.0,1.0,0.0,0.0,0.0,0.0,0.0,1.0,0.0,1.0,0.0,0.0,1.0,1.0,0.0,1.0,1.0,0.0,1.0,0.0,0.0,1.0,1.0,0.0,0.8675741113471719,0.9159207972026258,0.9695535564678078,0.9509681558443094,0.9465570570188917,0.9356143306100736,0.9470489806372405,0.8474355366445421,0.832791102585231,0.7948334999311463,1.0,1.0,0.0,0.0,0.0,0.0,2.0,4.0
5.0,0.0,0.0,1.0,0.0,0.0,0.0,0.0,0.0,1.0,0.0,1.0,0.0,0.0,1.0,1.0,0.0,1.0,1.0,0.0,1.0,0.0,0.0,1.0,1.0,0.0,0.9330025362554535,0.9235312909860977,0.962009759238699,0.9512807940449514,0.9652052456369746,0.9674826576265291,0.9234521241007991,0.9173493548319419,0.8248238238233202,0.8833635574219019,1.0,1.0,0.0,0.0,0.0,0.0,2.0,4.0
5.0,0.0,0.0,1.0,0.0,0.0,0.0,0.0,0.0,1.0,0.0,1.0,0.0,0.0,1.0,1.0,0.0,1.0,1.0,0.0,1.0,0.0,0.0,1.0,1.0,0.0,0.9319440847636843,0.9218371065975787,0.9760543135015703,0.9411786249107226,0.9563678356650113,0.9358323992730301,0.9218594624686156,0.9542362363438256,0.8170767777450113,0.8299244773988064,1.0,1.0,0.0,0.0,0.0,0.0,2.0,4.0
5.0,0.0,0.0,1.0,0.0,0.0,0.0,0.0,0.0,1.0,0.0,1.0,0.0,0.0,1.0,1.0,0.0,1.0,1.0,0.0,1.0,0.0,0.0,1.0,1.0,0.0,0.9327152067360608,0.9214621721916805,0.9088690661357528,0.9358709890970771,0.9195877003458368,0.9354123807351261,0.9249746132154906,0.9147379127500668,0.7740984036413376,0.8870064397057196,1.0,1.0,0.0,0.0,0.0,0.0,2.0,4.0
5.0,0.0,0.0,1.0,0.0,0.0,0.0,0.0,0.0,1.0,0.0,1.0,0.0,0.0,1.0,1.0,0.0,1.0,1.0,0.0,1.0,0.0,0.0,1.0,1.0,0.0,0.9277232495831284,0.9172492331725061,0.9730782094973489,0.9433486839967332,0.9741667437522481,0.9377402269389593,0.9258446411427023,0.921333351930601,0.8354647150657609,0.88564240041729,1.0,1.0,0.0,0.0,0.0,0.0,2.0,4.0
5.0,0.0,0.0,1.0,0.0,0.0,0.0,0.0,0.0,1.0,0.0,1.0,0.0,0.0,1.0,1.0,0.0,1.0,1.0,0.0,1.0,0.0,0.0,1.0,1.0,0.0,0.9341235404347658,0.9088805802562951,0.9549783192741385,0.9145098255970213,0.9619062502381699,0.9218207705779309,0.9143886535888198,0.9217510733296064,0.755092894145988,0.8504894632814753,1.0,1.0,0.0,0.0,0.0,0.0,2.0,4.0
5.0,0.0,0.0,1.0,0.0,0.0,0.0,0.0,0.0,1.0,0.0,1.0,0.0,0.0,1.0,1.0,0.0,1.0,1.0,0.0,1.0,0.0,0.0,1.0,1.0,0.0,0.8934741799822989,0.9122099540711298,0.9801867167515472,0.9292039312135675,0.9554797484169618,0.9419535542794087,0.9158132549508123,0.8681769518069883,0.7840738575608652,0.8326356976767157,1.0,1.0,0.0,0.0,0.0,0.0,2.0,4.0
5.0,0.0,0.0,1.0,0.0,0.0,0.0,0.0,0.0,1.0,0.0,1.0,0.0,0.0,1.0,1.0,0.0,1.0,1.0,0.0,1.0,0.0,0.0,1.0,1.0,0.0,0.8955501867480671,0.9362524148962262,0.96599547138505,0.934991366673691,0.9494990295167575,0.9353599431344878,0.9477817883542906,0.8697899318711657,0.8150232536068304,0.7907420105649079,1.0,1.0,0.0,0.0,0.0,0.0,2.0,4.0
5.0,0.0,0.0,1.0,0.0,0.0,0.0,0.0,0.0,1.0,0.0,1.0,0.0,0.0,1.0,1.0,0.0,1.0,1.0,0.0,1.0,0.0,0.0,1.0,1.0,0.0,1.0180098236458135,1.0503933414546316,1.2667330532943668,1.0813363462346794,1.2870310197947707,1.0517712086127566,1.0161053635515902,1.0416218253255918,0.5910961642469471,0.850479128225094,1.0,1.0,0.0,0.0,0.0,0.0,2.0,4.0
5.0,0.0,0.0,1.0,0.0,0.0,0.0,0.0,0.0,1.0,0.0,1.0,0.0,0.0,1.0,1.0,0.0,1.0,1.0,0.0,1.0,0.0,0.0,1.0,1.0,0.0,0.9269145655958121,0.9112031394282798,0.9507485623311475,0.9115537248148481,0.963339147699222,0.9203967951634725,0.9143261334240586,0.9135113078462682,0.7551341240908221,0.8797118481435663,1.0,1.0,0.0,0.0,0.0,0.0,2.0,4.0
5.0,0.0,0.0,1.0,0.0,0.0,0.0,0.0,0.0,1.0,0.0,1.0,0.0,0.0,1.0,1.0,0.0,1.0,1.0,0.0,1.0,0.0,0.0,1.0,1.0,0.0,0.6077066819741406,0.1079502161480965,0.6813051508091753,0.011272872737510424,0.5772460960195321,0.09660876746969843,0.9422821993707293,0.5092275816187124,0.3264501204941276,0.8281212599610814,1.0,1.0,0.0,0.0,0.0,0.0,2.0,4.0
