5.0,0.0,0.0,1.0,0.0,0.0,0.0,0.0,0.0,1.0,0.0,1.0,0.0,0.0,1.0,1.0,0.0,1.0,1.0,0.0,1.0,0.0,0.0,1.0,1.0,0.0,0.7831746521130247,0.5541527264088696,0.7362450854702679,0.6694313993317378,0.7603657803539406,0.6219325980308746,0.756333697757138,0.5437226124727607,0.9205931962311052,0.565432528884864,1.0,1.0,0.0,0.0,0.0,0.0,2.0,4.0
5.0,0.0,0.0,1.0,0.0,0.0,0.0,0.0,0.0,1.0,0.0,1.0,0.0,0.0,1.0,1.0,0.0,1.0,1.0,0.0,1.0,0.0,0.0,1.0,1.0,0.0,0.5715583439528426,0.46076426223949857,0.5930656715017939,0.45929335498357354,0.5923029805459099,0.45650685804346314,0.5721267053391543,0.46651676325274966,0.47218459404472196,0.551614667144839,1.0,1.0,0.0,0.0,0.0,0.0,2.0,4.0
5.0,0.0,0.0,1.0,0.0,0.0,0.0,0.0,0.0,1.0,0.0,1.0,0.0,0.0,1.0,1.0,0.0,1.0,1.0,0.0,1.0,0.0,0.0,1.0,1.0,0.0,0.7945914121483091,0.572330381318721,0.7557806957947136,0.7458664183802448,0.7712722870804773,0.6580754170522763,0.774418302991025,0.5615094441951245,0.9063067332093399,0.5801179758215519,1.0,1.0,0.0,0.0,0.0,0.0,2.0,4.0
5.0,0.0,0.0,1.0,0.0,0.0,0.0,0.0,0.0,1.0,0.0,1.0,0.0,0.0,1.0,1.0,0.0,1.0,1.0,0.0,1.0,0.0,0.0,1.0,1.0,0.0,0.5927985593518496,0.4637669581824564,0.58842218002747,0.4240620515043299,0.5802443951898612,0.4269382680800441,0.6066122405652324,0.47111339395332835,0.7142170507084692,0.5469100560642001,1.0,1.0,0.0,0.0,0.0,0.0,2.0,4.0
5.0,0.0,0.0,1.0,0.0,0.0,0.0,0.0,0.0,1.0,0.0,1.0,0.0,0.0,1.0,1.0,0.0,1.0,1.0,0.0,1.0,0.0,0.0,1.0,1.0,0.0,0.5927972713675596,0.46341286478154753,0.58842218002747,0.4240620515043299,0.5802451256496136,0.4269382680800441,0.6066122405652324,0.47111339395332835,0.7141539150244243,0.5469100560642001,1.0,1.0,0.0,0.0,0.0,0.0,2.0,4.0
5.0,0.0,0.0,1.0,0.0,0.0,0.0,0.0,0.0,1.0,0.0,1.0,0.0,0.0,1.0,1.0,0.0,1.0,1.0,0.0,1.0,0.0,0.0,1.0,1.0,0.0,0.7816031474361163,0.5507496495594786,0.7346916273506254,0.6419891061485684,0.7631310008568215,0.613801708117026,0.7599865990844403,0.5447012534301088,0.9218833056866205,0.5816049501018312,1.0,1.0,0.0,0.0,0.0,0.0,2.0,4.0
5.0,0.0,0.0,1.0,0.0,0.0,0.0,0.0,0.0,1.0,0.0,1.0,0.0,0.0,1.0,1.0,0.0,1.0,1.0,0.0,1.0,0.0,0.0,1.0,1.0,0.0,0.7779713234678414,0.5483767469690471,0.7374062913603355,0.6408280238997212,0.7747482384926502,0.6164165739055759,0.7613506345750518,0.5443747324960693,0.9289601685958866,0.5583159396275118,1.0,1.0,0.0,0.0,0.0,0.0,2.0,4.0
5.0,0.0,0.0,1.0,0.0,0.0,0.0,0.0,0.0,1.0,0.0,1.0,0.0,0.0,1.0,1.0,0.0,1.0,1.0,0.0,1.0,0.0,0.0,1.0,1.0,0.0,0.7744636413155439,0.5465683110951088,0.7269027567468724,0.6546335938379979,0.7723889014267076,0.615913663394006,0.7645129332086242,0.5420629950680915,0.927826096992361,0.565357636287062,1.0,1.0,0.0,0.0,0.0,0.0,2.0,4.0
5.0,0.0,0.0,1.0,0.0,0.0,0.0,0.0,0.0,1.0,0.0,1.0,0.0,0.0,1.0,1.0,0.0,1.0,1.0,0.0,1.0,0.0,0.0,1.0,1.0,0.0,0.7778879080113454,0.5514143468696711,0.7458861386892757,0.6388802748427918,0.7573002196439911,0.6138134761796109,0.7550095472394042,0.5449493971093994,0.9054552238514236,0.5650679558684667,1.0,1.0,0.0,0.0,0.0,0.0,2.0,4.0
5.0,0.0,0.0,1.0,0.0,0.0,0.0,0.0,0.0,1.0,0.0,1.0,0.0,0.0,1.0,1.0,0.0,1.0,1.0,0.0,1.0,0.0,0.0,1.0,1.0,0.0,0.5931513259471058,0.4655648243047725,0.5940059383890153,0.440765474252616,0.5912872293713878,0.4422943143566541,0.6161952574848659,0.46278728431431354,0.7538574836664478,0.5426669554950677,1.0,1.0,0.0,0.0,0.0,0.0,2.0,4.0
5.0,0.0,0.0,1.0,0.0,0.0,0.0,0.0,0.0,1.0,0.0,1.0,0.0,0.0,1.0,1.0,0.0,1.0,1.0,0.0,1.0,0.0,0.0,1.0,1.0,0.0,0.5932450688841547,0.4637388230713921,0.5884884153236715,0.42400170261970677,0.580245322079381,0.426938358650178,0.6065436223265269,0.4711454924153943,0.7120042549856577,0.5469036684979997,1.0,1.0,0.0,0.0,0.0,0.0,2.0,4.0
5.0,0.0,0.0,1.0,0.0,0.0,0.0,0.0,0.0,1.0,0.0,1.0,0.0,0.0,1.0,1.0,0.0,1.0,1.0,0.0,1.0,0.0,0.0,1.0,1.0,0.0,0.7879093190855302,0.553600137463437,0.7440875937016451,0.6303783766650078,0.7636003646958947,0.6117092017497111,0.7559883394781594,0.5451431340663975,0.9217099057019064,0.5659415142023415,1.0,1.0,0.0,0.0,0.0,0.0,2.0,4.0
5.0,0.0,0.0,1.0,0.0,0.0,0.0,0.0,0.0,1.0,0.0,1.0,0.0,0.0,1.0,1.0,0.0,1.0,1.0,0.0,1.0,0.0,0.0,1.0,1.0,0.0,0.5731198667859753,0.4640156367145641,0.5933203151492829,0.45867513949094735,0.5924258688898545,0.45650329619860736,0.5720666365547789,0.46550854647808,0.5136178887967603,0.5516139208538448,1.0,1.0,0.0,0.0,0.0,0.0,2.0,4.0
5.0,0.0,0.0,1.0,0.0,0.0,0.0,0.0,0.0,1.0,0.0,1.0,0.0,0.0,1.0,1.0,0.0,1.0,1.0,0.0,1.0,0.0,0.0,1.0,1.0,0.0,0.5834167776663636,0.46675235508320845,0.588846687687157,0.41988647591784445,0.5675669724618577,0.42574394691946993,0.6008206550733386,0.47385332042884987,0.7060490000842783,0.5675481064125971,1.0,1.0,0.0,0.0,0.0,0.0,2.0,4.0
5.0,0.0,0.0,1.0,0.0,0.0,0.0,0.0,0.0,1.0,0.0,1.0,0.0,0.0,1.0,1.0,0.0,1.0,1.0,0.0,1.0,0.0,0.0,1.0,1.0,0.0,0.5913390392298625,0.46396500579430694,0.5929403330556505,0.44253442795299625,0.5923165628295363,0.44281734282941526,0.6067222568982165,0.46191179600362914,0.7110588679040638,0.5431698575678375,1.0,1.0,0.0,0.0,0.0,0.0,2.0,4.0
5.0,0.0,0.0,1.0,0.0,0.0,0.0,0.0,0.0,1.0,0.0,1.0,0.0,0.0,1.0,1.0,0.0,1.0,1.0,0.0,1.0,0.0,0.0,1.0,1.0,0.0,0.7779713234678414,0.5483767469690471,0.7376960420476346,0.6445311104048944,0.7747482384926502,0.6164379988386599,0.7613506345750518,0.5443747324960693,0.9289601685958866,0.5583159396275118,1.0,1.0,0.0,0.0,0.0,0.0,2.0,4.0
5.0,0.0,0.0,1.0,0.0,0.0,0.0,0.0,0.0,1.0,0.0,1.0,0.0,0.0,1.0,1.0,0.0,1.0,1.0,0.0,1.0,0.0,0.0,1.0,1.0,0.0,0.5709522030539073,0.46000244784449196,0.5916025790440489,0.4581017264369679,0.5907609893502859,0.4553372663728996,0.5699396220602773,0.4645430253313648,0.4625304706179355,0.542567870582156,1.0,1.0,0.0,0.0,0.0,0.0,2.0,4.0
5.0,0.0,0.0,1.0,0.0,0.0,0.0,0.0,0.0,1.0,0.0,1.0,0.0,0.0,1.0,1.0,0.0,1.0,1.0,0.0,1.0,0.0,0.0,1.0,1.0,0.0,0.571550252875944,0.46074343813847607,0.5930748710998983,0.4592871563032864,0.5923029805459099,0.45650670700090384,0.5721267053391543,0.46652227776257305,0.4787102879684098,0.5517705227478601,1.0,1.0,0.0,0.0,0.0,0.0,2.0,4.0
5.0,0.0,0.0,1.0,0.0,0.0,0.0,0.0,0.0,1.0,0.0,1.0,0.0,0.0,1.0,1.0,0.0,1.0,1.0,0.0,1.0,0.0,0.0,1.0,1.0,0.0,0.5932829378566049,0.4655690054725284,0.5940059383890153,0.44133452121649364,0.5924257926871155,0.44278500898640616,0.6162200272946488,0.45323283475160786,0.7541367998104527,0.5426692433108183,1.0,1.0,0.0,0.0,0.0,0.0,2.0,4.0
5.0,0.0,0.0,1.0,0.0,0.0,0.0,0.0,0.0,1.0,0.0,1.0,0.0,0.0,1.0,1.0,0.0,1.0,1.0,0.0,1.0,0.0,0.0,1.0,1.0,0.0,0.5684457079737543,0.45015318879108857,0.569327053058157,0.4196986244822451,0.5795476069745562,0.42452389841839566,0.5560157663684914,0.44773271256140357,0.3998269705371461,0.5311433142427204,1.0,1.0,0.0,0.0,0.0,0.0,2.0,4.0
5.0,0.0,0.0,1.0,0.0,0.0,0.0,0.0,0.0,1.0,0.0,1.0,0.0,0.0,1.0,1.0,0.0,1.0,1.0,0.0,1.0,0.0,0.0,1.0,1.0,0.0,0.7812060694963933,0.5488420789846621,0.7380466614981068,0.6307990950912401,0.7798751377032508,0.6166121690535016,0.774632117035307,0.5469519892708471,0.9289562548018994,0.5582414174293966,1.0,1.0,0.0,0.0,0.0,0.0,2.0,4.0
5.0,0.0,0.0,1.0,0.0,0.0,0.0,0.0,0.0,1.0,0.0,1.0,0.0,0.0,1.0,1.0,0.0,1.0,1.0,0.0,1.0,0.0,0.0,1.0,1.0,0.0,0.7743321681089272,0.5506282346628136,0.7492433757746246,0.6524028232252516,0.772553402548796,0.6167704359594997,0.7556382914174488,0.5499770100512585,0.9204996403650267,0.5604729863164072,1.0,1.0,0.0,0.0,0.0,0.0,2.0,4.0
5.0,0.0,0.0,1.0,0.0,0.0,0.0,0.0,0.0,1.0,0.0,1.0,0.0,0.0,1.0,1.0,0.0,1.0,1.0,0.0,1.0,0.0,0.0,1.0,1.0,0.0,0.583488239095749,0.46519008927033256,0.5834999553716387,0.44124313730676545,0.5879828208634985,0.4430077142248901,0.5719436234927925,0.46476420208873126,0.4121267537693507,0.5264705943041882,1.0,1.0,0.0,0.0,0.0,0.0,2.0,4.0
5.0,0.0,0.0,1.0,0.0,0.0,0.0,0.0,0.0,1.0,0.0,1.0,0.0,0.0,1.0,1.0,0.0,1.0,1.0,0.0,1.0,0.0,0.0,1.0,1.0,0.0,0.7871284241479319,0.5537766673850095,0.7458861386892757,0.6388802748427918,0.7578636875979695,0.6138134761796109,0.7519612053810906,0.5449493971093994,0.9058053479584229,0.5657285488430307,1.0,1.0,0.0,0.0,0.0,0.0,2.0,4.0
5.0,0.0,0.0,1.0,0.0,0.0,0.0,0.0,0.0,1.0,0.0,1.0,0.0,0.0,1.0,1.0,0.0,1.0,1.0,0.0,1.0,0.0,0.0,1.0,1.0,0.0,0.5710451854138909,0.45997134170139037,0.5915222792616127,0.4581017264369679,0.5907647619415364,0.45534218636933677,0.5699938811726305,0.46453891089062554,0.4603363362632433,0.5398141883519516,1.0,1.0,0.0,0.0,0.0,0.0,2.0,4.0
5.0,0.0,0.0,1.0,0.0,0.0,0.0,0.0,0.0,1.0,0.0,1.0,0.0,0.0,1.0,1.0,0.0,1.0,1.0,0.0,1.0,0.0,0.0,1.0,1.0,0.0,0.7709939669767439,0.5648701699689402,0.7444076605362824,0.741442695546599,0.7597790733343395,0.6537174943810701,0.7636436104376724,0.5546309501661332,0.8943299218649458,0.5735157406938132,1.0,1.0,0.0,0.0,0.0,0.0,2.0,4.0
5.0,0.0,0.0,1.0,0.0,0.0,0.0,0.0,0.0,1.0,0.0,1.0,0.0,0.0,1.0,1.0,0.0,1.0,1.0,0.0,1.0,0.0,0.0,1.0,1.0,0.0,0.5817569190152013,0.46475516811957124,0.5929864478956097,0.45773880025104285,0.5924608047375103,0.45771216900764555,0.582096325880259,0.46530298239845114,0.5503539144781625,0.5505801241520467,1.0,1.0,0.0,0.0,0.0,0.0,2.0,4.0
5.0,0.0,0.0,1.0,0.0,0.0,0.0,0.0,0.0,1.0,0.0,1.0,0.0,0.0,1.0,1.0,0.0,1.0,1.0,0.0,1.0,0.0,0.0,1.0,1.0,0.0,0.5815140765665517,0.4623449549377693,0.5929661937112716,0.45817253730661495,0.5925984167757998,0.4581848124091021,0.5822111754977035,0.4647558284570334,0.549051927736867,0.545025055040242,1.0,1.0,0.0,0.0,0.0,0.0,2.0,4.0
5.0,0.0,0.0,1.0,0.0,0.0,0.0,0.0,0.0,1.0,0.0,1.0,0.0,0.0,1.0,1.0,0.0,1.0,1.0,0.0,1.0,0.0,0.0,1.0,1.0,0.0,0.7809673800870048,0.5507336423033964,0.7403804085995601,0.6574063524452991,0.7735823840388327,0.6201430879265014,0.770083856925126,0.5448375710380036,0.9305713402354978,0.5678755183793427,1.0,1.0,0.0,0.0,0.0,0.0,2.0,4.0
5.0,0.0,0.0,1.0,0.0,0.0,0.0,0.0,0.0,1.0,0.0,1.0,0.0,0.0,1.0,1.0,0.0,1.0,1.0,0.0,1.0,0.0,0.0,1.0,1.0,0.0,0.5914847397090912,0.46486548395686306,0.5929514603518883,0.44250022412104123,0.5924894730516955,0.44261201549938206,0.6044138616231272,0.46289757851123925,0.6826088060586923,0.5512321639022116,1.0,1.0,0.0,0.0,0.0,0.0,2.0,4.0
5.0,0.0,0.0,1.0,0.0,0.0,0.0,0.0,0.0,1.0,0.0,1.0,0.0,0.0,1.0,1.0,0.0,1.0,1.0,0.0,1.0,0.0,0.0,1.0,1.0,0.0,0.7816031474361163,0.5507496495594786,0.7296600848205784,0.6683184122240318,0.7631310008568215,0.6218673323559674,0.7601095667648841,0.5447779193389547,0.9201997485939186,0.5815091609429538,1.0,1.0,0.0,0.0,0.0,0.0,2.0,4.0
5.0,0.0,0.0,1.0,0.0,0.0,0.0,0.0,0.0,1.0,0.0,1.0,0.0,0.0,1.0,1.0,0.0,1.0,1.0,0.0,1.0,0.0,0.0,1.0,1.0,0.0,0.589722781625232,0.4648203816378062,0.5943663553094469,0.44247724054785503,0.5925380847850394,0.4427499877072649,0.6040082183941219,0.4648596919400922,0.6748424914917744,0.5927506392974509,1.0,1.0,0.0,0.0,0.0,0.0,2.0,4.0
5.0,0.0,0.0,1.0,0.0,0.0,0.0,0.0,0.0,1.0,0.0,1.0,0.0,0.0,1.0,1.0,0.0,1.0,1.0,0.0,1.0,0.0,0.0,1.0,1.0,0.0,0.5835798412337068,0.46387872069439656,0.5925438120716907,0.44253678002140256,0.592457914238935,0.44259577208249523,0.6007158849479123,0.46468152935625573,0.6682549005176502,0.5363448522745231,1.0,1.0,0.0,0.0,0.0,0.0,2.0,4.0
5.0,0.0,0.0,1.0,0.0,0.0,0.0,0.0,0.0,1.0,0.0,1.0,0.0,0.0,1.0,1.0,0.0,1.0,1.0,0.0,1.0,0.0,0.0,1.0,1.0,0.0,0.5914847397090912,0.46486548395686306,0.5929548437113706,0.44250022412104123,0.5924894730516955,0.44261201549938206,0.6043373201201822,0.46289757851123925,0.6821796203574204,0.5512321639022116,1.0,1.0,0.0,0.0,0.0,0.0,2.0,4.0
5.0,0.0,0.0,1.0,0.0,0.0,0.0,0.0,0.0,1.0,0.0,1.0,0.0,0.0,1.0,1.0,0.0,1.0,1.0,0.0,1.0,0.0,0.0,1.0,1.0,0.0,0.5676044470801522,0.4526996267884158,0.5716798246673434,0.420118198041173,0.581226955579008,0.42511394154686183,0.5556053121100587,0.44949997393992913,0.404200388158329,0.5315354960052393,1.0,1.0,0.0,0.0,0.0,0.0,2.0,4.0
5.0,0.0,0.0,1.0,0.0,0.0,0.0,0.0,0.0,1.0,0.0,1.0,0.0,0.0,1.0,1.0,0.0,1.0,1.0,0.0,1.0,0.0,0.0,1.0,1.0,0.0,0.5959204830510281,0.46363817949160857,0.593372744037116,0.44248573909206,0.5927890914306486,0.44276234308642815,0.6050495606930593,0.4629384293186235,0.6908700062709228,0.5487656257295288,1.0,1.0,0.0,0.0,0.0,0.0,2.0,4.0
5.0,0.0,0.0,1.0,0.0,0.0,0.0,0.0,0.0,1.0,0.0,1.0,0.0,0.0,1.0,1.0,0.0,1.0,1.0,0.0,1.0,0.0,0.0,1.0,1.0,0.0,0.781379894470531,0.5507496495594786,0.7346916273506254,0.6419891061485684,0.7631310008568215,0.613801708117026,0.7591268100774516,0.5447012534301088,0.9218833056866205,0.5813716659309237,1.0,1.0,0.0,0.0,0.0,0.0,2.0,4.0
5.0,0.0,0.0,1.0,0.0,0.0,0.0,0.0,0.0,1.0,0.0,1.0,0.0,0.0,1.0,1.0,0.0,1.0,1.0,0.0,1.0,0.0,0.0,1.0,1.0,0.0,0.5913390392298625,0.46396500579430694,0.5929422683133567,0.44253442795299625,0.5923165628295363,0.44281734282941526,0.6067738438796454,0.46191179600362914,0.7110588679040638,0.5431698575678375,1.0,1.0,0.0,0.0,0.0,0.0,2.0,4.0
5.0,0.0,0.0,1.0,0.0,0.0,0.0,0.0,0.0,1.0,0.0,1.0,0.0,0.0,1.0,1.0,0.0,1.0,1.0,0.0,1.0,0.0,0.0,1.0,1.0,0.0,0.5934908948720441,0.46609918429862496,0.5937486709996146,0.44228518179705456,0.5924787473498955,0.44277738986995846,0.6098300627796801,0.46225442213269224,0.7150330107413567,0.5450616382391873,1.0,1.0,0.0,0.0,0.0,0.0,2.0,4.0
5.0,0.0,0.0,1.0,0.0,0.0,0.0,0.0,0.0,1.0,0.0,1.0,0.0,0.0,1.0,1.0,0.0,1.0,1.0,0.0,1.0,0.0,0.0,1.0,1.0,0.0,0.7779713234678414,0.5483767469690471,0.7374062913603355,0.6408324744117594,0.7723633962384799,0.6164143842654124,0.7613506345750518,0.5454386425917374,0.9289601685958866,0.5583159396275118,1.0,1.0,0.0,0.0,0.0,0.0,2.0,4.0
5.0,0.0,0.0,1.0,0.0,0.0,0.0,0.0,0.0,1.0,0.0,1.0,0.0,0.0,1.0,1.0,0.0,1.0,1.0,0.0,1.0,0.0,0.0,1.0,1.0,0.0,0.7764233494070383,0.5459789933630987,0.7205127285990385,0.6443928546656084,0.7723889014267076,0.6175836865994028,0.7673106047655828,0.5419641801799401,0.9287932019433208,0.5658122756767403,1.0,1.0,0.0,0.0,0.0,0.0,2.0,4.0
5.0,0.0,0.0,1.0,0.0,0.0,0.0,0.0,0.0,1.0,0.0,1.0,0.0,0.0,1.0,1.0,0.0,1.0,1.0,0.0,1.0,0.0,0.0,1.0,1.0,0.0,0.5813235565372431,0.4641359020102204,0.5936186378961305,0.44891797982038595,0.5924646336702103,0.4483091644722503,0.582096325880259,0.46530298239845114,0.5665997086799881,0.5590549654530733,1.0,1.0,0.0,0.0,0.0,0.0,2.0,4.0
5.0,0.0,0.0,1.0,0.0,0.0,0.0,0.0,0.0,1.0,0.0,1.0,0.0,0.0,1.0,1.0,0.0,1.0,1.0,0.0,1.0,0.0,0.0,1.0,1.0,0.0,0.7811750260280959,0.5482249994467847,0.7352946109035325,0.6312846923792458,0.7780395712257879,0.6166506874517648,0.7774706923841916,0.5469545949192675,0.9221287457839867,0.5618900101099913,1.0,1.0,0.0,0.0,0.0,0.0,2.0,4.0
5.0,0.0,0.0,1.0,0.0,0.0,0.0,0.0,0.0,1.0,0.0,1.0,0.0,0.0,1.0,1.0,0.0,1.0,1.0,0.0,1.0,0.0,0.0,1.0,1.0,0.0,0.5690954765207488,0.4529910159498039,0.57185660358613,0.4210095138734169,0.5796858683921554,0.42461555573024523,0.5556894554389715,0.45104055927210285,0.40481455691095297,0.5359676020039711,1.0,1.0,0.0,0.0,0.0,0.0,2.0,4.0
5.0,0.0,0.0,1.0,0.0,0.0,0.0,0.0,0.0,1.0,0.0,1.0,0.0,0.0,1.0,1.0,0.0,1.0,1.0,0.0,1.0,0.0,0.0,1.0,1.0,0.0,0.591934985203008,0.46524112600497125,0.5929836274074349,0.442734603620537,0.5922706704318382,0.4429913160086314,0.6056827698207333,0.4648693369215864,0.7049271100628579,0.5521094388182627,1.0,1.0,0.0,0.0,0.0,0.0,2.0,4.0
5.0,0.0,0.0,1.0,0.0,0.0,0.0,0.0,0.0,1.0,0.0,1.0,0.0,0.0,1.0,1.0,0.0,1.0,1.0,0.0,1.0,0.0,0.0,1.0,1.0,0.0,0.7736718980544911,0.5479932653533712,0.7500769892518485,0.639160827414112,0.7801369517953537,0.6101522927354769,0.7608163523651791,0.5468508787439812,0.9217958338833732,0.5445438742380799,1.0,1.0,0.0,0.0,0.0,0.0,2.0,4.0
5.0,0.0,0.0,1.0,0.0,0.0,0.0,0.0,0.0,1.0,0.0,1.0,0.0,0.0,1.0,1.0,0.0,1.0,1.0,0.0,1.0,0.0,0.0,1.0,1.0,0.0,0.599936885442475,0.46534446896637005,0.5928177668406154,0.4478113277666506,0.5927895143904749,0.4481920186786913,0.6029663734089603,0.4648000618479487,0.6721340117303295,0.5454210716746377,1.0,1.0,0.0,0.0,0.0,0.0,2.0,4.0
5.0,0.0,0.0,1.0,0.0,0.0,0.0,0.0,0.0,1.0,0.0,1.0,0.0,0.0,1.0,1.0,0.0,1.0,1.0,0.0,1.0,0.0,0.0,1.0,1.0,0.0,0.5818935354313466,0.4640939588019763,0.5932605701262361,0.45952415684644105,0.5921773404214581,0.45864716382419773,0.5825337610695307,0.46550854647808,0.5187146597576107,0.549343237523937,1.0,1.0,0.0,0.0,0.0,0.0,2.0,4.0
5.0,0.0,0.0,1.0,0.0,0.0,0.0,0.0,0.0,1.0,0.0,1.0,0.0,0.0,1.0,1.0,0.0,1.0,1.0,0.0,1.0,0.0,0.0,1.0,1.0,0.0,0.5914847397090912,0.46486548395686306,0.5929548437113706,0.44250022412104123,0.59248874719221,0.44261162682474875,0.6043373201201822,0.4630619411555998,0.6847072845510978,0.5481868949668013,1.0,1.0,0.0,0.0,0.0,0.0,2.0,4.0
5.0,0.0,0.0,1.0,0.0,0.0,0.0,0.0,0.0,1.0,0.0,1.0,0.0,0.0,1.0,1.0,0.0,1.0,1.0,0.0,1.0,0.0,0.0,1.0,1.0,0.0,0.5713945900877677,0.46154405083496153,0.5930948220949775,0.4602963030647781,0.5921911979383546,0.4565964347373279,0.5690748247851458,0.4656885907922743,0.4608083279432731,0.549296600992471,1.0,1.0,0.0,0.0,0.0,0.0,2.0,4.0
5.0,0.0,0.0,1.0,0.0,0.0,0.0,0.0,0.0,1.0,0.0,1.0,0.0,0.0,1.0,1.0,0.0,1.0,1.0,0.0,1.0,0.0,0.0,1.0,1.0,0.0,0.5984659618892084,0.4653883485638698,0.5928848012389543,0.442482310469597,0.5924970760433907,0.44269161913708827,0.6005583146919854,0.4655168487057656,0.6600232198322752,0.5450126370016362,1.0,1.0,0.0,0.0,0.0,0.0,2.0,4.0
5.0,0.0,0.0,1.0,0.0,0.0,0.0,0.0,0.0,1.0,0.0,1.0,0.0,0.0,1.0,1.0,0.0,1.0,1.0,0.0,1.0,0.0,0.0,1.0,1.0,0.0,0.595748665998716,0.4655780172894819,0.5945604181712768,0.44213022820238923,0.5928054045552725,0.44274505042217044,0.6050636953930074,0.464811344895057,0.6800508404712842,0.5698509789092341,1.0,1.0,0.0,0.0,0.0,0.0,2.0,4.0
5.0,0.0,0.0,1.0,0.0,0.0,0.0,0.0,0.0,1.0,0.0,1.0,0.0,0.0,1.0,1.0,0.0,1.0,1.0,0.0,1.0,0.0,0.0,1.0,1.0,0.0,0.779251413229104,0.5519683774528915,0.7432048534774982,0.6414420459415331,0.7565603361968131,0.6137734467495413,0.7562535428302446,0.543828164589897,0.9066000530513613,0.5655026339506095,1.0,1.0,0.0,0.0,0.0,0.0,2.0,4.0
5.0,0.0,0.0,1.0,0.0,0.0,0.0,0.0,0.0,1.0,0.0,1.0,0.0,0.0,1.0,1.0,0.0,1.0,1.0,0.0,1.0,0.0,0.0,1.0,1.0,0.0,0.7791819370259955,0.5488420789846621,0.7248912645234253,0.6341791888043209,0.7798751377032508,0.6166121690535016,0.774632117035307,0.5469519892708471,0.9269238257874387,0.5582414174293966,1.0,1.0,0.0,0.0,0.0,0.0,2.0,4.0
5.0,0.0,0.0,1.0,0.0,0.0,0.0,0.0,0.0,1.0,0.0,1.0,0.0,0.0,1.0,1.0,0.0,1.0,1.0,0.0,1.0,0.0,0.0,1.0,1.0,0.0,0.7831746521130247,0.5541527264088696,0.7303618960433657,0.6725001666213094,0.760433953574756,0.626511049633427,0.7552893322063247,0.5437226124727607,0.9205931962311052,0.56597636880281,1.0,1.0,0.0,0.0,0.0,0.0,2.0,4.0
5.0,0.0,0.0,1.0,0.0,0.0,0.0,0.0,0.0,1.0,0.0,1.0,0.0,0.0,1.0,1.0,0.0,1.0,1.0,0.0,1.0,0.0,0.0,1.0,1.0,0.0,0.5708910173820719,0.46000741066776474,0.5916272360103421,0.45813841161383695,0.5907649831034609,0.45539733563727,0.569851496897818,0.4645430253313648,0.4612651023771598,0.5419886895254588,1.0,1.0,0.0,0.0,0.0,0.0,2.0,4.0
5.0,0.0,0.0,1.0,0.0,0.0,0.0,0.0,0.0,1.0,0.0,1.0,0.0,0.0,1.0,1.0,0.0,1.0,1.0,0.0,1.0,0.0,0.0,1.0,1.0,0.0,0.7779110678517079,0.5482428046525926,0.7376445046182762,0.6445311104048944,0.7747482384926502,0.6164314258801483,0.7613506345750518,0.5443747324960693,0.9289601685958866,0.5586074051321148,1.0,1.0,0.0,0.0,0.0,0.0,2.0,4.0
5.0,0.0,0.0,1.0,0.0,0.0,0.0,0.0,0.0,1.0,0.0,1.0,0.0,0.0,1.0,1.0,0.0,1.0,1.0,0.0,1.0,0.0,0.0,1.0,1.0,0.0,0.7879093190855302,0.553600137463437,0.7447532433329855,0.6250575999700344,0.7636003646958947,0.6117092017497111,0.7569821650311326,0.5451431340663975,0.9217099057019064,0.5668135048872025,1.0,1.0,0.0,0.0,0.0,0.0,2.0,4.0
5.0,0.0,0.0,1.0,0.0,0.0,0.0,0.0,0.0,1.0,0.0,1.0,0.0,0.0,1.0,1.0,0.0,1.0,1.0,0.0,1.0,0.0,0.0,1.0,1.0,0.0,0.593213620588525,0.4655841992238199,0.594019211136516,0.44161565350577436,0.5925378279206854,0.4428324708882933,0.6162200272946488,0.45397761119539987,0.7541367998104527,0.542704651087658,1.0,1.0,0.0,0.0,0.0,0.0,2.0,4.0
5.0,0.0,0.0,1.0,0.0,0.0,0.0,0.0,0.0,1.0,0.0,1.0,0.0,0.0,1.0,1.0,0.0,1.0,1.0,0.0,1.0,0.0,0.0,1.0,1.0,0.0,0.5934908948720441,0.46609918429862496,0.5937890825666039,0.44228518179705456,0.59249701209866,0.4427762525575554,0.6098300627796801,0.4622355567620779,0.7150330107413567,0.5451306936785084,1.0,1.0,0.0,0.0,0.0,0.0,2.0,4.0
5.0,0.0,0.0,1.0,0.0,0.0,0.0,0.0,0.0,1.0,0.0,1.0,0.0,0.0,1.0,1.0,0.0,1.0,1.0,0.0,1.0,0.0,0.0,1.0,1.0,0.0,0.5913512443067163,0.46609978649211026,0.5936819483338875,0.44280684983945384,0.5912575092412224,0.44378769839229726,0.6085334446612323,0.4661424647727516,0.7100850910364424,0.5794930668697366,1.0,1.0,0.0,0.0,0.0,0.0,2.0,4.0
5.0,0.0,0.0,1.0,0.0,0.0,0.0,0.0,0.0,1.0,0.0,1.0,0.0,0.0,1.0,1.0,0.0,1.0,1.0,0.0,1.0,0.0,0.0,1.0,1.0,0.0,0.5817512972362274,0.4648401808161292,0.5929461904266488,0.45808924616881225,0.5924608047375103,0.4576537823539114,0.582096325880259,0.46537934534935355,0.5663200061166896,0.5503595365350555,1.0,1.0,0.0,0.0,0.0,0.0,2.0,4.0
5.0,0.0,0.0,1.0,0.0,0.0,0.0,0.0,0.0,1.0,0.0,1.0,0.0,0.0,1.0,1.0,0.0,1.0,1.0,0.0,1.0,0.0,0.0,1.0,1.0,0.0,0.56892016846108,0.45395811745706693,0.57185660358613,0.4198901236961627,0.5815448448832803,0.42461555573024523,0.5553594059431499,0.4511014413788736,0.40922251005639515,0.5452431340504831,1.0,1.0,0.0,0.0,0.0,0.0,2.0,4.0
5.0,0.0,0.0,1.0,0.0,0.0,0.0,0.0,0.0,1.0,0.0,1.0,0.0,0.0,1.0,1.0,0.0,1.0,1.0,0.0,1.0,0.0,0.0,1.0,1.0,0.0,0.782865222251693,0.5540461303581145,0.7362450854702679,0.6694313993317378,0.7603657803539406,0.6217187929836173,0.7552597789053985,0.5437226124727607,0.9206237110287278,0.5654070114113604,1.0,1.0,0.0,0.0,0.0,0.0,2.0,4.0
5.0,0.0,0.0,1.0,0.0,0.0,0.0,0.0,0.0,1.0,0.0,1.0,0.0,0.0,1.0,1.0,0.0,1.0,1.0,0.0,1.0,0.0,0.0,1.0,1.0,0.0,0.5957247764404093,0.4661071670877258,0.5930270162234862,0.44358595470941753,0.5924050442910779,0.4437903386018856,0.6029983062945489,0.4648763729569997,0.6750605540476255,0.5435688336727968,1.0,1.0,0.0,0.0,0.0,0.0,2.0,4.0
5.0,0.0,0.0,1.0,0.0,0.0,0.0,0.0,0.0,1.0,0.0,1.0,0.0,0.0,1.0,1.0,0.0,1.0,1.0,0.0,1.0,0.0,0.0,1.0,1.0,0.0,0.7832244073341339,0.5486401179897458,0.7449940818332007,0.654288264370002,0.7747482384926502,0.6178576817830018,0.7606523146564572,0.546006109976862,0.9247794677088663,0.5645510218310817,1.0,1.0,0.0,0.0,0.0,0.0,2.0,4.0
5.0,0.0,0.0,1.0,0.0,0.0,0.0,0.0,0.0,1.0,0.0,1.0,0.0,0.0,1.0,1.0,0.0,1.0,1.0,0.0,1.0,0.0,0.0,1.0,1.0,0.0,0.6008041052928893,0.46453082186737066,0.5924833434210858,0.44248755887143404,0.5925493853349874,0.4427856576050661,0.6026881390576254,0.46475086723480125,0.6629984718989569,0.5342212418187856,1.0,1.0,0.0,0.0,0.0,0.0,2.0,4.0
5.0,0.0,0.0,1.0,0.0,0.0,0.0,0.0,0.0,1.0,0.0,1.0,0.0,0.0,1.0,1.0,0.0,1.0,1.0,0.0,1.0,0.0,0.0,1.0,1.0,0.0,0.7779175074905326,0.5482428046525926,0.7376445046182762,0.6453543921386189,0.7747482384926502,0.6164314258801483,0.76134535758219,0.5443747324960693,0.9289601685958866,0.5585042155594121,1.0,1.0,0.0,0.0,0.0,0.0,2.0,4.0
5.0,0.0,0.0,1.0,0.0,0.0,0.0,0.0,0.0,1.0,0.0,1.0,0.0,0.0,1.0,1.0,0.0,1.0,1.0,0.0,1.0,0.0,0.0,1.0,1.0,0.0,0.5691710265063038,0.4529910159498039,0.57185660358613,0.4210095138734169,0.5796858683921554,0.42461555573024523,0.5556894554389715,0.45140681742985794,0.40481455691095297,0.5359676020039711,1.0,1.0,0.0,0.0,0.0,0.0,2.0,4.0
5.0,0.0,0.0,1.0,0.0,0.0,0.0,0.0,0.0,1.0,0.0,1.0,0.0,0.0,1.0,1.0,0.0,1.0,1.0,0.0,1.0,0.0,0.0,1.0,1.0,0.0,0.7835689131159307,0.5505794541159407,0.7341995723987648,0.6687450767033287,0.7757190294763626,0.6254869350273242,0.7661655480678136,0.5448375710380036,0.9268879000905599,0.5682153660961968,1.0,1.0,0.0,0.0,0.0,0.0,2.0,4.0
5.0,0.0,0.0,1.0,0.0,0.0,0.0,0.0,0.0,1.0,0.0,1.0,0.0,0.0,1.0,1.0,0.0,1.0,1.0,0.0,1.0,0.0,0.0,1.0,1.0,0.0,0.5715610286253512,0.4610760585194278,0.5929512474182289,0.45973006614019823,0.5921914981477424,0.4569738546509672,0.5715123324292556,0.46684399796610415,0.47218459404472196,0.5487747793413572,1.0,1.0,0.0,0.0,0.0,0.0,2.0,4.0
5.0,0.0,0.0,1.0,0.0,0.0,0.0,0.0,0.0,1.0,0.0,1.0,0.0,0.0,1.0,1.0,0.0,1.0,1.0,0.0,1.0,0.0,0.0,1.0,1.0,0.0,0.5984713882138056,0.46353978257387535,0.5934501419341438,0.442420693409668,0.5924341310420856,0.44278258867812215,0.6016004375920883,0.46322864099818567,0.6691254251715655,0.5466805764947519,1.0,1.0,0.0,0.0,0.0,0.0,2.0,4.0
5.0,0.0,0.0,1.0,0.0,0.0,0.0,0.0,0.0,1.0,0.0,1.0,0.0,0.0,1.0,1.0,0.0,1.0,1.0,0.0,1.0,0.0,0.0,1.0,1.0,0.0,0.597774740680188,0.466296272488672,0.5957160678281723,0.4420667843861478,0.5928176263616195,0.4433557029501602,0.6092399677945504,0.4647402350634905,0.7041854846798049,0.5769471790351951,1.0,1.0,0.0,0.0,0.0,0.0,2.0,4.0
5.0,0.0,0.0,1.0,0.0,0.0,0.0,0.0,0.0,1.0,0.0,1.0,0.0,0.0,1.0,1.0,0.0,1.0,1.0,0.0,1.0,0.0,0.0,1.0,1.0,0.0,0.7769601123048806,0.5517336965089936,0.7326170572327655,0.6836168926044021,0.765214216966825,0.6303286991902763,0.7656239186585768,0.5451025756764009,0.9127613952783765,0.5688409324030653,1.0,1.0,0.0,0.0,0.0,0.0,2.0,4.0
5.0,0.0,0.0,1.0,0.0,0.0,0.0,0.0,0.0,1.0,0.0,1.0,0.0,0.0,1.0,1.0,0.0,1.0,1.0,0.0,1.0,0.0,0.0,1.0,1.0,0.0,0.596360634442811,0.4635942712183202,0.5929219104140295,0.44245910592209714,0.5923557022839029,0.4427051824310592,0.6008887522410984,0.46397804896615424,0.6666842342008477,0.5504302367214434,1.0,1.0,0.0,0.0,0.0,0.0,2.0,4.0
5.0,0.0,0.0,1.0,0.0,0.0,0.0,0.0,0.0,1.0,0.0,1.0,0.0,0.0,1.0,1.0,0.0,1.0,1.0,0.0,1.0,0.0,0.0,1.0,1.0,0.0,0.5969992689022074,0.46409618514618245,0.5935088604018007,0.4424284331872155,0.5925434828892571,0.4427403923462709,0.6028505050468076,0.4634169039768077,0.6894877048784739,0.5360471548260282,1.0,1.0,0.0,0.0,0.0,0.0,2.0,4.0
5.0,0.0,0.0,1.0,0.0,0.0,0.0,0.0,0.0,1.0,0.0,1.0,0.0,0.0,1.0,1.0,0.0,1.0,1.0,0.0,1.0,0.0,0.0,1.0,1.0,0.0,0.585259013919524,0.4664245709793158,0.5923230382845146,0.418494094234121,0.5667860734995479,0.4253869090755329,0.6016300210642245,0.47523314623144375,0.7151398850780523,0.5626074260876477,1.0,1.0,0.0,0.0,0.0,0.0,2.0,4.0
5.0,0.0,0.0,1.0,0.0,0.0,0.0,0.0,0.0,1.0,0.0,1.0,0.0,0.0,1.0,1.0,0.0,1.0,1.0,0.0,1.0,0.0,0.0,1.0,1.0,0.0,0.5905742190284213,0.46361705188657537,0.5925517654425504,0.4424521597331151,0.5924413040982359,0.44259831978677117,0.6019651993016696,0.4628896107659503,0.6687479112818033,0.5495941864884976,1.0,1.0,0.0,0.0,0.0,0.0,2.0,4.0
5.0,0.0,0.0,1.0,0.0,0.0,0.0,0.0,0.0,1.0,0.0,1.0,0.0,0.0,1.0,1.0,0.0,1.0,1.0,0.0,1.0,0.0,0.0,1.0,1.0,0.0,0.5934908948720441,0.46609918429862496,0.5937890825666039,0.44228518179705456,0.59249701209866,0.4427762525575554,0.6098300627796801,0.4622355567620779,0.7150330107413567,0.5463264028220715,1.0,1.0,0.0,0.0,0.0,0.0,2.0,4.0
5.0,0.0,0.0,1.0,0.0,0.0,0.0,0.0,0.0,1.0,0.0,1.0,0.0,0.0,1.0,1.0,0.0,1.0,1.0,0.0,1.0,0.0,0.0,1.0,1.0,0.0,0.5964972568584511,0.46573827340442053,0.5850307500768233,0.44108790725955177,0.5882337047546585,0.4414821176170605,0.5715550152900926,0.46771468112467274,0.424297060907608,0.5528617219638123,1.0,1.0,0.0,0.0,0.0,0.0,2.0,4.0
5.0,0.0,0.0,1.0,0.0,0.0,0.0,0.0,0.0,1.0,0.0,1.0,0.0,0.0,1.0,1.0,0.0,1.0,1.0,0.0,1.0,0.0,0.0,1.0,1.0,0.0,0.5919512292554263,0.46524112600497125,0.5931150472423965,0.442734603620537,0.5922885989583838,0.4429913160086314,0.607884423485682,0.4648693369215864,0.7049271100628579,0.5521094388182627,1.0,1.0,0.0,0.0,0.0,0.0,2.0,4.0
5.0,0.0,0.0,1.0,0.0,0.0,0.0,0.0,0.0,1.0,0.0,1.0,0.0,0.0,1.0,1.0,0.0,1.0,1.0,0.0,1.0,0.0,0.0,1.0,1.0,0.0,0.5972701547529624,0.46699529965620656,0.5927379297961731,0.4509868419996711,0.5925381604473886,0.4513400342548597,0.6004817499386036,0.4667070055561142,0.6692024466820737,0.5515180525073132,1.0,1.0,0.0,0.0,0.0,0.0,2.0,4.0
5.0,0.0,0.0,1.0,0.0,0.0,0.0,0.0,0.0,1.0,0.0,1.0,0.0,0.0,1.0,1.0,0.0,1.0,1.0,0.0,1.0,0.0,0.0,1.0,1.0,0.0,0.5984784192570229,0.46353978257387535,0.5934570850892641,0.442415008031118,0.5924341310420856,0.44278258867812215,0.6016004375920883,0.46322109106830484,0.6691254251715655,0.5562882569704175,1.0,1.0,0.0,0.0,0.0,0.0,2.0,4.0
5.0,0.0,0.0,1.0,0.0,0.0,0.0,0.0,0.0,1.0,0.0,1.0,0.0,0.0,1.0,1.0,0.0,1.0,1.0,0.0,1.0,0.0,0.0,1.0,1.0,0.0,0.7876560944451417,0.5541744613155541,0.7450064122563804,0.6365802685383941,0.7621995943254168,0.6162377116473139,0.7559883394781594,0.5453726781120365,0.9147019902588448,0.5664247845655835,1.0,1.0,0.0,0.0,0.0,0.0,2.0,4.0
5.0,0.0,0.0,1.0,0.0,0.0,0.0,0.0,0.0,1.0,0.0,1.0,0.0,0.0,1.0,1.0,0.0,1.0,1.0,0.0,1.0,0.0,0.0,1.0,1.0,0.0,0.5969458215481772,0.46349078616322964,0.593381219113707,0.44241867718044614,0.5923519902320025,0.44278416469497356,0.6018142464857763,0.46455624737238616,0.6850187931765715,0.5519973682380129,1.0,1.0,0.0,0.0,0.0,0.0,2.0,4.0
5.0,0.0,0.0,1.0,0.0,0.0,0.0,0.0,0.0,1.0,0.0,1.0,0.0,0.0,1.0,1.0,0.0,1.0,1.0,0.0,1.0,0.0,0.0,1.0,1.0,0.0,0.5820828500798614,0.46475516811957124,0.5929214181446626,0.45790701332763983,0.5924897543783896,0.45762671710471986,0.582096325880259,0.4653567956503936,0.5663200061166896,0.5460942090062919,1.0,1.0,0.0,0.0,0.0,0.0,2.0,4.0
5.0,0.0,0.0,1.0,0.0,0.0,0.0,0.0,0.0,1.0,0.0,1.0,0.0,0.0,1.0,1.0,0.0,1.0,1.0,0.0,1.0,0.0,0.0,1.0,1.0,0.0,0.7782208186847934,0.5507391079810952,0.7281049634497421,0.6380391648289366,0.7687408742543326,0.6161278231105406,0.7605782379201487,0.5454135878911411,0.9300911666759961,0.5766717696983024,1.0,1.0,0.0,0.0,0.0,0.0,2.0,4.0
5.0,0.0,0.0,1.0,0.0,0.0,0.0,0.0,0.0,1.0,0.0,1.0,0.0,0.0,1.0,1.0,0.0,1.0,1.0,0.0,1.0,0.0,0.0,1.0,1.0,0.0,0.5984713882138056,0.46353978257387535,0.5934501419341438,0.442468370258007,0.5928059648023527,0.442747081790944,0.6016004375920883,0.4632820836452877,0.6691254251715655,0.5459959890202389,1.0,1.0,0.0,0.0,0.0,0.0,2.0,4.0
5.0,0.0,0.0,1.0,0.0,0.0,0.0,0.0,0.0,1.0,0.0,1.0,0.0,0.0,1.0,1.0,0.0,1.0,1.0,0.0,1.0,0.0,0.0,1.0,1.0,0.0,0.7707269357102855,0.5486401179897458,0.7384551346970489,0.6455050330076546,0.769977758693366,0.6160522123612484,0.7596416764035379,0.5448328026648792,0.9179378332462378,0.5525808588763852,1.0,1.0,0.0,0.0,0.0,0.0,2.0,4.0
5.0,0.0,0.0,1.0,0.0,0.0,0.0,0.0,0.0,1.0,0.0,1.0,0.0,0.0,1.0,1.0,0.0,1.0,1.0,0.0,1.0,0.0,0.0,1.0,1.0,0.0,0.599936885442475,0.46534446896637005,0.5928177668406154,0.4478113277666506,0.5924166396480817,0.4481920186786913,0.602991166476134,0.4648000618479487,0.6721340117303295,0.5512190583600427,1.0,1.0,0.0,0.0,0.0,0.0,2.0,4.0
5.0,0.0,0.0,1.0,0.0,0.0,0.0,0.0,0.0,1.0,0.0,1.0,0.0,0.0,1.0,1.0,0.0,1.0,1.0,0.0,1.0,0.0,0.0,1.0,1.0,0.0,0.5715628672094096,0.4607611157377197,0.5929862362025664,0.4592778159258619,0.5921855437862088,0.456502686122611,0.5716419468493142,0.4670767022089076,0.4715400301879092,0.5513166751431746,1.0,1.0,0.0,0.0,0.0,0.0,2.0,4.0
5.0,0.0,0.0,1.0,0.0,0.0,0.0,0.0,0.0,1.0,0.0,1.0,0.0,0.0,1.0,1.0,0.0,1.0,1.0,0.0,1.0,0.0,0.0,1.0,1.0,0.0,0.5984659618892084,0.46539620572414614,0.5928848012389543,0.442482310469597,0.5924949800920074,0.44269196099613717,0.6004512796230883,0.4655264134191023,0.6600232198322752,0.5438024614414347,1.0,1.0,0.0,0.0,0.0,0.0,2.0,4.0
5.0,0.0,0.0,1.0,0.0,0.0,0.0,0.0,0.0,1.0,0.0,1.0,0.0,0.0,1.0,1.0,0.0,1.0,1.0,0.0,1.0,0.0,0.0,1.0,1.0,0.0,0.5687955088152709,0.45275048846968463,0.5718396360032404,0.41986407309449014,0.5799912774702802,0.424450191670032,0.5529718257695614,0.4491958003988682,0.3904659232762339,0.5235524121638161,1.0,1.0,0.0,0.0,0.0,0.0,2.0,4.0
5.0,0.0,0.0,1.0,0.0,0.0,0.0,0.0,0.0,1.0,0.0,1.0,0.0,0.0,1.0,1.0,0.0,1.0,1.0,0.0,1.0,0.0,0.0,1.0,1.0,0.0,0.5987348437785145,0.46379470041035104,0.5925000485581147,0.44236275558881344,0.5922953110266086,0.4425465572473719,0.6010346082190843,0.4634612606039146,0.6733167765516629,0.5237098197751701,1.0,1.0,0.0,0.0,0.0,0.0,2.0,4.0
5.0,0.0,0.0,1.0,0.0,0.0,0.0,0.0,0.0,1.0,0.0,1.0,0.0,0.0,1.0,1.0,0.0,1.0,1.0,0.0,1.0,0.0,0.0,1.0,1.0,0.0,0.590123967838524,0.46462289414152447,0.5939817866616132,0.44232038434498433,0.5925341469126354,0.4427258059364923,0.606919466991925,0.46445456328695184,0.7215892360593976,0.548165473351203,1.0,1.0,0.0,0.0,0.0,0.0,2.0,4.0
5.0,0.0,0.0,1.0,0.0,0.0,0.0,0.0,0.0,1.0,0.0,1.0,0.0,0.0,1.0,1.0,0.0,1.0,1.0,0.0,1.0,0.0,0.0,1.0,1.0,0.0,0.5957230663198548,0.46499812080036435,0.5930270162234862,0.44358595470941753,0.5924111317722006,0.4437903386018856,0.6007216251159542,0.4648763729569997,0.6750256990234061,0.5435688336727968,1.0,1.0,0.0,0.0,0.0,0.0,2.0,4.0
5.0,0.0,0.0,1.0,0.0,0.0,0.0,0.0,0.0,1.0,0.0,1.0,0.0,0.0,1.0,1.0,0.0,1.0,1.0,0.0,1.0,0.0,0.0,1.0,1.0,0.0,0.5959204830510281,0.46363817949160857,0.593372744037116,0.44222840850620754,0.59210650787699,0.44276234308642815,0.6069970957649846,0.462621717250595,0.7045774805231831,0.5492478493990468,1.0,1.0,0.0,0.0,0.0,0.0,2.0,4.0
5.0,0.0,0.0,1.0,0.0,0.0,0.0,0.0,0.0,1.0,0.0,1.0,0.0,0.0,1.0,1.0,0.0,1.0,1.0,0.0,1.0,0.0,0.0,1.0,1.0,0.0,0.5886338958533516,0.4651106497092336,0.5929583609942167,0.4425360832815465,0.5923644413112433,0.4426727520714199,0.6054103500012487,0.4633594006334912,0.6959395388312521,0.5486216083090782,1.0,1.0,0.0,0.0,0.0,0.0,2.0,4.0
5.0,0.0,0.0,1.0,0.0,0.0,0.0,0.0,0.0,1.0,0.0,1.0,0.0,0.0,1.0,1.0,0.0,1.0,1.0,0.0,1.0,0.0,0.0,1.0,1.0,0.0,0.5831351921951604,0.4655410119860444,0.5937447757392252,0.4425100306033215,0.5927216321770189,0.44277413136706506,0.6147975827028139,0.4660401478984808,0.7237574484943375,0.5504050153379021,1.0,1.0,0.0,0.0,0.0,0.0,2.0,4.0
5.0,0.0,0.0,1.0,0.0,0.0,0.0,0.0,0.0,1.0,0.0,1.0,0.0,0.0,1.0,1.0,0.0,1.0,1.0,0.0,1.0,0.0,0.0,1.0,1.0,0.0,0.5817512972362274,0.4648401808161292,0.5929461904266488,0.45808924616881225,0.5924608222447204,0.45797417611284147,0.582096325880259,0.46537934534935355,0.5663200061166896,0.552554860561754,1.0,1.0,0.0,0.0,0.0,0.0,2.0,4.0
5.0,0.0,0.0,1.0,0.0,0.0,0.0,0.0,0.0,1.0,0.0,1.0,0.0,0.0,1.0,1.0,0.0,1.0,1.0,0.0,1.0,0.0,0.0,1.0,1.0,0.0,0.5902685243928529,0.4656362847244589,0.5936604167579003,0.442279133401927,0.5923510540674407,0.4427068538751778,0.6052402481870138,0.4657396766647526,0.6952271293322998,0.5712566187551141,1.0,1.0,0.0,0.0,0.0,0.0,2.0,4.0
5.0,0.0,0.0,1.0,0.0,0.0,0.0,0.0,0.0,1.0,0.0,1.0,0.0,0.0,1.0,1.0,0.0,1.0,1.0,0.0,1.0,0.0,0.0,1.0,1.0,0.0,0.585259013919524,0.4664245709793158,0.5929601271368684,0.418494094234121,0.5667860734995479,0.4253869090755329,0.6011698313604718,0.4810597669223571,0.7151162638136834,0.5661531977285219,1.0,1.0,0.0,0.0,0.0,0.0,2.0,4.0
5.0,0.0,0.0,1.0,0.0,0.0,0.0,0.0,0.0,1.0,0.0,1.0,0.0,0.0,1.0,1.0,0.0,1.0,1.0,0.0,1.0,0.0,0.0,1.0,1.0,0.0,0.59131788074337,0.46609978649211026,0.5936623934338562,0.44280684983945384,0.5907480321781826,0.44378769839229726,0.608358043687371,0.4665860663695952,0.710915034965809,0.5787461791186292,1.0,1.0,0.0,0.0,0.0,0.0,2.0,4.0
5.0,0.0,0.0,1.0,0.0,0.0,0.0,0.0,0.0,1.0,0.0,1.0,0.0,0.0,1.0,1.0,0.0,1.0,1.0,0.0,1.0,0.0,0.0,1.0,1.0,0.0,0.6029879830219771,0.4661141542504369,0.5946195075054881,0.4488620823180223,0.5922732451814605,0.45063976521995525,0.6044116348086941,0.466685325872455,0.6895230358195603,0.5463927996446435,1.0,1.0,0.0,0.0,0.0,0.0,2.0,4.0
5.0,0.0,0.0,1.0,0.0,0.0,0.0,0.0,0.0,1.0,0.0,1.0,0.0,0.0,1.0,1.0,0.0,1.0,1.0,0.0,1.0,0.0,0.0,1.0,1.0,0.0,0.7761603685396666,0.5514937638992276,0.7457672244696033,0.6365789919645296,0.772553402548796,0.6167704359594997,0.7579966884803907,0.5499770100512585,0.9204996403650267,0.5541424259391498,1.0,1.0,0.0,0.0,0.0,0.0,2.0,4.0
5.0,0.0,0.0,1.0,0.0,0.0,0.0,0.0,0.0,1.0,0.0,1.0,0.0,0.0,1.0,1.0,0.0,1.0,1.0,0.0,1.0,0.0,0.0,1.0,1.0,0.0,0.5974287927601661,0.46353978257387535,0.5934501419341438,0.44248473789055703,0.5924341310420856,0.44278106845034243,0.6001484959314806,0.46322864099818567,0.668246147699427,0.5466805764947519,1.0,1.0,0.0,0.0,0.0,0.0,2.0,4.0
5.0,0.0,0.0,1.0,0.0,0.0,0.0,0.0,0.0,1.0,0.0,1.0,0.0,0.0,1.0,1.0,0.0,1.0,1.0,0.0,1.0,0.0,0.0,1.0,1.0,0.0,0.5853007003637641,0.46494635469725226,0.5856221659984693,0.4190129511659462,0.5663729603957625,0.4256302368018663,0.6002832239459821,0.47350004210143304,0.704434553057285,0.5492590550654413,1.0,1.0,0.0,0.0,0.0,0.0,2.0,4.0
5.0,0.0,0.0,1.0,0.0,0.0,0.0,0.0,0.0,1.0,0.0,1.0,0.0,0.0,1.0,1.0,0.0,1.0,1.0,0.0,1.0,0.0,0.0,1.0,1.0,0.0,0.5934908948720441,0.46609335607927954,0.5937890825666039,0.44228518179705456,0.59249701209866,0.4427762525575554,0.6098300627796801,0.4622355567620779,0.7161475745890201,0.5461439646218361,1.0,1.0,0.0,0.0,0.0,0.0,2.0,4.0
5.0,0.0,0.0,1.0,0.0,0.0,0.0,0.0,0.0,1.0,0.0,1.0,0.0,0.0,1.0,1.0,0.0,1.0,1.0,0.0,1.0,0.0,0.0,1.0,1.0,0.0,0.7788769159795894,0.5486401179897458,0.7499918505765713,0.6699790892783168,0.7724784782331948,0.6206934151748468,0.7624438916609242,0.5429809767156146,0.9179544651062773,0.5524751090344362,1.0,1.0,0.0,0.0,0.0,0.0,2.0,4.0
5.0,0.0,0.0,1.0,0.0,0.0,0.0,0.0,0.0,1.0,0.0,1.0,0.0,0.0,1.0,1.0,0.0,1.0,1.0,0.0,1.0,0.0,0.0,1.0,1.0,0.0,0.5839286687090184,0.46461113284828254,0.5924618611453775,0.4423835332185061,0.5924402957086116,0.44249746108323107,0.6018326260374232,0.4652519038666164,0.6689400002089686,0.5362975902478923,1.0,1.0,0.0,0.0,0.0,0.0,2.0,4.0
5.0,0.0,0.0,1.0,0.0,0.0,0.0,0.0,0.0,1.0,0.0,1.0,0.0,0.0,1.0,1.0,0.0,1.0,1.0,0.0,1.0,0.0,0.0,1.0,1.0,0.0,0.5968612920873757,0.46481696500868364,0.5925216717460334,0.4422503135421263,0.592374873961674,0.44248680385176553,0.6008284573056505,0.4647451976756265,0.6693606248234975,0.5234607194027523,1.0,1.0,0.0,0.0,0.0,0.0,2.0,4.0
5.0,0.0,0.0,1.0,0.0,0.0,0.0,0.0,0.0,1.0,0.0,1.0,0.0,0.0,1.0,1.0,0.0,1.0,1.0,0.0,1.0,0.0,0.0,1.0,1.0,0.0,0.783180293703986,0.5541506516719462,0.7334148318285963,0.6735397371902111,0.7603657803539406,0.6248913662751423,0.756363251058064,0.5437226124727607,0.9192419603735292,0.5659723761915653,1.0,1.0,0.0,0.0,0.0,0.0,2.0,4.0
5.0,0.0,0.0,1.0,0.0,0.0,0.0,0.0,0.0,1.0,0.0,1.0,0.0,0.0,1.0,1.0,0.0,1.0,1.0,0.0,1.0,0.0,0.0,1.0,1.0,0.0,0.791254101277507,0.5638514764575715,0.7492226024328912,0.7331439844221209,0.7634216811021322,0.6527903145809295,0.7669222372840636,0.5529229243309386,0.8889282865796571,0.5692724705583033,1.0,1.0,0.0,0.0,0.0,0.0,2.0,4.0
5.0,0.0,0.0,1.0,0.0,0.0,0.0,0.0,0.0,1.0,0.0,1.0,0.0,0.0,1.0,1.0,0.0,1.0,1.0,0.0,1.0,0.0,0.0,1.0,1.0,0.0,0.5914247963427626,0.46544301160089036,0.5945689410930747,0.4424812126387623,0.5924370117939181,0.44303565352668617,0.6082402394754061,0.4650068917748928,0.7101493612109816,0.5656799464421015,1.0,1.0,0.0,0.0,0.0,0.0,2.0,4.0
5.0,0.0,0.0,1.0,0.0,0.0,0.0,0.0,0.0,1.0,0.0,1.0,0.0,0.0,1.0,1.0,0.0,1.0,1.0,0.0,1.0,0.0,0.0,1.0,1.0,0.0,0.7786582690476206,0.5486724473972415,0.7451904663458914,0.6423026734672379,0.7735088870459028,0.6166139136499958,0.7662353225030152,0.5448393248919253,0.9234087406029896,0.5654586954370279,1.0,1.0,0.0,0.0,0.0,0.0,2.0,4.0
5.0,0.0,0.0,1.0,0.0,0.0,0.0,0.0,0.0,1.0,0.0,1.0,0.0,0.0,1.0,1.0,0.0,1.0,1.0,0.0,1.0,0.0,0.0,1.0,1.0,0.0,0.5965085690918366,0.4635370313154475,0.5934570850892641,0.442415008031118,0.5924341310420856,0.44277698037821656,0.6009546374709182,0.46322109106830484,0.6626625484511562,0.5562882569704175,1.0,1.0,0.0,0.0,0.0,0.0,2.0,4.0
5.0,0.0,0.0,1.0,0.0,0.0,0.0,0.0,0.0,1.0,0.0,1.0,0.0,0.0,1.0,1.0,0.0,1.0,1.0,0.0,1.0,0.0,0.0,1.0,1.0,0.0,0.58311605521357,0.46379699582721406,0.5924808498394691,0.44246635472906365,0.5924517742875173,0.4425911492238723,0.601158959298964,0.4646888521982176,0.6604158236330324,0.536344840551108,1.0,1.0,0.0,0.0,0.0,0.0,2.0,4.0
5.0,0.0,0.0,1.0,0.0,0.0,0.0,0.0,0.0,1.0,0.0,1.0,0.0,0.0,1.0,1.0,0.0,1.0,1.0,0.0,1.0,0.0,0.0,1.0,1.0,0.0,0.7814585735503029,0.5490242039200772,0.7454241673694165,0.6678719517028342,0.8107095529716349,0.6166121690535016,0.7741943241495651,0.5470508330952676,0.9327919771431522,0.5073091391821656,1.0,1.0,0.0,0.0,0.0,0.0,2.0,4.0
5.0,0.0,0.0,1.0,0.0,0.0,0.0,0.0,0.0,1.0,0.0,1.0,0.0,0.0,1.0,1.0,0.0,1.0,1.0,0.0,1.0,0.0,0.0,1.0,1.0,0.0,0.7829627418208158,0.5628850373962833,0.7396920287473813,0.7176761437138158,0.7579980043309968,0.6474540201256063,0.7672331997968632,0.5538346049547004,0.8943299218649458,0.5807835196926794,1.0,1.0,0.0,0.0,0.0,0.0,2.0,4.0
5.0,0.0,0.0,1.0,0.0,0.0,0.0,0.0,0.0,1.0,0.0,1.0,0.0,0.0,1.0,1.0,0.0,1.0,1.0,0.0,1.0,0.0,0.0,1.0,1.0,0.0,0.571004064688789,0.45366777609105113,0.5716914311651504,0.4200732910518211,0.5801336746444387,0.42444746227350455,0.5535633372356674,0.45257663872470777,0.386223297647995,0.5231175668794003,1.0,1.0,0.0,0.0,0.0,0.0,2.0,4.0
5.0,0.0,0.0,1.0,0.0,0.0,0.0,0.0,0.0,1.0,0.0,1.0,0.0,0.0,1.0,1.0,0.0,1.0,1.0,0.0,1.0,0.0,0.0,1.0,1.0,0.0,0.5898045392828141,0.4660296415200983,0.5934358118029782,0.44242642872787724,0.5923436026414726,0.44270833674418153,0.6068228697883579,0.46451929221664573,0.6952271293322998,0.569861835397463,1.0,1.0,0.0,0.0,0.0,0.0,2.0,4.0
5.0,0.0,0.0,1.0,0.0,0.0,0.0,0.0,0.0,1.0,0.0,1.0,0.0,0.0,1.0,1.0,0.0,1.0,1.0,0.0,1.0,0.0,0.0,1.0,1.0,0.0,0.5984661228167137,0.46372990374254275,0.5928960306908905,0.44249227432574,0.592644247851533,0.44269310529750233,0.6005709875946164,0.46462323981496784,0.6669009835534816,0.5451860778955576,1.0,1.0,0.0,0.0,0.0,0.0,2.0,4.0
5.0,0.0,0.0,1.0,0.0,0.0,0.0,0.0,0.0,1.0,0.0,1.0,0.0,0.0,1.0,1.0,0.0,1.0,1.0,0.0,1.0,0.0,0.0,1.0,1.0,0.0,0.581891571086763,0.4640939588019763,0.5928857534885394,0.4596606558079505,0.5921773404214581,0.4586406354313424,0.582489778476193,0.46550854647808,0.5187146597576107,0.5512780291053695,1.0,1.0,0.0,0.0,0.0,0.0,2.0,4.0
5.0,0.0,0.0,1.0,0.0,0.0,0.0,0.0,0.0,1.0,0.0,1.0,0.0,0.0,1.0,1.0,0.0,1.0,1.0,0.0,1.0,0.0,0.0,1.0,1.0,0.0,0.590460500730499,0.4635545945021758,0.5925729801267042,0.44245210659246453,0.592441279733677,0.44259831978677117,0.599780811277903,0.46273380780188506,0.6691145251926314,0.5214178918271534,1.0,1.0,0.0,0.0,0.0,0.0,2.0,4.0
5.0,0.0,0.0,1.0,0.0,0.0,0.0,0.0,0.0,1.0,0.0,1.0,0.0,0.0,1.0,1.0,0.0,1.0,1.0,0.0,1.0,0.0,0.0,1.0,1.0,0.0,0.5912558915543739,0.4655188757211973,0.5943854966251763,0.4423856120087663,0.5923445394115293,0.4430909906607956,0.6114101549388646,0.4627341036204179,0.7196177216809119,0.5644358604827688,1.0,1.0,0.0,0.0,0.0,0.0,2.0,4.0
5.0,0.0,0.0,1.0,0.0,0.0,0.0,0.0,0.0,1.0,0.0,1.0,0.0,0.0,1.0,1.0,0.0,1.0,1.0,0.0,1.0,0.0,0.0,1.0,1.0,0.0,0.5840243955990667,0.46378404287418074,0.5924117592463067,0.4424715391638894,0.5923846361390042,0.4426098517037437,0.6002824939684845,0.46492918851172976,0.6686018872015611,0.530004310995577,1.0,1.0,0.0,0.0,0.0,0.0,2.0,4.0
5.0,0.0,0.0,1.0,0.0,0.0,0.0,0.0,0.0,1.0,0.0,1.0,0.0,0.0,1.0,1.0,0.0,1.0,1.0,0.0,1.0,0.0,0.0,1.0,1.0,0.0,0.590460500730499,0.4638185141186439,0.5925247653787343,0.44245210659246453,0.5924414936204363,0.44259831978677117,0.6019338458840799,0.46273380780188506,0.6644590732943831,0.5495941864884976,1.0,1.0,0.0,0.0,0.0,0.0,2.0,4.0
5.0,0.0,0.0,1.0,0.0,0.0,0.0,0.0,0.0,1.0,0.0,1.0,0.0,0.0,1.0,1.0,0.0,1.0,1.0,0.0,1.0,0.0,0.0,1.0,1.0,0.0,0.5886338958533516,0.4651106497092336,0.5929584022646738,0.4425360832815465,0.5923644413112433,0.4426727520714199,0.6054103500012487,0.4633751499956793,0.6959395388312521,0.5486216083090782,1.0,1.0,0.0,0.0,0.0,0.0,2.0,4.0
5.0,0.0,0.0,1.0,0.0,0.0,0.0,0.0,0.0,1.0,0.0,1.0,0.0,0.0,1.0,1.0,0.0,1.0,1.0,0.0,1.0,0.0,0.0,1.0,1.0,0.0,0.5973042791335509,0.47331531103576263,0.5947149846317759,0.44721354824292586,0.5929388344258805,0.44839088254232423,0.6173806478540116,0.4674504418386881,0.7256181000587067,0.5661927268931498,1.0,1.0,0.0,0.0,0.0,0.0,2.0,4.0
5.0,0.0,0.0,1.0,0.0,0.0,0.0,0.0,0.0,1.0,0.0,1.0,0.0,0.0,1.0,1.0,0.0,1.0,1.0,0.0,1.0,0.0,0.0,1.0,1.0,0.0,0.5992358860410694,0.46617527789645763,0.5929878339636866,0.44247448296320063,0.5923758477497602,0.4427344345585122,0.6056813167068084,0.4648211667374745,0.6827966177174628,0.5451702540228668,1.0,1.0,0.0,0.0,0.0,0.0,2.0,4.0
5.0,0.0,0.0,1.0,0.0,0.0,0.0,0.0,0.0,1.0,0.0,1.0,0.0,0.0,1.0,1.0,0.0,1.0,1.0,0.0,1.0,0.0,0.0,1.0,1.0,0.0,0.5962163194586617,0.46451005748905655,0.5930510798570863,0.4424787541765147,0.5924821088295418,0.4427052659534423,0.603423637129563,0.46447573341199105,0.6866426174482891,0.549371211024338,1.0,1.0,0.0,0.0,0.0,0.0,2.0,4.0
5.0,0.0,0.0,1.0,0.0,0.0,0.0,0.0,0.0,1.0,0.0,1.0,0.0,0.0,1.0,1.0,0.0,1.0,1.0,0.0,1.0,0.0,0.0,1.0,1.0,0.0,0.571550252875944,0.46074343813847607,0.592551997561899,0.45930592539568227,0.5923029805459099,0.45849544463612174,0.5721267053391543,0.4664702347984126,0.4787102879684098,0.5376481048641983,1.0,1.0,0.0,0.0,0.0,0.0,2.0,4.0
5.0,0.0,0.0,1.0,0.0,0.0,0.0,0.0,0.0,1.0,0.0,1.0,0.0,0.0,1.0,1.0,0.0,1.0,1.0,0.0,1.0,0.0,0.0,1.0,1.0,0.0,0.5984179035049553,0.4651689482164193,0.5925216717460334,0.4422503135421263,0.5923665538653892,0.44248680385176553,0.6018023184388526,0.4647451976756265,0.6693462480808026,0.5226747665593919,1.0,1.0,0.0,0.0,0.0,0.0,2.0,4.0
5.0,0.0,0.0,1.0,0.0,0.0,0.0,0.0,0.0,1.0,0.0,1.0,0.0,0.0,1.0,1.0,0.0,1.0,1.0,0.0,1.0,0.0,0.0,1.0,1.0,0.0,0.773775455615861,0.5673398332160499,0.7429942908598672,0.7591327559149119,0.757906793297658,0.6592230017199756,0.7603955556969237,0.5559020752804211,0.8924453495816776,0.5724520262286533,1.0,1.0,0.0,0.0,0.0,0.0,2.0,4.0
5.0,0.0,0.0,1.0,0.0,0.0,0.0,0.0,0.0,1.0,0.0,1.0,0.0,0.0,1.0,1.0,0.0,1.0,1.0,0.0,1.0,0.0,0.0,1.0,1.0,0.0,0.5872558143759793,0.46522919287102027,0.5946827381908018,0.4421882989896738,0.5927397579231536,0.44264722825617064,0.6122583447408989,0.46604949018903213,0.7160720105792988,0.5798901469215754,1.0,1.0,0.0,0.0,0.0,0.0,2.0,4.0
5.0,0.0,0.0,1.0,0.0,0.0,0.0,0.0,0.0,1.0,0.0,1.0,0.0,0.0,1.0,1.0,0.0,1.0,1.0,0.0,1.0,0.0,0.0,1.0,1.0,0.0,0.6006428478919061,0.46610770066414847,0.5929832513428632,0.44253728392211567,0.592515551247745,0.44280333966875907,0.6058630600513691,0.4649809269877873,0.6830749835124029,0.5351480022366801,1.0,1.0,0.0,0.0,0.0,0.0,2.0,4.0
5.0,0.0,0.0,1.0,0.0,0.0,0.0,0.0,0.0,1.0,0.0,1.0,0.0,0.0,1.0,1.0,0.0,1.0,1.0,0.0,1.0,0.0,0.0,1.0,1.0,0.0,0.5987348437785145,0.4637997139624917,0.5924911874485155,0.44236275558881344,0.5922922958211935,0.44254666342144566,0.6010346082190843,0.46346617256696165,0.6733167765516629,0.5229943090446383,1.0,1.0,0.0,0.0,0.0,0.0,2.0,4.0
5.0,0.0,0.0,1.0,0.0,0.0,0.0,0.0,0.0,1.0,0.0,1.0,0.0,0.0,1.0,1.0,0.0,1.0,1.0,0.0,1.0,0.0,0.0,1.0,1.0,0.0,0.5831037077264187,0.46377964604752425,0.5924733712393024,0.4424717052266069,0.5924533423193139,0.44277536607903306,0.6007024610283067,0.464923626593289,0.6601934349609063,0.531766076509145,1.0,1.0,0.0,0.0,0.0,0.0,2.0,4.0
5.0,0.0,0.0,1.0,0.0,0.0,0.0,0.0,0.0,1.0,0.0,1.0,0.0,0.0,1.0,1.0,0.0,1.0,1.0,0.0,1.0,0.0,0.0,1.0,1.0,0.0,0.7746604020059711,0.5483767469690471,0.7315418459170153,0.6554770462198867,0.7747060937004289,0.6165617018629315,0.7609169977821355,0.5432621332422666,0.9339937576388067,0.5585220470696723,1.0,1.0,0.0,0.0,0.0,0.0,2.0,4.0
5.0,0.0,0.0,1.0,0.0,0.0,0.0,0.0,0.0,1.0,0.0,1.0,0.0,0.0,1.0,1.0,0.0,1.0,1.0,0.0,1.0,0.0,0.0,1.0,1.0,0.0,0.5913282960248225,0.4655000059929217,0.5946327132637427,0.4424780331551339,0.5923609862682147,0.44306935408565884,0.6081353147485847,0.46420634892817136,0.704045309481457,0.5709436017280296,1.0,1.0,0.0,0.0,0.0,0.0,2.0,4.0
5.0,0.0,0.0,1.0,0.0,0.0,0.0,0.0,0.0,1.0,0.0,1.0,0.0,0.0,1.0,1.0,0.0,1.0,1.0,0.0,1.0,0.0,0.0,1.0,1.0,0.0,0.5958359882764599,0.4653244567192365,0.5934175556812418,0.44248573909206,0.5927893018520757,0.4427571345588396,0.6049759802309946,0.4631246442453192,0.681475363870878,0.5489408681121002,1.0,1.0,0.0,0.0,0.0,0.0,2.0,4.0
5.0,0.0,0.0,1.0,0.0,0.0,0.0,0.0,0.0,1.0,0.0,1.0,0.0,0.0,1.0,1.0,0.0,1.0,1.0,0.0,1.0,0.0,0.0,1.0,1.0,0.0,0.5839794188793304,0.46379699582721406,0.5924808593055713,0.4424822812327524,0.5923374761534306,0.44255012076980327,0.6005593610162202,0.4646877783052568,0.6599234477043253,0.5438897713959997,1.0,1.0,0.0,0.0,0.0,0.0,2.0,4.0
5.0,0.0,0.0,1.0,0.0,0.0,0.0,0.0,0.0,1.0,0.0,1.0,0.0,0.0,1.0,1.0,0.0,1.0,1.0,0.0,1.0,0.0,0.0,1.0,1.0,0.0,0.5953510038938981,0.46754364837403906,0.5849251434706839,0.4427137702902265,0.5883516098908605,0.4432396976910874,0.5713690145374442,0.4678149330705715,0.4266534938647256,0.5662344833812825,1.0,1.0,0.0,0.0,0.0,0.0,2.0,4.0
5.0,0.0,0.0,1.0,0.0,0.0,0.0,0.0,0.0,1.0,0.0,1.0,0.0,0.0,1.0,1.0,0.0,1.0,1.0,0.0,1.0,0.0,0.0,1.0,1.0,0.0,0.5929183281268451,0.4655690054725284,0.5940059383890153,0.44133452121649364,0.5924444866777951,0.4427381365797512,0.6162200272946488,0.45323283475160786,0.7541367998104527,0.5426692433108183,1.0,1.0,0.0,0.0,0.0,0.0,2.0,4.0
5.0,0.0,0.0,1.0,0.0,0.0,0.0,0.0,0.0,1.0,0.0,1.0,0.0,0.0,1.0,1.0,0.0,1.0,1.0,0.0,1.0,0.0,0.0,1.0,1.0,0.0,0.7876560944451417,0.553600137463437,0.7440875937016451,0.6303783766650078,0.7636003646958947,0.6117092017497111,0.7559883394781594,0.5445912854582327,0.9248212314996391,0.5668671027764547,1.0,1.0,0.0,0.0,0.0,0.0,2.0,4.0
5.0,0.0,0.0,1.0,0.0,0.0,0.0,0.0,0.0,1.0,0.0,1.0,0.0,0.0,1.0,1.0,0.0,1.0,1.0,0.0,1.0,0.0,0.0,1.0,1.0,0.0,0.7830946715330349,0.5541527264088696,0.7362450854702679,0.6694313993317378,0.7603657803539406,0.6219328193470484,0.756667581592718,0.5437226124727607,0.9205931962311052,0.5650333369336744,1.0,1.0,0.0,0.0,0.0,0.0,2.0,4.0
5.0,0.0,0.0,1.0,0.0,0.0,0.0,0.0,0.0,1.0,0.0,1.0,0.0,0.0,1.0,1.0,0.0,1.0,1.0,0.0,1.0,0.0,0.0,1.0,1.0,0.0,0.5980187353751396,0.4652743666515862,0.5930041457161245,0.4424759221281376,0.592496034401833,0.442768563283991,0.5983992987477448,0.466539308266281,0.6618945218570296,0.535471801545124,1.0,1.0,0.0,0.0,0.0,0.0,2.0,4.0
5.0,0.0,0.0,1.0,0.0,0.0,0.0,0.0,0.0,1.0,0.0,1.0,0.0,0.0,1.0,1.0,0.0,1.0,1.0,0.0,1.0,0.0,0.0,1.0,1.0,0.0,0.5914247963427626,0.46544301160089036,0.5945689410930747,0.44250018186323464,0.5924860439920207,0.44303565352668617,0.6081735151695516,0.4650068917748928,0.7101493612109816,0.5656799464421015,1.0,1.0,0.0,0.0,0.0,0.0,2.0,4.0
5.0,0.0,0.0,1.0,0.0,0.0,0.0,0.0,0.0,1.0,0.0,1.0,0.0,0.0,1.0,1.0,0.0,1.0,1.0,0.0,1.0,0.0,0.0,1.0,1.0,0.0,0.591346993268615,0.46395444432200317,0.5929434935265001,0.44229240327428576,0.5917100161403753,0.4426856761342511,0.6065871025649027,0.46196637222740716,0.7120469264822448,0.5430860272201578,1.0,1.0,0.0,0.0,0.0,0.0,2.0,4.0
5.0,0.0,0.0,1.0,0.0,0.0,0.0,0.0,0.0,1.0,0.0,1.0,0.0,0.0,1.0,1.0,0.0,1.0,1.0,0.0,1.0,0.0,0.0,1.0,1.0,0.0,0.5713945900877677,0.46069264747847366,0.5930646602391543,0.4602963030647781,0.5921922154331628,0.4568833230862904,0.5690748247851458,0.4682336158881977,0.460537773992354,0.5531718267377238,1.0,1.0,0.0,0.0,0.0,0.0,2.0,4.0
5.0,0.0,0.0,1.0,0.0,0.0,0.0,0.0,0.0,1.0,0.0,1.0,0.0,0.0,1.0,1.0,0.0,1.0,1.0,0.0,1.0,0.0,0.0,1.0,1.0,0.0,0.5837129045231583,0.46485533375563903,0.5940715630317606,0.44247372696269976,0.5924928146720404,0.4426657353375151,0.6081346425533285,0.4648571418613103,0.7143933526333457,0.5576091889980966,1.0,1.0,0.0,0.0,0.0,0.0,2.0,4.0
5.0,0.0,0.0,1.0,0.0,0.0,0.0,0.0,0.0,1.0,0.0,1.0,0.0,0.0,1.0,1.0,0.0,1.0,1.0,0.0,1.0,0.0,0.0,1.0,1.0,0.0,0.5910138561873735,0.46599178630420357,0.5929529094508255,0.44254010900400487,0.5924473752443016,0.4426784344364976,0.6053970055114513,0.4648150429004172,0.6990864748470604,0.5453981399652648,1.0,1.0,0.0,0.0,0.0,0.0,2.0,4.0
5.0,0.0,0.0,1.0,0.0,0.0,0.0,0.0,0.0,1.0,0.0,1.0,0.0,0.0,1.0,1.0,0.0,1.0,1.0,0.0,1.0,0.0,0.0,1.0,1.0,0.0,0.5820828500798614,0.46475516811957124,0.5929214181446626,0.4580693576849296,0.5924897543783896,0.45762671710471986,0.5822775153747145,0.4653567956503936,0.5708108151373876,0.5461139047138289,1.0,1.0,0.0,0.0,0.0,0.0,2.0,4.0
5.0,0.0,0.0,1.0,0.0,0.0,0.0,0.0,0.0,1.0,0.0,1.0,0.0,0.0,1.0,1.0,0.0,1.0,1.0,0.0,1.0,0.0,0.0,1.0,1.0,0.0,0.6006428478919061,0.46610770066414847,0.5929832513428632,0.44253728392211567,0.592515551247745,0.44280333966875907,0.6058630600513691,0.46498120927004405,0.6830749835124029,0.5348999808506464,1.0,1.0,0.0,0.0,0.0,0.0,2.0,4.0
5.0,0.0,0.0,1.0,0.0,0.0,0.0,0.0,0.0,1.0,0.0,1.0,0.0,0.0,1.0,1.0,0.0,1.0,1.0,0.0,1.0,0.0,0.0,1.0,1.0,0.0,0.5919512292554263,0.46524191993336256,0.5930836871947045,0.4427319448076894,0.5922718211727032,0.4429931090727615,0.6079767249968515,0.46348638645338974,0.7049265438491895,0.5521094388182627,1.0,1.0,0.0,0.0,0.0,0.0,2.0,4.0
5.0,0.0,0.0,1.0,0.0,0.0,0.0,0.0,0.0,1.0,0.0,1.0,0.0,0.0,1.0,1.0,0.0,1.0,1.0,0.0,1.0,0.0,0.0,1.0,1.0,0.0,0.5983217036530101,0.46524593720498125,0.5928976737127111,0.44247448296320063,0.5923647628406851,0.4427354031883199,0.602418664827399,0.464877083542424,0.6735732830772434,0.5463929620650293,1.0,1.0,0.0,0.0,0.0,0.0,2.0,4.0
5.0,0.0,0.0,1.0,0.0,0.0,0.0,0.0,0.0,1.0,0.0,1.0,0.0,0.0,1.0,1.0,0.0,1.0,1.0,0.0,1.0,0.0,0.0,1.0,1.0,0.0,0.5834072559794816,0.4655410119860444,0.5937440231741261,0.44250923644173723,0.5927216321770189,0.44277413136706506,0.6147975827028139,0.4660344820844155,0.7236030668936408,0.5504050153379021,1.0,1.0,0.0,0.0,0.0,0.0,2.0,4.0
5.0,0.0,0.0,1.0,0.0,0.0,0.0,0.0,0.0,1.0,0.0,1.0,0.0,0.0,1.0,1.0,0.0,1.0,1.0,0.0,1.0,0.0,0.0,1.0,1.0,0.0,0.593213620588525,0.4653697840262465,0.5939852767477732,0.44161565350577436,0.5925378279206854,0.4427280935535426,0.6160939388544354,0.4537960659192063,0.7541367998104527,0.542704651087658,1.0,1.0,0.0,0.0,0.0,0.0,2.0,4.0
5.0,0.0,0.0,1.0,0.0,0.0,0.0,0.0,0.0,1.0,0.0,1.0,0.0,0.0,1.0,1.0,0.0,1.0,1.0,0.0,1.0,0.0,0.0,1.0,1.0,0.0,0.5723000016838391,0.45855699711469133,0.5930440149608005,0.4604728041715084,0.5922057355575379,0.45593664795587807,0.5721213799713157,0.4651914121982516,0.45370204436660266,0.5426663980082801,1.0,1.0,0.0,0.0,0.0,0.0,2.0,4.0
5.0,0.0,0.0,1.0,0.0,0.0,0.0,0.0,0.0,1.0,0.0,1.0,0.0,0.0,1.0,1.0,0.0,1.0,1.0,0.0,1.0,0.0,0.0,1.0,1.0,0.0,0.5885956893398412,0.4651106497092336,0.5929584022646738,0.4425360832815465,0.5923644413112433,0.4426727520714199,0.6054103500012487,0.46365689808727434,0.6959395388312521,0.5472686867408292,1.0,1.0,0.0,0.0,0.0,0.0,2.0,4.0
5.0,0.0,0.0,1.0,0.0,0.0,0.0,0.0,0.0,1.0,0.0,1.0,0.0,0.0,1.0,1.0,0.0,1.0,1.0,0.0,1.0,0.0,0.0,1.0,1.0,0.0,0.5969716733482306,0.463628405898753,0.5929030913546903,0.44248083767644253,0.5923702035969062,0.44279025996415183,0.599921919070187,0.4647846836748319,0.6667728223383697,0.5521663526667164,1.0,1.0,0.0,0.0,0.0,0.0,2.0,4.0
5.0,0.0,0.0,1.0,0.0,0.0,0.0,0.0,0.0,1.0,0.0,1.0,0.0,0.0,1.0,1.0,0.0,1.0,1.0,0.0,1.0,0.0,0.0,1.0,1.0,0.0,0.5833952970192641,0.46352724992203603,0.5940059383890153,0.4424157074718495,0.5926511551918963,0.4427833562719593,0.6156237902266156,0.4627643328127325,0.7447234094417313,0.5433768819563002,1.0,1.0,0.0,0.0,0.0,0.0,2.0,4.0
5.0,0.0,0.0,1.0,0.0,0.0,0.0,0.0,0.0,1.0,0.0,1.0,0.0,0.0,1.0,1.0,0.0,1.0,1.0,0.0,1.0,0.0,0.0,1.0,1.0,0.0,0.5834390548114862,0.46511629720962466,0.5935228383167004,0.44248819497225944,0.5922616731165474,0.4426589232255854,0.6076195556745703,0.4647435246651512,0.6939674002781712,0.5699477884611396,1.0,1.0,0.0,0.0,0.0,0.0,2.0,4.0
5.0,0.0,0.0,1.0,0.0,0.0,0.0,0.0,0.0,1.0,0.0,1.0,0.0,0.0,1.0,1.0,0.0,1.0,1.0,0.0,1.0,0.0,0.0,1.0,1.0,0.0,0.5819531700011498,0.4642525250183877,0.5932605701262361,0.45952415684644105,0.5921658454282974,0.45848436940562715,0.5825189024456413,0.46550854647808,0.5266279062566493,0.549343237523937,1.0,1.0,0.0,0.0,0.0,0.0,2.0,4.0
5.0,0.0,0.0,1.0,0.0,0.0,0.0,0.0,0.0,1.0,0.0,1.0,0.0,0.0,1.0,1.0,0.0,1.0,1.0,0.0,1.0,0.0,0.0,1.0,1.0,0.0,0.5926278913505723,0.46555203601092626,0.5929400135112886,0.4425435623306991,0.5924583948766153,0.442752522710794,0.6066434634704216,0.4627281337490038,0.6867189445273745,0.5522315801573371,1.0,1.0,0.0,0.0,0.0,0.0,2.0,4.0
5.0,0.0,0.0,1.0,0.0,0.0,0.0,0.0,0.0,1.0,0.0,1.0,0.0,0.0,1.0,1.0,0.0,1.0,1.0,0.0,1.0,0.0,0.0,1.0,1.0,0.0,0.5965878182078208,0.46754364837403906,0.5847184893251677,0.4427137702902265,0.5883622976950081,0.4432396976910874,0.5718832658217569,0.46767794882517977,0.4319423074119036,0.5662344833812825,1.0,1.0,0.0,0.0,0.0,0.0,2.0,4.0
5.0,0.0,0.0,1.0,0.0,0.0,0.0,0.0,0.0,1.0,0.0,1.0,0.0,0.0,1.0,1.0,0.0,1.0,1.0,0.0,1.0,0.0,0.0,1.0,1.0,0.0,0.5715376599265105,0.46074343813847607,0.5930748710998983,0.45930568805902305,0.592283318891594,0.4564911516212318,0.5721267053391543,0.4664543338760324,0.4787102879684098,0.5517705227478601,1.0,1.0,0.0,0.0,0.0,0.0,2.0,4.0
5.0,0.0,0.0,1.0,0.0,0.0,0.0,0.0,0.0,1.0,0.0,1.0,0.0,0.0,1.0,1.0,0.0,1.0,1.0,0.0,1.0,0.0,0.0,1.0,1.0,0.0,0.5817569190152013,0.46475516811957124,0.5933489423423023,0.45773880025104285,0.5928703603453801,0.45771216900764555,0.582096325880259,0.4652987075412711,0.5538064512019967,0.5505801241520467,1.0,1.0,0.0,0.0,0.0,0.0,2.0,4.0
5.0,0.0,0.0,1.0,0.0,0.0,0.0,0.0,0.0,1.0,0.0,1.0,0.0,0.0,1.0,1.0,0.0,1.0,1.0,0.0,1.0,0.0,0.0,1.0,1.0,0.0,0.797962681204894,0.5621115738201286,0.7362450854702679,0.6689758816129225,0.7590677171235994,0.6217670730468925,0.756333697757138,0.5437226124727607,0.9189365926430284,0.5654138948546191,1.0,1.0,0.0,0.0,0.0,0.0,2.0,4.0
5.0,0.0,0.0,1.0,0.0,0.0,0.0,0.0,0.0,1.0,0.0,1.0,0.0,0.0,1.0,1.0,0.0,1.0,1.0,0.0,1.0,0.0,0.0,1.0,1.0,0.0,0.5926278913505723,0.46555203601092626,0.5929219104140295,0.4425370377662606,0.5923960399764067,0.44272747382315103,0.6066613096171078,0.4627281337490038,0.6867909032271252,0.5514298983119192,1.0,1.0,0.0,0.0,0.0,0.0,2.0,4.0
5.0,0.0,0.0,1.0,0.0,0.0,0.0,0.0,0.0,1.0,0.0,1.0,0.0,0.0,1.0,1.0,0.0,1.0,1.0,0.0,1.0,0.0,0.0,1.0,1.0,0.0,0.7838458595675093,0.5672104849420077,0.7374292695332818,0.7414125443662518,0.758521798940742,0.654483590747541,0.7687306710057279,0.5547692260705572,0.8993077595199156,0.5815777021678239,1.0,1.0,0.0,0.0,0.0,0.0,2.0,4.0
5.0,0.0,0.0,1.0,0.0,0.0,0.0,0.0,0.0,1.0,0.0,1.0,0.0,0.0,1.0,1.0,0.0,1.0,1.0,0.0,1.0,0.0,0.0,1.0,1.0,0.0,0.581891571086763,0.4640939588019763,0.5933039342537199,0.4596606558079505,0.5921779605154094,0.4586406354313424,0.582489778476193,0.4656647069087943,0.5187146597576107,0.5507198284727395,1.0,1.0,0.0,0.0,0.0,0.0,2.0,4.0
5.0,0.0,0.0,1.0,0.0,0.0,0.0,0.0,0.0,1.0,0.0,1.0,0.0,0.0,1.0,1.0,0.0,1.0,1.0,0.0,1.0,0.0,0.0,1.0,1.0,0.0,0.5919512292554263,0.46498048960621197,0.5930836871947045,0.4427319448076894,0.5922672669374702,0.4429931090727615,0.6080275520478109,0.46476940425559193,0.7049265438491895,0.5521094388182627,1.0,1.0,0.0,0.0,0.0,0.0,2.0,4.0
5.0,0.0,0.0,1.0,0.0,0.0,0.0,0.0,0.0,1.0,0.0,1.0,0.0,0.0,1.0,1.0,0.0,1.0,1.0,0.0,1.0,0.0,0.0,1.0,1.0,0.0,0.5906511355603147,0.4655569529036637,0.5930268766465417,0.44247311049763005,0.5923555521012472,0.44269017165718405,0.6050756130067725,0.4647783620602774,0.6893394234685971,0.5652691702216439,1.0,1.0,0.0,0.0,0.0,0.0,2.0,4.0
5.0,0.0,0.0,1.0,0.0,0.0,0.0,0.0,0.0,1.0,0.0,1.0,0.0,0.0,1.0,1.0,0.0,1.0,1.0,0.0,1.0,0.0,0.0,1.0,1.0,0.0,0.6036107357610068,0.4668262118817825,0.5927379297961731,0.4512725243822437,0.5925024808875023,0.45159899013049515,0.6039947487497734,0.4668608363042974,0.6604391001923199,0.5515180525073132,1.0,1.0,0.0,0.0,0.0,0.0,2.0,4.0
5.0,0.0,0.0,1.0,0.0,0.0,0.0,0.0,0.0,1.0,0.0,1.0,0.0,0.0,1.0,1.0,0.0,1.0,1.0,0.0,1.0,0.0,0.0,1.0,1.0,0.0,0.7812060694963933,0.5488420789846621,0.7379199597911029,0.6307990950912401,0.7798115667059169,0.6166121690535016,0.7749168529365879,0.5471781655672504,0.9288171917073532,0.5582414174293966,1.0,1.0,0.0,0.0,0.0,0.0,2.0,4.0
5.0,0.0,0.0,1.0,0.0,0.0,0.0,0.0,0.0,1.0,0.0,1.0,0.0,0.0,1.0,1.0,0.0,1.0,1.0,0.0,1.0,0.0,0.0,1.0,1.0,0.0,0.5903994040263665,0.4655190966325684,0.5935932695796566,0.44252950022458487,0.5926116672896767,0.4426858481967538,0.6032455483770687,0.46503042932628,0.6870556168010411,0.5592083428013522,1.0,1.0,0.0,0.0,0.0,0.0,2.0,4.0
5.0,0.0,0.0,1.0,0.0,0.0,0.0,0.0,0.0,1.0,0.0,1.0,0.0,0.0,1.0,1.0,0.0,1.0,1.0,0.0,1.0,0.0,0.0,1.0,1.0,0.0,0.590460500730499,0.4638185141186439,0.5925247653787343,0.4425446204669102,0.5924414936204363,0.44259831978677117,0.6019338458840799,0.46273380780188506,0.6644590732943831,0.5496232518596887,1.0,1.0,0.0,0.0,0.0,0.0,2.0,4.0
5.0,0.0,0.0,1.0,0.0,0.0,0.0,0.0,0.0,1.0,0.0,1.0,0.0,0.0,1.0,1.0,0.0,1.0,1.0,0.0,1.0,0.0,0.0,1.0,1.0,0.0,0.590904331695399,0.46486548395686306,0.5929615509413132,0.44250034154860496,0.5924894730516955,0.44261201549938206,0.6044138616231272,0.4626987888814589,0.6826088060586923,0.550167904410023,1.0,1.0,0.0,0.0,0.0,0.0,2.0,4.0
5.0,0.0,0.0,1.0,0.0,0.0,0.0,0.0,0.0,1.0,0.0,1.0,0.0,0.0,1.0,1.0,0.0,1.0,1.0,0.0,1.0,0.0,0.0,1.0,1.0,0.0,0.5961201023150875,0.46482622273517743,0.5930144563164708,0.44250022412104123,0.5923544971586323,0.44279686122616435,0.6043373201201822,0.46305840617693095,0.6847072845510978,0.5478490016955689,1.0,1.0,0.0,0.0,0.0,0.0,2.0,4.0
5.0,0.0,0.0,1.0,0.0,0.0,0.0,0.0,0.0,1.0,0.0,1.0,0.0,0.0,1.0,1.0,0.0,1.0,1.0,0.0,1.0,0.0,0.0,1.0,1.0,0.0,0.5975227363052303,0.46486312422022813,0.5928863196161104,0.4424802955268112,0.5924961822952679,0.44269952484978575,0.5998941280988968,0.4646432902019133,0.6436329069547051,0.5449306879381136,1.0,1.0,0.0,0.0,0.0,0.0,2.0,4.0
5.0,0.0,0.0,1.0,0.0,0.0,0.0,0.0,0.0,1.0,0.0,1.0,0.0,0.0,1.0,1.0,0.0,1.0,1.0,0.0,1.0,0.0,0.0,1.0,1.0,0.0,0.7752691812329918,0.5468193740695654,0.7452223539744357,0.6582972484861609,0.7738284931812841,0.6182310610796604,0.7583330001284659,0.5454409200350049,0.9172962691288904,0.5512136074063083,1.0,1.0,0.0,0.0,0.0,0.0,2.0,4.0
5.0,0.0,0.0,1.0,0.0,0.0,0.0,0.0,0.0,1.0,0.0,1.0,0.0,0.0,1.0,1.0,0.0,1.0,1.0,0.0,1.0,0.0,0.0,1.0,1.0,0.0,0.5817944104833895,0.4648401808161292,0.5929471875835729,0.45808924616881225,0.5924608222447204,0.45797417611284147,0.582089854384834,0.4653678170829059,0.5711188993667176,0.5523235476037657,1.0,1.0,0.0,0.0,0.0,0.0,2.0,4.0
5.0,0.0,0.0,1.0,0.0,0.0,0.0,0.0,0.0,1.0,0.0,1.0,0.0,0.0,1.0,1.0,0.0,1.0,1.0,0.0,1.0,0.0,0.0,1.0,1.0,0.0,0.5905787417826085,0.46396500579430694,0.5929457953597983,0.44252632796349417,0.5923165628295363,0.44282424413953175,0.6067738438796454,0.46191179600362914,0.7110542388837602,0.5436232595362522,1.0,1.0,0.0,0.0,0.0,0.0,2.0,4.0
5.0,0.0,0.0,1.0,0.0,0.0,0.0,0.0,0.0,1.0,0.0,1.0,0.0,0.0,1.0,1.0,0.0,1.0,1.0,0.0,1.0,0.0,0.0,1.0,1.0,0.0,0.5966351067242364,0.46592138544986617,0.5929609369902644,0.4434063950774618,0.5924401579566763,0.4436521787886182,0.6038384352938021,0.4649872357701054,0.68514324671256,0.5445462875662133,1.0,1.0,0.0,0.0,0.0,0.0,2.0,4.0
5.0,0.0,0.0,1.0,0.0,0.0,0.0,0.0,0.0,1.0,0.0,1.0,0.0,0.0,1.0,1.0,0.0,1.0,1.0,0.0,1.0,0.0,0.0,1.0,1.0,0.0,0.5974511521590145,0.47323620188165577,0.5947149846317759,0.44731932743698416,0.5929388344258805,0.44839088254232423,0.6173806478540116,0.4674504418386881,0.7254188918206902,0.5661927268931498,1.0,1.0,0.0,0.0,0.0,0.0,2.0,4.0
5.0,0.0,0.0,1.0,0.0,0.0,0.0,0.0,0.0,1.0,0.0,1.0,0.0,0.0,1.0,1.0,0.0,1.0,1.0,0.0,1.0,0.0,0.0,1.0,1.0,0.0,0.5910138561873735,0.46599178630420357,0.5930781403143321,0.44254010900400487,0.5925090783790143,0.4426780666052691,0.6053970055114513,0.46480952349398313,0.699809921260089,0.544805702512658,1.0,1.0,0.0,0.0,0.0,0.0,2.0,4.0
5.0,0.0,0.0,1.0,0.0,0.0,0.0,0.0,0.0,1.0,0.0,1.0,0.0,0.0,1.0,1.0,0.0,1.0,1.0,0.0,1.0,0.0,0.0,1.0,1.0,0.0,0.5834390548114862,0.46511629720962466,0.5934775446835765,0.44250727966415865,0.5924260729515561,0.4427316064304086,0.6074424737159361,0.4646090663864197,0.6950073475361658,0.5641530028773614,1.0,1.0,0.0,0.0,0.0,0.0,2.0,4.0
5.0,0.0,0.0,1.0,0.0,0.0,0.0,0.0,0.0,1.0,0.0,1.0,0.0,0.0,1.0,1.0,0.0,1.0,1.0,0.0,1.0,0.0,0.0,1.0,1.0,0.0,0.5883517881895749,0.4651106497092336,0.5929532638267078,0.4425360832815465,0.5923644413112433,0.44266467936550913,0.6054103500012487,0.4633594006334912,0.6959395388312521,0.5486216083090782,1.0,1.0,0.0,0.0,0.0,0.0,2.0,4.0
5.0,0.0,0.0,1.0,0.0,0.0,0.0,0.0,0.0,1.0,0.0,1.0,0.0,0.0,1.0,1.0,0.0,1.0,1.0,0.0,1.0,0.0,0.0,1.0,1.0,0.0,0.5926721568310178,0.46536308822281963,0.5929724795389745,0.4426357967270536,0.5930104458388615,0.4429751555764283,0.5993716113050149,0.464778854647687,0.6429522658887531,0.5449457045568991,1.0,1.0,0.0,0.0,0.0,0.0,2.0,4.0
5.0,0.0,0.0,1.0,0.0,0.0,0.0,0.0,0.0,1.0,0.0,1.0,0.0,0.0,1.0,1.0,0.0,1.0,1.0,0.0,1.0,0.0,0.0,1.0,1.0,0.0,0.5919104714734281,0.4652798380311043,0.5930331076275895,0.44272352674384563,0.5924754569577736,0.4429782156410899,0.603570479384364,0.46446700144347475,0.6872411555857727,0.5518444589149729,1.0,1.0,0.0,0.0,0.0,0.0,2.0,4.0
5.0,0.0,0.0,1.0,0.0,0.0,0.0,0.0,0.0,1.0,0.0,1.0,0.0,0.0,1.0,1.0,0.0,1.0,1.0,0.0,1.0,0.0,0.0,1.0,1.0,0.0,0.5967677331317286,0.4641863910964909,0.5935121106940302,0.4424428276813233,0.5925525453308762,0.44274585859190607,0.6028505050468076,0.4634169039768077,0.6894877048784739,0.5360471548260282,1.0,1.0,0.0,0.0,0.0,0.0,2.0,4.0
5.0,0.0,0.0,1.0,0.0,0.0,0.0,0.0,0.0,1.0,0.0,1.0,0.0,0.0,1.0,1.0,0.0,1.0,1.0,0.0,1.0,0.0,0.0,1.0,1.0,0.0,0.5980909459654472,0.46539341908599574,0.592879165470603,0.4424822031638518,0.5925476714972048,0.4426967162712848,0.6004412442623445,0.46604196320746266,0.6592841688675924,0.5449043566764981,1.0,1.0,0.0,0.0,0.0,0.0,2.0,4.0
5.0,0.0,0.0,1.0,0.0,0.0,0.0,0.0,0.0,1.0,0.0,1.0,0.0,0.0,1.0,1.0,0.0,1.0,1.0,0.0,1.0,0.0,0.0,1.0,1.0,0.0,0.599936885442475,0.46534446896637005,0.5928177668406154,0.4478113277666506,0.5924166396480817,0.4481920186786913,0.602991166476134,0.4648000618479487,0.6749961084137237,0.5512190583600427,1.0,1.0,0.0,0.0,0.0,0.0,2.0,4.0
5.0,0.0,0.0,1.0,0.0,0.0,0.0,0.0,0.0,1.0,0.0,1.0,0.0,0.0,1.0,1.0,0.0,1.0,1.0,0.0,1.0,0.0,0.0,1.0,1.0,0.0,0.5710180749233507,0.4534662627673302,0.5723217943280317,0.4200732910518211,0.5802400772203973,0.42417269774539634,0.5540299520669916,0.4520055323953279,0.3928147846047647,0.521652239001224,1.0,1.0,0.0,0.0,0.0,0.0,2.0,4.0
5.0,0.0,0.0,1.0,0.0,0.0,0.0,0.0,0.0,1.0,0.0,1.0,0.0,0.0,1.0,1.0,0.0,1.0,1.0,0.0,1.0,0.0,0.0,1.0,1.0,0.0,0.5903274346465314,0.4645955228116026,0.593224808948941,0.44244703205657254,0.5920061189530501,0.4428118653456183,0.6058800990155552,0.46303270570886446,0.71557584430707,0.5375371462764489,1.0,1.0,0.0,0.0,0.0,0.0,2.0,4.0
5.0,0.0,0.0,1.0,0.0,0.0,0.0,0.0,0.0,1.0,0.0,1.0,0.0,0.0,1.0,1.0,0.0,1.0,1.0,0.0,1.0,0.0,0.0,1.0,1.0,0.0,0.5836408584056296,0.4637998970049597,0.5925438120716907,0.44253220263236065,0.592457914238935,0.4425471787180715,0.6006142304104678,0.46468152935625573,0.6639164666119195,0.5352031407215162,1.0,1.0,0.0,0.0,0.0,0.0,2.0,4.0
5.0,0.0,0.0,1.0,0.0,0.0,0.0,0.0,0.0,1.0,0.0,1.0,0.0,0.0,1.0,1.0,0.0,1.0,1.0,0.0,1.0,0.0,0.0,1.0,1.0,0.0,0.5826039377015121,0.4657073121953359,0.5844004687311588,0.4410302650267555,0.5884139590010561,0.44250598429453586,0.5723208435421635,0.46771468112467274,0.424297060907608,0.5441689713494375,1.0,1.0,0.0,0.0,0.0,0.0,2.0,4.0
5.0,0.0,0.0,1.0,0.0,0.0,0.0,0.0,0.0,1.0,0.0,1.0,0.0,0.0,1.0,1.0,0.0,1.0,1.0,0.0,1.0,0.0,0.0,1.0,1.0,0.0,0.590460500730499,0.4638234211556749,0.5925517851226813,0.442458745338253,0.5924414936204363,0.4425654394942836,0.5996038552089271,0.46475985418244375,0.6670687700378944,0.5488582862806229,1.0,1.0,0.0,0.0,0.0,0.0,2.0,4.0
5.0,0.0,0.0,1.0,0.0,0.0,0.0,0.0,0.0,1.0,0.0,1.0,0.0,0.0,1.0,1.0,0.0,1.0,1.0,0.0,1.0,0.0,0.0,1.0,1.0,0.0,0.5927999984688038,0.4626392414153762,0.5937476085536948,0.4414241859926189,0.5922744548779925,0.44186864654374836,0.6057981064341493,0.46342653561009634,0.7081597378682667,0.5481669860507355,1.0,1.0,0.0,0.0,0.0,0.0,2.0,4.0
5.0,0.0,0.0,1.0,0.0,0.0,0.0,0.0,0.0,1.0,0.0,1.0,0.0,0.0,1.0,1.0,0.0,1.0,1.0,0.0,1.0,0.0,0.0,1.0,1.0,0.0,0.5919882115083778,0.4661612557640929,0.5930026953091279,0.4433806486929874,0.591990210222117,0.4437416921412207,0.6087039412050198,0.46472256014009033,0.7082730419811195,0.5491064137391993,1.0,1.0,0.0,0.0,0.0,0.0,2.0,4.0
5.0,0.0,0.0,1.0,0.0,0.0,0.0,0.0,0.0,1.0,0.0,1.0,0.0,0.0,1.0,1.0,0.0,1.0,1.0,0.0,1.0,0.0,0.0,1.0,1.0,0.0,0.5902685243928529,0.4656362847244589,0.5936487884875902,0.442271302024498,0.5923510540674407,0.44252543778795944,0.6027776784372391,0.4657475679711675,0.6749121311752143,0.5712566187551141,1.0,1.0,0.0,0.0,0.0,0.0,2.0,4.0
5.0,0.0,0.0,1.0,0.0,0.0,0.0,0.0,0.0,1.0,0.0,1.0,0.0,0.0,1.0,1.0,0.0,1.0,1.0,0.0,1.0,0.0,0.0,1.0,1.0,0.0,0.5817545888116892,0.46472839013336636,0.5928701870914078,0.45725262681846635,0.5923519864739392,0.457609047799898,0.582096325880259,0.46599691434133483,0.5663200061166896,0.5590549654530733,1.0,1.0,0.0,0.0,0.0,0.0,2.0,4.0
5.0,0.0,0.0,1.0,0.0,0.0,0.0,0.0,0.0,1.0,0.0,1.0,0.0,0.0,1.0,1.0,0.0,1.0,1.0,0.0,1.0,0.0,0.0,1.0,1.0,0.0,0.6004311244211423,0.465491005515035,0.5930053196352931,0.4424983848560947,0.5923868625564811,0.4428346574227158,0.6005605411890037,0.4659826407293036,0.6607313749397168,0.5286982587797806,1.0,1.0,0.0,0.0,0.0,0.0,2.0,4.0
5.0,0.0,0.0,1.0,0.0,0.0,0.0,0.0,0.0,1.0,0.0,1.0,0.0,0.0,1.0,1.0,0.0,1.0,1.0,0.0,1.0,0.0,0.0,1.0,1.0,0.0,0.5966455709487023,0.46556619699264395,0.5929879701401841,0.44257748262368196,0.5924394931959566,0.44277037387020746,0.6038215846120765,0.46422441686301213,0.6683500599967189,0.5645794777152087,1.0,1.0,0.0,0.0,0.0,0.0,2.0,4.0
5.0,0.0,0.0,1.0,0.0,0.0,0.0,0.0,0.0,1.0,0.0,1.0,0.0,0.0,1.0,1.0,0.0,1.0,1.0,0.0,1.0,0.0,0.0,1.0,1.0,0.0,0.5924411258428611,0.4651858338770278,0.592850494392494,0.44244282745375657,0.5921856322597998,0.4425944145761587,0.602361568780801,0.46498861959809373,0.686192308699029,0.5440077652340954,1.0,1.0,0.0,0.0,0.0,0.0,2.0,4.0
5.0,0.0,0.0,1.0,0.0,0.0,0.0,0.0,0.0,1.0,0.0,1.0,0.0,0.0,1.0,1.0,0.0,1.0,1.0,0.0,1.0,0.0,0.0,1.0,1.0,0.0,0.5905040837619561,0.46373986293080505,0.592239336520086,0.4424817108517864,0.5921711848221198,0.4427588614804117,0.5997815733545364,0.4630544407728839,0.6491003721525174,0.5488379155540104,1.0,1.0,0.0,0.0,0.0,0.0,2.0,4.0
5.0,0.0,0.0,1.0,0.0,0.0,0.0,0.0,0.0,1.0,0.0,1.0,0.0,0.0,1.0,1.0,0.0,1.0,1.0,0.0,1.0,0.0,0.0,1.0,1.0,0.0,0.5817569190152013,0.46475516811957124,0.5933489423423023,0.45773880025104285,0.5928703603453801,0.45771216900764555,0.582096325880259,0.4652987075412711,0.5486973909939773,0.5505801241520467,1.0,1.0,0.0,0.0,0.0,0.0,2.0,4.0
5.0,0.0,0.0,1.0,0.0,0.0,0.0,0.0,0.0,1.0,0.0,1.0,0.0,0.0,1.0,1.0,0.0,1.0,1.0,0.0,1.0,0.0,0.0,1.0,1.0,0.0,0.5732188400284269,0.46409339556547735,0.5933296621672346,0.45989952916973187,0.5921773404214581,0.45650329619860736,0.5720835216258655,0.46550854647808,0.5195265504025564,0.5509603870796812,1.0,1.0,0.0,0.0,0.0,0.0,2.0,4.0
5.0,0.0,0.0,1.0,0.0,0.0,0.0,0.0,0.0,1.0,0.0,1.0,0.0,0.0,1.0,1.0,0.0,1.0,1.0,0.0,1.0,0.0,0.0,1.0,1.0,0.0,0.7812060694963933,0.5488420789846621,0.740746366962716,0.6307990950912401,0.7814967732571149,0.6166121690535016,0.774632117035307,0.5469519892708471,0.9289562548018994,0.5582414174293966,1.0,1.0,0.0,0.0,0.0,0.0,2.0,4.0
5.0,0.0,0.0,1.0,0.0,0.0,0.0,0.0,0.0,1.0,0.0,1.0,0.0,0.0,1.0,1.0,0.0,1.0,1.0,0.0,1.0,0.0,0.0,1.0,1.0,0.0,0.5906511355603147,0.46554722948213234,0.5930268766465417,0.44247311049763005,0.5923556259921194,0.44269017165718405,0.6054615130883837,0.4647844710878686,0.6893394234685971,0.5652691702216439,1.0,1.0,0.0,0.0,0.0,0.0,2.0,4.0
5.0,0.0,0.0,1.0,0.0,0.0,0.0,0.0,0.0,1.0,0.0,1.0,0.0,0.0,1.0,1.0,0.0,1.0,1.0,0.0,1.0,0.0,0.0,1.0,1.0,0.0,0.5969714230943403,0.46609429654718043,0.593411077888603,0.4425722507932307,0.5924347574511037,0.4429600665944402,0.6057029154677432,0.464860172833648,0.6961781233339082,0.5444467654205669,1.0,1.0,0.0,0.0,0.0,0.0,2.0,4.0
5.0,0.0,0.0,1.0,0.0,0.0,0.0,0.0,0.0,1.0,0.0,1.0,0.0,0.0,1.0,1.0,0.0,1.0,1.0,0.0,1.0,0.0,0.0,1.0,1.0,0.0,0.5912731304301875,0.4660390282014367,0.5939492158377768,0.4425969828771817,0.5924606193322391,0.4429866746736846,0.6067141956860205,0.4647358760764333,0.7078150232152425,0.550416169235618,1.0,1.0,0.0,0.0,0.0,0.0,2.0,4.0
5.0,0.0,0.0,1.0,0.0,0.0,0.0,0.0,0.0,1.0,0.0,1.0,0.0,0.0,1.0,1.0,0.0,1.0,1.0,0.0,1.0,0.0,0.0,1.0,1.0,0.0,0.58873605124273,0.4659263795506018,0.5929877404993379,0.4428254449897344,0.5921889594176586,0.4431126238499306,0.6042772842541333,0.4660548425169529,0.6852799357407995,0.5692855729709521,1.0,1.0,0.0,0.0,0.0,0.0,2.0,4.0
5.0,0.0,0.0,1.0,0.0,0.0,0.0,0.0,0.0,1.0,0.0,1.0,0.0,0.0,1.0,1.0,0.0,1.0,1.0,0.0,1.0,0.0,0.0,1.0,1.0,0.0,0.5899607683196392,0.4656362847244589,0.5936604167579003,0.442279133401927,0.5923521161838473,0.4427083494007642,0.6056938777916189,0.4657396766647526,0.6952271293322998,0.5714148109637236,1.0,1.0,0.0,0.0,0.0,0.0,2.0,4.0
5.0,0.0,0.0,1.0,0.0,0.0,0.0,0.0,0.0,1.0,0.0,1.0,0.0,0.0,1.0,1.0,0.0,1.0,1.0,0.0,1.0,0.0,0.0,1.0,1.0,0.0,0.5966351067242364,0.46592138544986617,0.5929609369902644,0.443437707196608,0.5924401579566763,0.44365571321676633,0.6038384352938021,0.4649872357701054,0.6852118941188239,0.5446164595672756,1.0,1.0,0.0,0.0,0.0,0.0,2.0,4.0
5.0,0.0,0.0,1.0,0.0,0.0,0.0,0.0,0.0,1.0,0.0,1.0,0.0,0.0,1.0,1.0,0.0,1.0,1.0,0.0,1.0,0.0,0.0,1.0,1.0,0.0,0.5982379568492653,0.463217337454286,0.5941615269464204,0.4419651445737147,0.5925395277951728,0.44268542606488787,0.6048112786409949,0.46255129877693,0.6942497620229752,0.5518146522158451,1.0,1.0,0.0,0.0,0.0,0.0,2.0,4.0
5.0,0.0,0.0,1.0,0.0,0.0,0.0,0.0,0.0,1.0,0.0,1.0,0.0,0.0,1.0,1.0,0.0,1.0,1.0,0.0,1.0,0.0,0.0,1.0,1.0,0.0,0.5906079948155138,0.4648682453555186,0.5928945335306948,0.442602770812224,0.5928381433308131,0.44275957821719736,0.6024864009535883,0.46497034866576387,0.6779403603898169,0.5453660371316307,1.0,1.0,0.0,0.0,0.0,0.0,2.0,4.0
5.0,0.0,0.0,1.0,0.0,0.0,0.0,0.0,0.0,1.0,0.0,1.0,0.0,0.0,1.0,1.0,0.0,1.0,1.0,0.0,1.0,0.0,0.0,1.0,1.0,0.0,0.5987869673249592,0.46373554287595115,0.5930623045706495,0.442049828897033,0.5923970758130598,0.44265960176300045,0.5992777426665309,0.4646220870087589,0.6665836889791161,0.5287386323670753,1.0,1.0,0.0,0.0,0.0,0.0,2.0,4.0
5.0,0.0,0.0,1.0,0.0,0.0,0.0,0.0,0.0,1.0,0.0,1.0,0.0,0.0,1.0,1.0,0.0,1.0,1.0,0.0,1.0,0.0,0.0,1.0,1.0,0.0,0.5984659618892084,0.46539620572414614,0.5928848012389543,0.442482310469597,0.5924949800920074,0.4426920785949026,0.600245985746435,0.4655264134191023,0.6605487550912564,0.5438024614414347,1.0,1.0,0.0,0.0,0.0,0.0,2.0,4.0
5.0,0.0,0.0,1.0,0.0,0.0,0.0,0.0,0.0,1.0,0.0,1.0,0.0,0.0,1.0,1.0,0.0,1.0,1.0,0.0,1.0,0.0,0.0,1.0,1.0,0.0,0.590518018753895,0.4626548148767123,0.593224808948941,0.44244703205657254,0.5920151448409321,0.44277942296212414,0.6058800990155552,0.46274408941583073,0.7162930222310347,0.5381681951853184,1.0,1.0,0.0,0.0,0.0,0.0,2.0,4.0
5.0,0.0,0.0,1.0,0.0,0.0,0.0,0.0,0.0,1.0,0.0,1.0,0.0,0.0,1.0,1.0,0.0,1.0,1.0,0.0,1.0,0.0,0.0,1.0,1.0,0.0,0.5961849335012375,0.4652506290144081,0.5929471779474733,0.4424509504307734,0.5923640272696876,0.44273645793203587,0.6053115921590636,0.46323481941680494,0.6867189445273745,0.5486678427331142,1.0,1.0,0.0,0.0,0.0,0.0,2.0,4.0
5.0,0.0,0.0,1.0,0.0,0.0,0.0,0.0,0.0,1.0,0.0,1.0,0.0,0.0,1.0,1.0,0.0,1.0,1.0,0.0,1.0,0.0,0.0,1.0,1.0,0.0,0.5975227363052303,0.46487446048205877,0.5925106533740692,0.4424802955268112,0.5924984035866283,0.44267219823822784,0.5998651275282534,0.46476873386461026,0.6497027307509644,0.5448934137337336,1.0,1.0,0.0,0.0,0.0,0.0,2.0,4.0
5.0,0.0,0.0,1.0,0.0,0.0,0.0,0.0,0.0,1.0,0.0,1.0,0.0,0.0,1.0,1.0,0.0,1.0,1.0,0.0,1.0,0.0,0.0,1.0,1.0,0.0,0.5926067174948452,0.46610773951108797,0.5929835509596807,0.4427403438212379,0.5923077401297644,0.4429913160086314,0.6065758686158051,0.4652940201933409,0.7050332016780858,0.5504522181938255,1.0,1.0,0.0,0.0,0.0,0.0,2.0,4.0
5.0,0.0,0.0,1.0,0.0,0.0,0.0,0.0,0.0,1.0,0.0,1.0,0.0,0.0,1.0,1.0,0.0,1.0,1.0,0.0,1.0,0.0,0.0,1.0,1.0,0.0,0.7838458595675093,0.5675247143790869,0.7384455811816654,0.7411211287205843,0.758521798940742,0.654483590747541,0.7687306710057279,0.5547477365905328,0.8985335098756433,0.5807069860319022,1.0,1.0,0.0,0.0,0.0,0.0,2.0,4.0
5.0,0.0,0.0,1.0,0.0,0.0,0.0,0.0,0.0,1.0,0.0,1.0,0.0,0.0,1.0,1.0,0.0,1.0,1.0,0.0,1.0,0.0,0.0,1.0,1.0,0.0,0.5980986260812566,0.4653685294082181,0.593090751105619,0.4425255782958863,0.5924233335883565,0.44277150183343933,0.5998951562330017,0.46604041456352596,0.6628773336825987,0.5429865634013514,1.0,1.0,0.0,0.0,0.0,0.0,2.0,4.0
5.0,0.0,0.0,1.0,0.0,0.0,0.0,0.0,0.0,1.0,0.0,1.0,0.0,0.0,1.0,1.0,0.0,1.0,1.0,0.0,1.0,0.0,0.0,1.0,1.0,0.0,0.596861108503418,0.4648594083625593,0.5929636910187916,0.44249608926531137,0.5924809954005078,0.44281482310646525,0.599976388304626,0.4646884306168921,0.6574492879724829,0.5490066209608577,1.0,1.0,0.0,0.0,0.0,0.0,2.0,4.0
5.0,0.0,0.0,1.0,0.0,0.0,0.0,0.0,0.0,1.0,0.0,1.0,0.0,0.0,1.0,1.0,0.0,1.0,1.0,0.0,1.0,0.0,0.0,1.0,1.0,0.0,0.5691806359400452,0.4539995085657628,0.57185660358613,0.4198901236961627,0.5815639553599569,0.42461555573024523,0.5556732848871845,0.4511014413788736,0.40922251005639515,0.5452431340504831,1.0,1.0,0.0,0.0,0.0,0.0,2.0,4.0
5.0,0.0,0.0,1.0,0.0,0.0,0.0,0.0,0.0,1.0,0.0,1.0,0.0,0.0,1.0,1.0,0.0,1.0,1.0,0.0,1.0,0.0,0.0,1.0,1.0,0.0,0.771205572007489,0.5624274735924312,0.728386319685508,0.7305418933849352,0.7612910828878134,0.6545920848535025,0.7688707911651492,0.5546814473761648,0.8950587286926357,0.5801034805260051,1.0,1.0,0.0,0.0,0.0,0.0,2.0,4.0
5.0,0.0,0.0,1.0,0.0,0.0,0.0,0.0,0.0,1.0,0.0,1.0,0.0,0.0,1.0,1.0,0.0,1.0,1.0,0.0,1.0,0.0,0.0,1.0,1.0,0.0,0.5930487528337599,0.4640175652267305,0.5925215253574361,0.44246322495885176,0.5925377797604444,0.44258716335580317,0.600565058446676,0.46461205834769936,0.6596727177423568,0.5352651588655214,1.0,1.0,0.0,0.0,0.0,0.0,2.0,4.0
5.0,0.0,0.0,1.0,0.0,0.0,0.0,0.0,0.0,1.0,0.0,1.0,0.0,0.0,1.0,1.0,0.0,1.0,1.0,0.0,1.0,0.0,0.0,1.0,1.0,0.0,0.5985049129266032,0.46472915972379797,0.5930206473097204,0.4426726892543593,0.5924482121066482,0.44291265221383613,0.6040189630744139,0.4650082434450888,0.686377890690536,0.5439126411133434,1.0,1.0,0.0,0.0,0.0,0.0,2.0,4.0
5.0,0.0,0.0,1.0,0.0,0.0,0.0,0.0,0.0,1.0,0.0,1.0,0.0,0.0,1.0,1.0,0.0,1.0,1.0,0.0,1.0,0.0,0.0,1.0,1.0,0.0,0.6006896880953967,0.4668146382586821,0.5927441291205786,0.4510127776454252,0.5925038224426753,0.45133806837508905,0.6010150775332045,0.46707742318029655,0.6506358021134082,0.5511932772153295,1.0,1.0,0.0,0.0,0.0,0.0,2.0,4.0
5.0,0.0,0.0,1.0,0.0,0.0,0.0,0.0,0.0,1.0,0.0,1.0,0.0,0.0,1.0,1.0,0.0,1.0,1.0,0.0,1.0,0.0,0.0,1.0,1.0,0.0,0.5909927618415652,0.464876156371093,0.5929615509413132,0.4424984669786512,0.5924894730516955,0.44261201549938206,0.6038083773445645,0.4625387747237294,0.6824127164380162,0.544472089062929,1.0,1.0,0.0,0.0,0.0,0.0,2.0,4.0
5.0,0.0,0.0,1.0,0.0,0.0,0.0,0.0,0.0,1.0,0.0,1.0,0.0,0.0,1.0,1.0,0.0,1.0,1.0,0.0,1.0,0.0,0.0,1.0,1.0,0.0,0.5965196886664266,0.4639293228932045,0.5925072442868284,0.44225646158153953,0.5925077870650155,0.4424984044894576,0.6005508386026714,0.4647412694150309,0.6705129263032331,0.5382693528745495,1.0,1.0,0.0,0.0,0.0,0.0,2.0,4.0
5.0,0.0,0.0,1.0,0.0,0.0,0.0,0.0,0.0,1.0,0.0,1.0,0.0,0.0,1.0,1.0,0.0,1.0,1.0,0.0,1.0,0.0,0.0,1.0,1.0,0.0,0.5910928954459366,0.46488329782360716,0.5924934701884625,0.44242130632981996,0.592477978048539,0.44261871447858153,0.6041391593104055,0.46302454684258854,0.6814833248525487,0.5261938911760163,1.0,1.0,0.0,0.0,0.0,0.0,2.0,4.0
5.0,0.0,0.0,1.0,0.0,0.0,0.0,0.0,0.0,1.0,0.0,1.0,0.0,0.0,1.0,1.0,0.0,1.0,1.0,0.0,1.0,0.0,0.0,1.0,1.0,0.0,0.5914582706643593,0.46373986293080505,0.592239336520086,0.4427095394676574,0.5921711848221198,0.44282615104312006,0.5997815733545364,0.4630749790015166,0.6482711626127411,0.5446357486735337,1.0,1.0,0.0,0.0,0.0,0.0,2.0,4.0
5.0,0.0,0.0,1.0,0.0,0.0,0.0,0.0,0.0,1.0,0.0,1.0,0.0,0.0,1.0,1.0,0.0,1.0,1.0,0.0,1.0,0.0,0.0,1.0,1.0,0.0,0.590460500730499,0.46382565117558927,0.5925517654425504,0.44245210659246453,0.5924414936204363,0.4425642615957743,0.6018656287088137,0.46273380780188506,0.6655009018409743,0.5479273520159003,1.0,1.0,0.0,0.0,0.0,0.0,2.0,4.0
5.0,0.0,0.0,1.0,0.0,0.0,0.0,0.0,0.0,1.0,0.0,1.0,0.0,0.0,1.0,1.0,0.0,1.0,1.0,0.0,1.0,0.0,0.0,1.0,1.0,0.0,0.5820828500798614,0.4647823970891026,0.5929356908695381,0.4580693576849296,0.5924897543783896,0.45762671710471986,0.5822775153747145,0.4653567956503936,0.5708108151373876,0.5461139047138289,1.0,1.0,0.0,0.0,0.0,0.0,2.0,4.0
5.0,0.0,0.0,1.0,0.0,0.0,0.0,0.0,0.0,1.0,0.0,1.0,0.0,0.0,1.0,1.0,0.0,1.0,1.0,0.0,1.0,0.0,0.0,1.0,1.0,0.0,0.5971760891137011,0.4655473677477604,0.5929777025146219,0.44257748262368196,0.5920179398195473,0.4429994725752215,0.6040045722842033,0.46422441686301213,0.6722891318873416,0.5645794777152087,1.0,1.0,0.0,0.0,0.0,0.0,2.0,4.0
5.0,0.0,0.0,1.0,0.0,0.0,0.0,0.0,0.0,1.0,0.0,1.0,0.0,0.0,1.0,1.0,0.0,1.0,1.0,0.0,1.0,0.0,0.0,1.0,1.0,0.0,0.5912858175336895,0.46607688364020144,0.593950993463419,0.44260646417436916,0.5924358946737894,0.4429866746736846,0.6067141956860205,0.4647358760764333,0.7082632116478527,0.550416169235618,1.0,1.0,0.0,0.0,0.0,0.0,2.0,4.0
5.0,0.0,0.0,1.0,0.0,0.0,0.0,0.0,0.0,1.0,0.0,1.0,0.0,0.0,1.0,1.0,0.0,1.0,1.0,0.0,1.0,0.0,0.0,1.0,1.0,0.0,0.591027034473761,0.46599178630420357,0.5929584053668158,0.44253600589745984,0.5923644413112433,0.4426784344364976,0.605411082428277,0.46480683923357435,0.6976533414021913,0.5417391186969579,1.0,1.0,0.0,0.0,0.0,0.0,2.0,4.0
5.0,0.0,0.0,1.0,0.0,0.0,0.0,0.0,0.0,1.0,0.0,1.0,0.0,0.0,1.0,1.0,0.0,1.0,1.0,0.0,1.0,0.0,0.0,1.0,1.0,0.0,0.6011959495560438,0.4645121355919636,0.5924835998858189,0.44248755887143404,0.5925493853349874,0.4427856576050661,0.6025812785816831,0.46475086723480125,0.6630406650606082,0.5342212418187856,1.0,1.0,0.0,0.0,0.0,0.0,2.0,4.0
5.0,0.0,0.0,1.0,0.0,0.0,0.0,0.0,0.0,1.0,0.0,1.0,0.0,0.0,1.0,1.0,0.0,1.0,1.0,0.0,1.0,0.0,0.0,1.0,1.0,0.0,0.5817569190152013,0.4648401808161292,0.5929864478956097,0.45808924616881225,0.5924881071392022,0.45820414914142904,0.582096325880259,0.46539058458031674,0.5589435593215752,0.5513153769708607,1.0,1.0,0.0,0.0,0.0,0.0,2.0,4.0
5.0,0.0,0.0,1.0,0.0,0.0,0.0,0.0,0.0,1.0,0.0,1.0,0.0,0.0,1.0,1.0,0.0,1.0,1.0,0.0,1.0,0.0,0.0,1.0,1.0,0.0,0.596388857831151,0.46551858055634143,0.5930314773382784,0.44222840850620754,0.59210650787699,0.4426152543753139,0.6069882221812734,0.46253095068172434,0.7002129712120283,0.5375839572636111,1.0,1.0,0.0,0.0,0.0,0.0,2.0,4.0
5.0,0.0,0.0,1.0,0.0,0.0,0.0,0.0,0.0,1.0,0.0,1.0,0.0,0.0,1.0,1.0,0.0,1.0,1.0,0.0,1.0,0.0,0.0,1.0,1.0,0.0,0.7866159858879036,0.5537766673850095,0.7458861386892757,0.6368380931527975,0.7578636875979695,0.6138134761796109,0.7557944097963308,0.5449493971093994,0.9058053479584229,0.5657285488430307,1.0,1.0,0.0,0.0,0.0,0.0,2.0,4.0
5.0,0.0,0.0,1.0,0.0,0.0,0.0,0.0,0.0,1.0,0.0,1.0,0.0,0.0,1.0,1.0,0.0,1.0,1.0,0.0,1.0,0.0,0.0,1.0,1.0,0.0,0.5969716733482306,0.4649164601407899,0.5929030913546903,0.4424790962362156,0.5921909193305955,0.44279025996415183,0.6022999937329564,0.4648100757439024,0.6860038748207008,0.533748355108919,1.0,1.0,0.0,0.0,0.0,0.0,2.0,4.0
5.0,0.0,0.0,1.0,0.0,0.0,0.0,0.0,0.0,1.0,0.0,1.0,0.0,0.0,1.0,1.0,0.0,1.0,1.0,0.0,1.0,0.0,0.0,1.0,1.0,0.0,0.5727627759216506,0.45306797646258873,0.59279847128898,0.45813658554170283,0.5926292069803315,0.45650329619860736,0.5713426804104043,0.4660135944909219,0.4614249656220394,0.5482815816978424,1.0,1.0,0.0,0.0,0.0,0.0,2.0,4.0
5.0,0.0,0.0,1.0,0.0,0.0,0.0,0.0,0.0,1.0,0.0,1.0,0.0,0.0,1.0,1.0,0.0,1.0,1.0,0.0,1.0,0.0,0.0,1.0,1.0,0.0,0.5950839667945695,0.4634264423472864,0.5946984907745054,0.44304654102973046,0.5919711517924725,0.44418552086164237,0.6064817958495842,0.46174516625802203,0.7378238091138443,0.5463919430811025,1.0,1.0,0.0,0.0,0.0,0.0,2.0,4.0
5.0,0.0,0.0,1.0,0.0,0.0,0.0,0.0,0.0,1.0,0.0,1.0,0.0,0.0,1.0,1.0,0.0,1.0,1.0,0.0,1.0,0.0,0.0,1.0,1.0,0.0,0.58311605521357,0.46379699582721406,0.5924808498394691,0.44246202037051785,0.5924521966941609,0.44257895507229245,0.601158959298964,0.4646888521982176,0.6604158236330324,0.5353071736190688,1.0,1.0,0.0,0.0,0.0,0.0,2.0,4.0
5.0,0.0,0.0,1.0,0.0,0.0,0.0,0.0,0.0,1.0,0.0,1.0,0.0,0.0,1.0,1.0,0.0,1.0,1.0,0.0,1.0,0.0,0.0,1.0,1.0,0.0,0.590460500730499,0.4638185141186439,0.5925539637761181,0.44241263336412107,0.5924414936204363,0.4425996337693017,0.6019631447731887,0.46273380780188506,0.6641009556680789,0.5460702364098846,1.0,1.0,0.0,0.0,0.0,0.0,2.0,4.0
5.0,0.0,0.0,1.0,0.0,0.0,0.0,0.0,0.0,1.0,0.0,1.0,0.0,0.0,1.0,1.0,0.0,1.0,1.0,0.0,1.0,0.0,0.0,1.0,1.0,0.0,0.5968593522601854,0.4648594083625593,0.59295825891934,0.44253309117458994,0.5924318081867972,0.44281482310646525,0.5998359510222268,0.4646884306168921,0.6574492879724829,0.5490066209608577,1.0,1.0,0.0,0.0,0.0,0.0,2.0,4.0
5.0,0.0,0.0,1.0,0.0,0.0,0.0,0.0,0.0,1.0,0.0,1.0,0.0,0.0,1.0,1.0,0.0,1.0,1.0,0.0,1.0,0.0,0.0,1.0,1.0,0.0,0.5906167546213504,0.4654986443587165,0.5939196827774328,0.44259865855015995,0.5924606193322391,0.4429866746736846,0.6067211364968652,0.4647358760764333,0.7056574739867111,0.5684422040716718,1.0,1.0,0.0,0.0,0.0,0.0,2.0,4.0
5.0,0.0,0.0,1.0,0.0,0.0,0.0,0.0,0.0,1.0,0.0,1.0,0.0,0.0,1.0,1.0,0.0,1.0,1.0,0.0,1.0,0.0,0.0,1.0,1.0,0.0,0.5984696521229282,0.46488993292890984,0.5928971071043723,0.4424842209095831,0.5924464133595778,0.44269679319674005,0.6005598911214263,0.4646201418244328,0.6605563917161935,0.5350421943418087,1.0,1.0,0.0,0.0,0.0,0.0,2.0,4.0
5.0,0.0,0.0,1.0,0.0,0.0,0.0,0.0,0.0,1.0,0.0,1.0,0.0,0.0,1.0,1.0,0.0,1.0,1.0,0.0,1.0,0.0,0.0,1.0,1.0,0.0,0.5904737359439685,0.4632750825685495,0.5928091313483531,0.44263515438469325,0.5924764884087971,0.44269768105549323,0.6010659896080827,0.4629101057716238,0.681467216883403,0.5264958801241625,1.0,1.0,0.0,0.0,0.0,0.0,2.0,4.0
5.0,0.0,0.0,1.0,0.0,0.0,0.0,0.0,0.0,1.0,0.0,1.0,0.0,0.0,1.0,1.0,0.0,1.0,1.0,0.0,1.0,0.0,0.0,1.0,1.0,0.0,0.5987028592137764,0.4638038802372517,0.5932499496156991,0.442364271873988,0.5923408431966563,0.44280446464773876,0.6024831513086286,0.4634425393162465,0.6733167765516629,0.5379174973227941,1.0,1.0,0.0,0.0,0.0,0.0,2.0,4.0
5.0,0.0,0.0,1.0,0.0,0.0,0.0,0.0,0.0,1.0,0.0,1.0,0.0,0.0,1.0,1.0,0.0,1.0,1.0,0.0,1.0,0.0,0.0,1.0,1.0,0.0,0.5962698992464732,0.4656022224739594,0.592494334714752,0.4423051158454678,0.5924377250602649,0.4425106699051601,0.6011225505046688,0.46529501667795037,0.6559476662233632,0.5484779569145344,1.0,1.0,0.0,0.0,0.0,0.0,2.0,4.0
5.0,0.0,0.0,1.0,0.0,0.0,0.0,0.0,0.0,1.0,0.0,1.0,0.0,0.0,1.0,1.0,0.0,1.0,1.0,0.0,1.0,0.0,0.0,1.0,1.0,0.0,0.5887444603059571,0.4658351665231473,0.5929877404993379,0.4428176738518011,0.5921889594176586,0.443092375197252,0.6042721686752199,0.4660944868276784,0.6849689287430167,0.5690667799557542,1.0,1.0,0.0,0.0,0.0,0.0,2.0,4.0
5.0,0.0,0.0,1.0,0.0,0.0,0.0,0.0,0.0,1.0,0.0,1.0,0.0,0.0,1.0,1.0,0.0,1.0,1.0,0.0,1.0,0.0,0.0,1.0,1.0,0.0,0.5909961464642794,0.46395444432200317,0.5929826763831819,0.4425389386815086,0.5925559009745375,0.44267556383366385,0.6064522005354785,0.46196637222740716,0.7120469264822448,0.536346882938311,1.0,1.0,0.0,0.0,0.0,0.0,2.0,4.0
5.0,0.0,0.0,1.0,0.0,0.0,0.0,0.0,0.0,1.0,0.0,1.0,0.0,0.0,1.0,1.0,0.0,1.0,1.0,0.0,1.0,0.0,0.0,1.0,1.0,0.0,0.5963303798477854,0.46330342680388953,0.5928109159069099,0.4425402800580802,0.5924759185507079,0.44281882058260813,0.5998651275282534,0.46296920303205163,0.6520282729631275,0.5480963284440994,1.0,1.0,0.0,0.0,0.0,0.0,2.0,4.0
5.0,0.0,0.0,1.0,0.0,0.0,0.0,0.0,0.0,1.0,0.0,1.0,0.0,0.0,1.0,1.0,0.0,1.0,1.0,0.0,1.0,0.0,0.0,1.0,1.0,0.0,0.7830946715330349,0.5533127169777412,0.7382020972192911,0.6721029029800951,0.7603114288126483,0.6251539373654091,0.7607729707586638,0.5425603346778737,0.9165250397792488,0.5653955117602284,1.0,1.0,0.0,0.0,0.0,0.0,2.0,4.0
5.0,0.0,0.0,1.0,0.0,0.0,0.0,0.0,0.0,1.0,0.0,1.0,0.0,0.0,1.0,1.0,0.0,1.0,1.0,0.0,1.0,0.0,0.0,1.0,1.0,0.0,0.5906941718027797,0.4649310749149907,0.5925868461527459,0.44263285437496463,0.5923824994805628,0.44270986377655763,0.6010470554664434,0.4646439917902749,0.6691438224553892,0.5429176346961366,1.0,1.0,0.0,0.0,0.0,0.0,2.0,4.0
5.0,0.0,0.0,1.0,0.0,0.0,0.0,0.0,0.0,1.0,0.0,1.0,0.0,0.0,1.0,1.0,0.0,1.0,1.0,0.0,1.0,0.0,0.0,1.0,1.0,0.0,0.5817759388364904,0.46184706831467914,0.5936002814638935,0.44247500149621966,0.592415349983939,0.4427303029988052,0.6066057600441551,0.4655874901081374,0.7205938557823399,0.5590065337859463,1.0,1.0,0.0,0.0,0.0,0.0,2.0,4.0
5.0,0.0,0.0,1.0,0.0,0.0,0.0,0.0,0.0,1.0,0.0,1.0,0.0,0.0,1.0,1.0,0.0,1.0,1.0,0.0,1.0,0.0,0.0,1.0,1.0,0.0,0.5819527158663805,0.4640846530245997,0.5932616855199434,0.45952717447757685,0.5921779605154094,0.4586406354313424,0.582489778476193,0.4656647069087943,0.5183465916358807,0.5507515271162965,1.0,1.0,0.0,0.0,0.0,0.0,2.0,4.0
5.0,0.0,0.0,1.0,0.0,0.0,0.0,0.0,0.0,1.0,0.0,1.0,0.0,0.0,1.0,1.0,0.0,1.0,1.0,0.0,1.0,0.0,0.0,1.0,1.0,0.0,0.5819109665642802,0.46475516811957124,0.5929211563784024,0.45790701332763983,0.5924897543783896,0.45762671710471986,0.582096325880259,0.4653567956503936,0.5663200061166896,0.5460942090062919,1.0,1.0,0.0,0.0,0.0,0.0,2.0,4.0
5.0,0.0,0.0,1.0,0.0,0.0,0.0,0.0,0.0,1.0,0.0,1.0,0.0,0.0,1.0,1.0,0.0,1.0,1.0,0.0,1.0,0.0,0.0,1.0,1.0,0.0,0.5928887519726812,0.46556242944771536,0.5928505690978584,0.44257748262368196,0.5924394931959566,0.44277037387020746,0.6038215846120765,0.46422441686301213,0.6683500599967189,0.5645794777152087,1.0,1.0,0.0,0.0,0.0,0.0,2.0,4.0
5.0,0.0,0.0,1.0,0.0,0.0,0.0,0.0,0.0,1.0,0.0,1.0,0.0,0.0,1.0,1.0,0.0,1.0,1.0,0.0,1.0,0.0,0.0,1.0,1.0,0.0,0.5980986260812566,0.465368655360765,0.593090751105619,0.4425255782958863,0.5924233335883565,0.44277150183343933,0.5998951562330017,0.46604041456352596,0.6628773336825987,0.5429865634013514,1.0,1.0,0.0,0.0,0.0,0.0,2.0,4.0
5.0,0.0,0.0,1.0,0.0,0.0,0.0,0.0,0.0,1.0,0.0,1.0,0.0,0.0,1.0,1.0,0.0,1.0,1.0,0.0,1.0,0.0,0.0,1.0,1.0,0.0,0.5970869669392276,0.46473591963017297,0.5925115083834521,0.44234202466561506,0.5924973917150617,0.44261655135226513,0.6004717824076407,0.46474172734152464,0.6613713284352243,0.5446697786399461,1.0,1.0,0.0,0.0,0.0,0.0,2.0,4.0
5.0,0.0,0.0,1.0,0.0,0.0,0.0,0.0,0.0,1.0,0.0,1.0,0.0,0.0,1.0,1.0,0.0,1.0,1.0,0.0,1.0,0.0,0.0,1.0,1.0,0.0,0.5818935354313466,0.4640939588019763,0.5932605701262361,0.4595157904351189,0.5924452994191653,0.45860227737849707,0.5825337610695307,0.46550854647808,0.5187146597576107,0.546812336753968,1.0,1.0,0.0,0.0,0.0,0.0,2.0,4.0
5.0,0.0,0.0,1.0,0.0,0.0,0.0,0.0,0.0,1.0,0.0,1.0,0.0,0.0,1.0,1.0,0.0,1.0,1.0,0.0,1.0,0.0,0.0,1.0,1.0,0.0,0.7795461775361513,0.5529167248275779,0.7213980460660165,0.6497456227382548,0.7636153036488933,0.6226315083745765,0.7667446542238352,0.5444058810687968,0.9313369045302875,0.5801277859407664,1.0,1.0,0.0,0.0,0.0,0.0,2.0,4.0
5.0,0.0,0.0,1.0,0.0,0.0,0.0,0.0,0.0,1.0,0.0,1.0,0.0,0.0,1.0,1.0,0.0,1.0,1.0,0.0,1.0,0.0,0.0,1.0,1.0,0.0,0.5984784192570229,0.46353978257387535,0.5934570850892641,0.442415008031118,0.5924341310420856,0.44278258867812215,0.6016004375920883,0.46330180156109135,0.6689579500004771,0.5433500163942117,1.0,1.0,0.0,0.0,0.0,0.0,2.0,4.0
5.0,0.0,0.0,1.0,0.0,0.0,0.0,0.0,0.0,1.0,0.0,1.0,0.0,0.0,1.0,1.0,0.0,1.0,1.0,0.0,1.0,0.0,0.0,1.0,1.0,0.0,0.5968547614234645,0.4659534001930953,0.5930607328423969,0.4433687980487525,0.5923749056818512,0.4436859713194298,0.6031430108133793,0.4647470281475544,0.6759534567600425,0.5466529215129826,1.0,1.0,0.0,0.0,0.0,0.0,2.0,4.0
5.0,0.0,0.0,1.0,0.0,0.0,0.0,0.0,0.0,1.0,0.0,1.0,0.0,0.0,1.0,1.0,0.0,1.0,1.0,0.0,1.0,0.0,0.0,1.0,1.0,0.0,0.5914847397090912,0.4640470005826487,0.5929564368602078,0.44250024609424427,0.5924958248914225,0.44263169995303747,0.6044088206928715,0.46306325290696915,0.6900075316398331,0.5512653950516379,1.0,1.0,0.0,0.0,0.0,0.0,2.0,4.0
5.0,0.0,0.0,1.0,0.0,0.0,0.0,0.0,0.0,1.0,0.0,1.0,0.0,0.0,1.0,1.0,0.0,1.0,1.0,0.0,1.0,0.0,0.0,1.0,1.0,0.0,0.599958396395071,0.46556155661583115,0.592822673814196,0.4478113277666506,0.5923657019014122,0.4481920186786913,0.6044734030262474,0.46479413648729384,0.6880621140518869,0.5454210716746377,1.0,1.0,0.0,0.0,0.0,0.0,2.0,4.0
5.0,0.0,0.0,1.0,0.0,0.0,0.0,0.0,0.0,1.0,0.0,1.0,0.0,0.0,1.0,1.0,0.0,1.0,1.0,0.0,1.0,0.0,0.0,1.0,1.0,0.0,0.5912616356941308,0.4641901841002002,0.5929413759974237,0.4426200333612844,0.5925394400707451,0.442753731803792,0.6069111949922009,0.46191179600362914,0.7060576057253943,0.5433075699203385,1.0,1.0,0.0,0.0,0.0,0.0,2.0,4.0
5.0,0.0,0.0,1.0,0.0,0.0,0.0,0.0,0.0,1.0,0.0,1.0,0.0,0.0,1.0,1.0,0.0,1.0,1.0,0.0,1.0,0.0,0.0,1.0,1.0,0.0,0.5962654457708805,0.4674523952113776,0.5847193241148108,0.4427137702902265,0.5883622976950081,0.44323640206555137,0.5713092805020581,0.46767794882517977,0.4263620086959172,0.5662344833812825,1.0,1.0,0.0,0.0,0.0,0.0,2.0,4.0
5.0,0.0,0.0,1.0,0.0,0.0,0.0,0.0,0.0,1.0,0.0,1.0,0.0,0.0,1.0,1.0,0.0,1.0,1.0,0.0,1.0,0.0,0.0,1.0,1.0,0.0,0.5912370783484495,0.46599178630420357,0.5930591417562149,0.44254010900400487,0.5925090783790143,0.4426780666052691,0.6053970055114513,0.46480952349398313,0.699809921260089,0.544805702512658,1.0,1.0,0.0,0.0,0.0,0.0,2.0,4.0
5.0,0.0,0.0,1.0,0.0,0.0,0.0,0.0,0.0,1.0,0.0,1.0,0.0,0.0,1.0,1.0,0.0,1.0,1.0,0.0,1.0,0.0,0.0,1.0,1.0,0.0,0.5926067225760756,0.4648729575531545,0.5929439518553772,0.4425320327047835,0.5923099928303134,0.44268813712890315,0.6032411143568719,0.4648656056695299,0.6870556168010411,0.551493895149492,1.0,1.0,0.0,0.0,0.0,0.0,2.0,4.0
5.0,0.0,0.0,1.0,0.0,0.0,0.0,0.0,0.0,1.0,0.0,1.0,0.0,0.0,1.0,1.0,0.0,1.0,1.0,0.0,1.0,0.0,0.0,1.0,1.0,0.0,0.590904331695399,0.46488224115529286,0.5929615509413132,0.44249922779261747,0.5924894730516955,0.44261201549938206,0.6044138616231272,0.46262179217388916,0.6826088060586923,0.5420297139249383,1.0,1.0,0.0,0.0,0.0,0.0,2.0,4.0
5.0,0.0,0.0,1.0,0.0,0.0,0.0,0.0,0.0,1.0,0.0,1.0,0.0,0.0,1.0,1.0,0.0,1.0,1.0,0.0,1.0,0.0,0.0,1.0,1.0,0.0,0.5818935354313466,0.4642153242217064,0.5933154943115473,0.45971487372684855,0.5921733131133752,0.45864716382419773,0.5822596525751542,0.46550854647808,0.5228944451647668,0.5516139208538448,1.0,1.0,0.0,0.0,0.0,0.0,2.0,4.0
5.0,0.0,0.0,1.0,0.0,0.0,0.0,0.0,0.0,1.0,0.0,1.0,0.0,0.0,1.0,1.0,0.0,1.0,1.0,0.0,1.0,0.0,0.0,1.0,1.0,0.0,0.590518018753895,0.4635788190045745,0.593224808948941,0.4424866718733065,0.5920081328763211,0.44281616626435066,0.605126340193281,0.46282875118356215,0.7162351122719781,0.537238133447053,1.0,1.0,0.0,0.0,0.0,0.0,2.0,4.0
5.0,0.0,0.0,1.0,0.0,0.0,0.0,0.0,0.0,1.0,0.0,1.0,0.0,0.0,1.0,1.0,0.0,1.0,1.0,0.0,1.0,0.0,0.0,1.0,1.0,0.0,0.5999267463735061,0.4653363112410242,0.5928237170727921,0.44803497350503313,0.5927915697224411,0.44843485988610127,0.6030733403368317,0.4648000618479487,0.6721822970189407,0.5453215907441881,1.0,1.0,0.0,0.0,0.0,0.0,2.0,4.0
5.0,0.0,0.0,1.0,0.0,0.0,0.0,0.0,0.0,1.0,0.0,1.0,0.0,0.0,1.0,1.0,0.0,1.0,1.0,0.0,1.0,0.0,0.0,1.0,1.0,0.0,0.599936885442475,0.4655764646559926,0.592390454832001,0.4478113277666506,0.5924203428922665,0.4482957821235983,0.6023361075532739,0.4648286592181855,0.6719816062358831,0.5440666423760077,1.0,1.0,0.0,0.0,0.0,0.0,2.0,4.0
5.0,0.0,0.0,1.0,0.0,0.0,0.0,0.0,0.0,1.0,0.0,1.0,0.0,0.0,1.0,1.0,0.0,1.0,1.0,0.0,1.0,0.0,0.0,1.0,1.0,0.0,0.7877494854668426,0.5536305380839572,0.7459518509158175,0.6465483244269257,0.763617542907363,0.614376541948295,0.7588431979067634,0.5451402354095087,0.9189500730683462,0.5664440872660575,1.0,1.0,0.0,0.0,0.0,0.0,2.0,4.0
5.0,0.0,0.0,1.0,0.0,0.0,0.0,0.0,0.0,1.0,0.0,1.0,0.0,0.0,1.0,1.0,0.0,1.0,1.0,0.0,1.0,0.0,0.0,1.0,1.0,0.0,0.59046961180838,0.4637051865782018,0.5925237450645559,0.44244970281074586,0.5924415985148402,0.4425932526185829,0.600478160790388,0.4627567480033885,0.6673130037911126,0.5371392156758739,1.0,1.0,0.0,0.0,0.0,0.0,2.0,4.0
5.0,0.0,0.0,1.0,0.0,0.0,0.0,0.0,0.0,1.0,0.0,1.0,0.0,0.0,1.0,1.0,0.0,1.0,1.0,0.0,1.0,0.0,0.0,1.0,1.0,0.0,0.5966325488460414,0.46592138544986617,0.5929609369902644,0.443437707196608,0.5924401320966267,0.44365571321676633,0.6038448403036115,0.4649872357701054,0.6839408550489979,0.5446164595672756,1.0,1.0,0.0,0.0,0.0,0.0,2.0,4.0
5.0,0.0,0.0,1.0,0.0,0.0,0.0,0.0,0.0,1.0,0.0,1.0,0.0,0.0,1.0,1.0,0.0,1.0,1.0,0.0,1.0,0.0,0.0,1.0,1.0,0.0,0.5902685243928529,0.4656362847244589,0.593675833252448,0.442279133401927,0.5923510540674407,0.4427068538751778,0.6052402481870138,0.46575388239691606,0.6950078190606741,0.5712566187551141,1.0,1.0,0.0,0.0,0.0,0.0,2.0,4.0
5.0,0.0,0.0,1.0,0.0,0.0,0.0,0.0,0.0,1.0,0.0,1.0,0.0,0.0,1.0,1.0,0.0,1.0,1.0,0.0,1.0,0.0,0.0,1.0,1.0,0.0,0.7743103135673581,0.5482428046525926,0.7373824884819618,0.6445249536949946,0.7723976252031088,0.6164239087063441,0.7613506345750518,0.5448028395779402,0.9223954496548935,0.5586074051321148,1.0,1.0,0.0,0.0,0.0,0.0,2.0,4.0
5.0,0.0,0.0,1.0,0.0,0.0,0.0,0.0,0.0,1.0,0.0,1.0,0.0,0.0,1.0,1.0,0.0,1.0,1.0,0.0,1.0,0.0,0.0,1.0,1.0,0.0,0.5826039377015121,0.4657073121953359,0.584119052055203,0.4410302650267555,0.5884139590010561,0.44249225157404726,0.5729508203057566,0.46771252234004473,0.42571891971759046,0.5438854054517303,1.0,1.0,0.0,0.0,0.0,0.0,2.0,4.0
5.0,0.0,0.0,1.0,0.0,0.0,0.0,0.0,0.0,1.0,0.0,1.0,0.0,0.0,1.0,1.0,0.0,1.0,1.0,0.0,1.0,0.0,0.0,1.0,1.0,0.0,0.5966844850877533,0.46536898128767185,0.5929403319400252,0.44245871133421194,0.592449108195626,0.44274594377506166,0.6054889167373076,0.4632230539959156,0.6859292539411431,0.5451954867987974,1.0,1.0,0.0,0.0,0.0,0.0,2.0,4.0
5.0,0.0,0.0,1.0,0.0,0.0,0.0,0.0,0.0,1.0,0.0,1.0,0.0,0.0,1.0,1.0,0.0,1.0,1.0,0.0,1.0,0.0,0.0,1.0,1.0,0.0,0.5901497981445012,0.46383413365860193,0.5934770118401294,0.4423627271691746,0.5925374007906674,0.4426373011359974,0.6043373201201822,0.46289757851123925,0.6902224972393646,0.5618006280507253,1.0,1.0,0.0,0.0,0.0,0.0,2.0,4.0
5.0,0.0,0.0,1.0,0.0,0.0,0.0,0.0,0.0,1.0,0.0,1.0,0.0,0.0,1.0,1.0,0.0,1.0,1.0,0.0,1.0,0.0,0.0,1.0,1.0,0.0,0.5912858175336895,0.4655597141854007,0.5939433286638024,0.44260646417436916,0.5924389860834282,0.4429866746736846,0.6065092934425901,0.4647358760764333,0.7082632116478527,0.5499620654013809,1.0,1.0,0.0,0.0,0.0,0.0,2.0,4.0
5.0,0.0,0.0,1.0,0.0,0.0,0.0,0.0,0.0,1.0,0.0,1.0,0.0,0.0,1.0,1.0,0.0,1.0,1.0,0.0,1.0,0.0,0.0,1.0,1.0,0.0,0.590460500730499,0.4638185141186439,0.5925857760265727,0.44247761497322463,0.5924411265219596,0.44259831978677117,0.6019651993016696,0.46273380780188506,0.6695647811050741,0.5495941864884976,1.0,1.0,0.0,0.0,0.0,0.0,2.0,4.0
5.0,0.0,0.0,1.0,0.0,0.0,0.0,0.0,0.0,1.0,0.0,1.0,0.0,0.0,1.0,1.0,0.0,1.0,1.0,0.0,1.0,0.0,0.0,1.0,1.0,0.0,0.5909260239005057,0.46382565117558927,0.5925716563289838,0.44245210659246453,0.5924414936204363,0.4425642615957743,0.6018656287088137,0.462240420693156,0.6655009018409743,0.5479273520159003,1.0,1.0,0.0,0.0,0.0,0.0,2.0,4.0
5.0,0.0,0.0,1.0,0.0,0.0,0.0,0.0,0.0,1.0,0.0,1.0,0.0,0.0,1.0,1.0,0.0,1.0,1.0,0.0,1.0,0.0,0.0,1.0,1.0,0.0,0.5831351921951604,0.4650616397957903,0.5938234571936455,0.44251739353007774,0.5927216321770189,0.4428086374272919,0.6142678101230574,0.46469039641828297,0.7237574484943375,0.5493666231928412,1.0,1.0,0.0,0.0,0.0,0.0,2.0,4.0
