15,0,0,1,0,0,0,0,0,0,0,0,0,0,0,0,0,0,0,1,0,0,0,0,0,0,0,0,0,0,0,1,0,0,1,0,1,1,0,0,0,0,0,0,0,0,0,1,1,0,0,0,1,1,1,0,0,0,0,0,0,0,0,0,0,0,0,0,1,0,0,1,0,0,0,0,0,0,1,0,0,0,1,0,0,1,0,0,0,1,0,0,0,1,1,0,1,0,0,0,1,0,0,0,0,0,0,0,0,1,1,0,0,0,1,1,0,0,1,0,0,0,0,0,1,0,0,0,1,0,0,0,0,0,0,0,0,0,0,0,0,1,1,1,0,0,1,0,1,0,1,0,0,0,0,1,0,0,0,0,1,0,1,0,1,0,0,0,0,0,0,0,0,0,0,0,1,0,0,0,1,0,0,0,0,0,0,0,1,0,1,0,0,0,1,0,0,0,0,0,0,1,0,0,0,0,1,0,1,0,1,0,0,0,0,0,0,0,0,0,1,0,1,0,1,0,0.792461859,0.995504383,0.850447618,0.926487348,0.873892216,0.964253175,0.960796904,0.89222691,0.993105921,0.964275482,0.977291812,0.953113306,0.958970404,0.92955289,0.979181846,0.909082021,0.982364382,0.91479082,0.970946253,0.935308706,0.98298094,0.93806812,0.957792935,0.97384917,0.982613684,0.917678411,0.980143208,0.915004292,0.967945296,0.966407906,1,1,0,0,0,0,0,0,0,0,0,0,0,0,0,0,2,12
15,0,0,1,0,0,0,0,0,0,0,0,0,0,0,0,0,0,0,1,0,0,0,0,0,0,0,0,0,0,0,1,0,0,1,0,1,1,0,0,0,0,0,0,0,0,0,1,1,0,0,0,1,1,1,0,0,0,0,0,0,0,0,0,0,0,0,0,1,0,0,1,0,0,0,0,0,0,1,0,0,0,1,0,0,1,0,0,0,1,0,0,0,1,1,0,1,0,0,0,1,0,0,0,0,0,0,0,0,1,1,0,0,0,1,1,0,0,1,0,0,0,0,0,1,0,0,0,1,0,0,0,0,0,0,0,0,0,0,0,0,1,1,1,0,0,1,0,1,0,1,0,0,0,0,1,0,0,0,0,1,0,1,0,1,0,0,0,0,0,0,0,0,0,0,0,1,0,0,0,1,0,0,0,0,0,0,0,1,0,1,0,0,0,1,0,0,0,0,0,0,1,0,0,0,0,1,0,1,0,1,0,0,0,0,0,0,0,0,0,1,0,1,0,1,0,0.873577333,0.961816564,0.766389259,0.932593282,0.775961884,0.968064346,0.953206978,0.911335283,0.974939275,0.969900592,0.921511541,0.916702096,0.929609284,0.900097249,0.978305196,0.934655657,0.967851281,0.91404111,0.963307729,0.931470038,0.970527074,0.931794219,0.971663225,0.930260238,0.971183902,0.949106643,0.972085264,0.933479247,0.962918952,0.904605418,1,1,0,0,0,0,0,0,0,0,0,0,0,0,0,0,2,12
15,0,0,1,0,0,0,0,0,0,0,0,0,0,0,0,0,0,0,1,0,0,0,0,0,0,0,0,0,0,0,1,0,0,1,0,1,1,0,0,0,0,0,0,0,0,0,1,1,0,0,0,1,1,1,0,0,0,0,0,0,0,0,0,0,0,0,0,1,0,0,1,0,0,0,0,0,0,1,0,0,0,1,0,0,1,0,0,0,1,0,0,0,1,1,0,1,0,0,0,1,0,0,0,0,0,0,0,0,1,1,0,0,0,1,1,0,0,1,0,0,0,0,0,1,0,0,0,1,0,0,0,0,0,0,0,0,0,0,0,0,1,1,1,0,0,1,0,1,0,1,0,0,0,0,1,0,0,0,0,1,0,1,0,1,0,0,0,0,0,0,0,0,0,0,0,1,0,0,0,1,0,0,0,0,0,0,0,1,0,1,0,0,0,1,0,0,0,0,0,0,1,0,0,0,0,1,0,1,0,1,0,0,0,0,0,0,0,0,0,1,0,1,0,1,0,0.93084526,0.986577745,0.813220117,0.965682866,0.826792673,0.96976518,0.994860225,0.905272454,0.997073376,0.957951483,0.951070757,0.95837034,0.932339869,0.959225265,0.966133748,0.924229568,0.983665251,0.912512184,0.951656555,0.931765058,0.997782486,0.935621451,0.975129776,0.958024306,0.954448634,0.941026534,0.967201538,0.946510675,0.972111695,0.946166003,1,1,0,0,0,0,0,0,0,0,0,0,0,0,0,0,2,12
15,0,0,1,0,0,0,0,0,0,0,0,0,0,0,0,0,0,0,1,0,0,0,0,0,0,0,0,0,0,0,1,0,0,1,0,1,1,0,0,0,0,0,0,0,0,0,1,1,0,0,0,1,1,1,0,0,0,0,0,0,0,0,0,0,0,0,0,1,0,0,1,0,0,0,0,0,0,1,0,0,0,1,0,0,1,0,0,0,1,0,0,0,1,1,0,1,0,0,0,1,0,0,0,0,0,0,0,0,1,1,0,0,0,1,1,0,0,1,0,0,0,0,0,1,0,0,0,1,0,0,0,0,0,0,0,0,0,0,0,0,1,1,1,0,0,1,0,1,0,1,0,0,0,0,1,0,0,0,0,1,0,1,0,1,0,0,0,0,0,0,0,0,0,0,0,1,0,0,0,1,0,0,0,0,0,0,0,1,0,1,0,0,0,1,0,0,0,0,0,0,1,0,0,0,0,1,0,1,0,1,0,0,0,0,0,0,0,0,0,1,0,1,0,1,0,0.907931661,0.993696368,0.827461126,0.928611361,0.829597127,0.937672608,0.996625787,0.934333063,0.981973748,0.967908451,0.985716874,0.987237228,0.969499395,0.987947467,0.992606424,0.960465456,0.996349661,0.932717155,0.975561149,0.97526684,0.997311572,0.978735255,0.979865081,0.972329952,0.990277044,0.959954782,0.99770626,0.965144663,0.969311843,0.952197896,1,1,0,0,0,0,0,0,0,0,0,0,0,0,0,0,2,11
15,0,0,1,0,0,0,0,0,0,0,0,0,0,0,0,0,0,0,1,0,0,0,0,0,0,0,0,0,0,0,1,0,0,1,0,1,1,0,0,0,0,0,0,0,0,0,1,1,0,0,0,1,1,1,0,0,0,0,0,0,0,0,0,0,0,0,0,1,0,0,1,0,0,0,0,0,0,1,0,0,0,1,0,0,1,0,0,0,1,0,0,0,1,1,0,1,0,0,0,1,0,0,0,0,0,0,0,0,1,1,0,0,0,1,1,0,0,1,0,0,0,0,0,1,0,0,0,1,0,0,0,0,0,0,0,0,0,0,0,0,1,1,1,0,0,1,0,1,0,1,0,0,0,0,1,0,0,0,0,1,0,1,0,1,0,0,0,0,0,0,0,0,0,0,0,1,0,0,0,1,0,0,0,0,0,0,0,1,0,1,0,0,0,1,0,0,0,0,0,0,1,0,0,0,0,1,0,1,0,1,0,0,0,0,0,0,0,0,0,1,0,1,0,1,0,0.874995694,0.90745364,0.766259408,0.885671732,0.775289232,0.9350814,0.875533866,0.890036344,0.968809742,0.89411435,0.908355285,0.921364068,0.929271913,0.908955173,0.965197741,0.910245516,0.975416533,0.911072005,0.939488771,0.915325151,0.975184432,0.915661673,0.934714427,0.917871881,0.965051586,0.921787483,0.951799306,0.938191874,0.952553516,0.937429029,1,1,0,0,0,0,0,0,0,0,0,0,0,0,0,0,2,12
15,0,0,1,0,0,0,0,0,0,0,0,0,0,0,0,0,0,0,1,0,0,0,0,0,0,0,0,0,0,0,1,0,0,1,0,1,1,0,0,0,0,0,0,0,0,0,1,1,0,0,0,1,1,1,0,0,0,0,0,0,0,0,0,0,0,0,0,1,0,0,1,0,0,0,0,0,0,1,0,0,0,1,0,0,1,0,0,0,1,0,0,0,1,1,0,1,0,0,0,1,0,0,0,0,0,0,0,0,1,1,0,0,0,1,1,0,0,1,0,0,0,0,0,1,0,0,0,1,0,0,0,0,0,0,0,0,0,0,0,0,1,1,1,0,0,1,0,1,0,1,0,0,0,0,1,0,0,0,0,1,0,1,0,1,0,0,0,0,0,0,0,0,0,0,0,1,0,0,0,1,0,0,0,0,0,0,0,1,0,1,0,0,0,1,0,0,0,0,0,0,1,0,0,0,0,1,0,1,0,1,0,0,0,0,0,0,0,0,0,1,0,1,0,1,0,0.979765818,0.991670279,0.856747469,0.983999451,0.868595249,0.998915122,0.997379521,0.963838207,0.987843483,0.976684709,0.94690073,0.985589625,0.940715474,0.985537388,0.983284498,0.955914455,0.997961781,0.964541539,0.974560717,0.968551933,0.998000754,0.983281755,0.988770695,0.965501072,0.993365802,0.942873133,0.982298078,0.958096588,0.990201216,0.962955861,1,1,0,0,0,0,0,0,0,0,0,0,0,0,0,0,2,11
15,0,0,1,0,0,0,0,0,0,0,0,0,0,0,0,0,0,0,1,0,0,0,0,0,0,0,0,0,0,0,1,0,0,1,0,1,1,0,0,0,0,0,0,0,0,0,1,1,0,0,0,1,1,1,0,0,0,0,0,0,0,0,0,0,0,0,0,1,0,0,1,0,0,0,0,0,0,1,0,0,0,1,0,0,1,0,0,0,1,0,0,0,1,1,0,1,0,0,0,1,0,0,0,0,0,0,0,0,1,1,0,0,0,1,1,0,0,1,0,0,0,0,0,1,0,0,0,1,0,0,0,0,0,0,0,0,0,0,0,0,1,1,1,0,0,1,0,1,0,1,0,0,0,0,1,0,0,0,0,1,0,1,0,1,0,0,0,0,0,0,0,0,0,0,0,1,0,0,0,1,0,0,0,0,0,0,0,1,0,1,0,0,0,1,0,0,0,0,0,0,1,0,0,0,0,1,0,1,0,1,0,0,0,0,0,0,0,0,0,1,0,1,0,1,0,0.877601279,0.975347759,0.763048934,0.946751177,0.778726539,0.980075696,0.915659098,0.963180831,0.983892338,0.919671977,0.934191774,0.955801046,0.941365106,0.957867529,0.972328814,0.931695389,0.996985654,0.966839683,0.970090111,0.935619441,0.999724838,0.938371403,0.981858961,0.971181617,0.9858848,0.938454477,0.9968764,0.950374173,0.981067715,0.951139799,1,1,0,0,0,0,0,0,0,0,0,0,0,0,0,0,2,10
15,0,0,1,0,0,0,0,0,0,0,0,0,0,0,0,0,0,0,1,0,0,0,0,0,0,0,0,0,0,0,1,0,0,1,0,1,1,0,0,0,0,0,0,0,0,0,1,1,0,0,0,1,1,1,0,0,0,0,0,0,0,0,0,0,0,0,0,1,0,0,1,0,0,0,0,0,0,1,0,0,0,1,0,0,1,0,0,0,1,0,0,0,1,1,0,1,0,0,0,1,0,0,0,0,0,0,0,0,1,1,0,0,0,1,1,0,0,1,0,0,0,0,0,1,0,0,0,1,0,0,0,0,0,0,0,0,0,0,0,0,1,1,1,0,0,1,0,1,0,1,0,0,0,0,1,0,0,0,0,1,0,1,0,1,0,0,0,0,0,0,0,0,0,0,0,1,0,0,0,1,0,0,0,0,0,0,0,1,0,1,0,0,0,1,0,0,0,0,0,0,1,0,0,0,0,1,0,1,0,1,0,0,0,0,0,0,0,0,0,1,0,1,0,1,0,0.877601279,0.975347759,0.763048934,0.946751177,0.778726539,0.980075696,0.915659098,0.963180831,0.983892338,0.919671977,0.934191774,0.955801046,0.941365106,0.957867529,0.972328814,0.931695389,0.996985654,0.966839683,0.970090111,0.964236062,0.999724838,0.938371403,0.981858961,0.980101652,0.9858848,0.938454477,0.9968764,0.950374173,0.981067715,0.951139799,1,1,0,0,0,0,0,0,0,0,0,0,0,0,0,0,2,10
15,0,0,1,0,0,0,0,0,0,0,0,0,0,0,0,0,0,0,1,0,0,0,0,0,0,0,0,0,0,0,1,0,0,1,0,1,1,0,0,0,0,0,0,0,0,0,1,1,0,0,0,1,1,1,0,0,0,0,0,0,0,0,0,0,0,0,0,1,0,0,1,0,0,0,0,0,0,1,0,0,0,1,0,0,1,0,0,0,1,0,0,0,1,1,0,1,0,0,0,1,0,0,0,0,0,0,0,0,1,1,0,0,0,1,1,0,0,1,0,0,0,0,0,1,0,0,0,1,0,0,0,0,0,0,0,0,0,0,0,0,1,1,1,0,0,1,0,1,0,1,0,0,0,0,1,0,0,0,0,1,0,1,0,1,0,0,0,0,0,0,0,0,0,0,0,1,0,0,0,1,0,0,0,0,0,0,0,1,0,1,0,0,0,1,0,0,0,0,0,0,1,0,0,0,0,1,0,1,0,1,0,0,0,0,0,0,0,0,0,1,0,1,0,1,0,0.881579398,0.998285086,0.806680175,0.933957977,0.807717899,0.952480875,0.984411673,0.923394437,0.985870285,0.946020114,0.94948851,0.9603721,0.953050962,0.9617258,0.975362593,0.93790307,0.972864371,0.925912839,0.963468001,0.965503594,0.973128054,0.947513375,0.974189719,0.970703416,0.965698801,0.962810592,0.96853804,0.938600968,0.96607113,0.962837358,1,1,0,0,0,0,0,0,0,0,0,0,0,0,0,0,2,12
15,0,0,1,0,0,0,0,0,0,0,0,0,0,0,0,0,0,0,1,0,0,0,0,0,0,0,0,0,0,0,1,0,0,1,0,1,1,0,0,0,0,0,0,0,0,0,1,1,0,0,0,1,1,1,0,0,0,0,0,0,0,0,0,0,0,0,0,1,0,0,1,0,0,0,0,0,0,1,0,0,0,1,0,0,1,0,0,0,1,0,0,0,1,1,0,1,0,0,0,1,0,0,0,0,0,0,0,0,1,1,0,0,0,1,1,0,0,1,0,0,0,0,0,1,0,0,0,1,0,0,0,0,0,0,0,0,0,0,0,0,1,1,1,0,0,1,0,1,0,1,0,0,0,0,1,0,0,0,0,1,0,1,0,1,0,0,0,0,0,0,0,0,0,0,0,1,0,0,0,1,0,0,0,0,0,0,0,1,0,1,0,0,0,1,0,0,0,0,0,0,1,0,0,0,0,1,0,1,0,1,0,0,0,0,0,0,0,0,0,1,0,1,0,1,0,0.871740004,0.945990441,0.83557101,0.934446369,0.8400725,0.959911977,0.948160046,0.918494343,0.981471193,0.956079011,0.895733567,0.949060444,0.916118003,0.950625986,0.978848743,0.934550986,0.999281082,0.913171385,0.94980861,0.927978812,0.971216242,0.933851229,0.972322938,0.954049256,0.977504532,0.952616875,0.97365761,0.961645169,0.97521384,0.969175332,1,1,0,0,0,0,0,0,0,0,0,0,0,0,0,0,2,12
15,0,0,1,0,0,0,0,0,0,0,0,0,0,0,0,0,0,0,1,0,0,0,0,0,0,0,0,0,0,0,1,0,0,1,0,1,1,0,0,0,0,0,0,0,0,0,1,1,0,0,0,1,1,1,0,0,0,0,0,0,0,0,0,0,0,0,0,1,0,0,1,0,0,0,0,0,0,1,0,0,0,1,0,0,1,0,0,0,1,0,0,0,1,1,0,1,0,0,0,1,0,0,0,0,0,0,0,0,1,1,0,0,0,1,1,0,0,1,0,0,0,0,0,1,0,0,0,1,0,0,0,0,0,0,0,0,0,0,0,0,1,1,1,0,0,1,0,1,0,1,0,0,0,0,1,0,0,0,0,1,0,1,0,1,0,0,0,0,0,0,0,0,0,0,0,1,0,0,0,1,0,0,0,0,0,0,0,1,0,1,0,0,0,1,0,0,0,0,0,0,1,0,0,0,0,1,0,1,0,1,0,0,0,0,0,0,0,0,0,1,0,1,0,1,0,0.856632873,0.987251026,0.747445762,0.98742325,0.772787805,0.995356495,0.927712436,0.969290864,0.997171621,0.970402645,0.96346255,0.956859438,0.964004383,0.959723822,0.992261045,0.919310707,0.994431932,0.909705567,0.953056555,0.938911157,0.983571639,0.926798275,0.982044692,0.968590336,0.974489245,0.933316073,0.996287838,0.965468049,0.97188275,0.966163128,1,1,0,0,0,0,0,0,0,0,0,0,0,0,0,0,2,8
15,0,0,1,0,0,0,0,0,0,0,0,0,0,0,0,0,0,0,1,0,0,0,0,0,0,0,0,0,0,0,1,0,0,1,0,1,1,0,0,0,0,0,0,0,0,0,1,1,0,0,0,1,1,1,0,0,0,0,0,0,0,0,0,0,0,0,0,1,0,0,1,0,0,0,0,0,0,1,0,0,0,1,0,0,1,0,0,0,1,0,0,0,1,1,0,1,0,0,0,1,0,0,0,0,0,0,0,0,1,1,0,0,0,1,1,0,0,1,0,0,0,0,0,1,0,0,0,1,0,0,0,0,0,0,0,0,0,0,0,0,1,1,1,0,0,1,0,1,0,1,0,0,0,0,1,0,0,0,0,1,0,1,0,1,0,0,0,0,0,0,0,0,0,0,0,1,0,0,0,1,0,0,0,0,0,0,0,1,0,1,0,0,0,1,0,0,0,0,0,0,1,0,0,0,0,1,0,1,0,1,0,0,0,0,0,0,0,0,0,1,0,1,0,1,0,0.877832128,0.957394182,0.816878473,0.973794144,0.832718659,0.995676402,0.960058598,0.910392245,0.998169282,0.944860996,0.91857562,0.972448202,0.925450731,0.961239642,0.979428354,0.919228156,0.962014106,0.920843681,0.965138102,0.929789616,0.962630866,0.956112563,0.982455771,0.970602162,0.986057959,0.927210806,0.950908566,0.961668076,0.973350826,0.948071916,1,1,0,0,0,0,0,0,0,0,0,0,0,0,0,0,2,12
15,0,0,1,0,0,0,0,0,0,0,0,0,0,0,0,0,0,0,1,0,0,0,0,0,0,0,0,0,0,0,1,0,0,1,0,1,1,0,0,0,0,0,0,0,0,0,1,1,0,0,0,1,1,1,0,0,0,0,0,0,0,0,0,0,0,0,0,1,0,0,1,0,0,0,0,0,0,1,0,0,0,1,0,0,1,0,0,0,1,0,0,0,1,1,0,1,0,0,0,1,0,0,0,0,0,0,0,0,1,1,0,0,0,1,1,0,0,1,0,0,0,0,0,1,0,0,0,1,0,0,0,0,0,0,0,0,0,0,0,0,1,1,1,0,0,1,0,1,0,1,0,0,0,0,1,0,0,0,0,1,0,1,0,1,0,0,0,0,0,0,0,0,0,0,0,1,0,0,0,1,0,0,0,0,0,0,0,1,0,1,0,0,0,1,0,0,0,0,0,0,1,0,0,0,0,1,0,1,0,1,0,0,0,0,0,0,0,0,0,1,0,1,0,1,0,0.984800202,0.997648868,0.862929763,0.985690743,0.885844894,0.994620504,0.959795505,0.912451856,0.986871662,0.961606073,0.969669516,0.952006738,0.958185098,0.930614073,0.974632362,0.941143389,0.991154058,0.922066911,0.965042488,0.958029917,0.983618839,0.969507568,0.975344413,0.964985935,0.970207973,0.940618585,0.984716159,0.962939675,0.973869634,0.969625519,1,1,0,0,0,0,0,0,0,0,0,0,0,0,0,0,2,14
15,0,0,1,0,0,0,0,0,0,0,0,0,0,0,0,0,0,0,1,0,0,0,0,0,0,0,0,0,0,0,1,0,0,1,0,1,1,0,0,0,0,0,0,0,0,0,1,1,0,0,0,1,1,1,0,0,0,0,0,0,0,0,0,0,0,0,0,1,0,0,1,0,0,0,0,0,0,1,0,0,0,1,0,0,1,0,0,0,1,0,0,0,1,1,0,1,0,0,0,1,0,0,0,0,0,0,0,0,1,1,0,0,0,1,1,0,0,1,0,0,0,0,0,1,0,0,0,1,0,0,0,0,0,0,0,0,0,0,0,0,1,1,1,0,0,1,0,1,0,1,0,0,0,0,1,0,0,0,0,1,0,1,0,1,0,0,0,0,0,0,0,0,0,0,0,1,0,0,0,1,0,0,0,0,0,0,0,1,0,1,0,0,0,1,0,0,0,0,0,0,1,0,0,0,0,1,0,1,0,1,0,0,0,0,0,0,0,0,0,1,0,1,0,1,0,0.881579398,0.99835299,0.806680175,0.948861629,0.80960185,0.952480875,0.983158501,0.89272858,0.99345451,0.946020114,0.94948851,0.9603721,0.953050962,0.9617258,0.975362593,0.93790307,0.972864371,0.925912839,0.963468001,0.967378635,0.973128054,0.948069906,0.975053335,0.970190907,0.978026007,0.962810592,0.968368225,0.936355711,0.96607113,0.962837358,1,1,0,0,0,0,0,0,0,0,0,0,0,0,0,0,2,12
15,0,0,1,0,0,0,0,0,0,0,0,0,0,0,0,0,0,0,1,0,0,0,0,0,0,0,0,0,0,0,1,0,0,1,0,1,1,0,0,0,0,0,0,0,0,0,1,1,0,0,0,1,1,1,0,0,0,0,0,0,0,0,0,0,0,0,0,1,0,0,1,0,0,0,0,0,0,1,0,0,0,1,0,0,1,0,0,0,1,0,0,0,1,1,0,1,0,0,0,1,0,0,0,0,0,0,0,0,1,1,0,0,0,1,1,0,0,1,0,0,0,0,0,1,0,0,0,1,0,0,0,0,0,0,0,0,0,0,0,0,1,1,1,0,0,1,0,1,0,1,0,0,0,0,1,0,0,0,0,1,0,1,0,1,0,0,0,0,0,0,0,0,0,0,0,1,0,0,0,1,0,0,0,0,0,0,0,1,0,1,0,0,0,1,0,0,0,0,0,0,1,0,0,0,0,1,0,1,0,1,0,0,0,0,0,0,0,0,0,1,0,1,0,1,0,0.936295128,0.935878822,0.854125593,0.957962488,0.880623913,0.977950947,0.954886554,0.918208917,0.983911352,0.949293378,0.939234688,0.977123741,0.957737555,0.957271835,0.966645011,0.940699606,0.976355088,0.924909273,0.962095596,0.955874673,0.967073719,0.957390071,0.993008086,0.960085351,0.965843952,0.953850893,0.983769816,0.94076494,0.974576866,0.999388394,1,1,0,0,0,0,0,0,0,0,0,0,0,0,0,0,2,13
15,0,0,1,0,0,0,0,0,0,0,0,0,0,0,0,0,0,0,1,0,0,0,0,0,0,0,0,0,0,0,1,0,0,1,0,1,1,0,0,0,0,0,0,0,0,0,1,1,0,0,0,1,1,1,0,0,0,0,0,0,0,0,0,0,0,0,0,1,0,0,1,0,0,0,0,0,0,1,0,0,0,1,0,0,1,0,0,0,1,0,0,0,1,1,0,1,0,0,0,1,0,0,0,0,0,0,0,0,1,1,0,0,0,1,1,0,0,1,0,0,0,0,0,1,0,0,0,1,0,0,0,0,0,0,0,0,0,0,0,0,1,1,1,0,0,1,0,1,0,1,0,0,0,0,1,0,0,0,0,1,0,1,0,1,0,0,0,0,0,0,0,0,0,0,0,1,0,0,0,1,0,0,0,0,0,0,0,1,0,1,0,0,0,1,0,0,0,0,0,0,1,0,0,0,0,1,0,1,0,1,0,0,0,0,0,0,0,0,0,1,0,1,0,1,0,0.987282954,0.996327134,0.856675182,0.984189685,0.884745733,0.990550322,0.999005094,0.924623842,0.991973718,0.986789409,0.962819908,0.985809895,0.96243588,0.980274705,0.994914,0.95671796,0.992509368,0.953840135,0.977425186,0.988829367,0.997366789,0.985256365,0.995157617,0.995252048,0.981586578,0.953517454,0.997760897,0.975502185,0.975848907,0.989105718,1,1,0,0,0,0,0,0,0,0,0,0,0,0,0,0,2,14
15,0,0,1,0,0,0,0,0,0,0,0,0,0,0,0,0,0,0,1,0,0,0,0,0,0,0,0,0,0,0,1,0,0,1,0,1,1,0,0,0,0,0,0,0,0,0,1,1,0,0,0,1,1,1,0,0,0,0,0,0,0,0,0,0,0,0,0,1,0,0,1,0,0,0,0,0,0,1,0,0,0,1,0,0,1,0,0,0,1,0,0,0,1,1,0,1,0,0,0,1,0,0,0,0,0,0,0,0,1,1,0,0,0,1,1,0,0,1,0,0,0,0,0,1,0,0,0,1,0,0,0,0,0,0,0,0,0,0,0,0,1,1,1,0,0,1,0,1,0,1,0,0,0,0,1,0,0,0,0,1,0,1,0,1,0,0,0,0,0,0,0,0,0,0,0,1,0,0,0,1,0,0,0,0,0,0,0,1,0,1,0,0,0,1,0,0,0,0,0,0,1,0,0,0,0,1,0,1,0,1,0,0,0,0,0,0,0,0,0,1,0,1,0,1,0,0.981971306,0.996306176,0.861929145,0.988235327,0.872637931,0.989401295,0.996761778,0.928673864,0.986786937,0.988349672,0.961840272,0.976999737,0.965074432,0.990213772,0.981632144,0.956480035,0.992509368,0.914615647,0.97491856,0.9742935,0.99881092,0.984201721,0.973402806,0.967006523,0.985780362,0.996822553,0.99652522,0.982325266,0.972851383,0.969463924,1,1,0,0,0,0,0,0,0,0,0,0,0,0,0,0,2,11
15,0,0,1,0,0,0,0,0,0,0,0,0,0,0,0,0,0,0,1,0,0,0,0,0,0,0,0,0,0,0,1,0,0,1,0,1,1,0,0,0,0,0,0,0,0,0,1,1,0,0,0,1,1,1,0,0,0,0,0,0,0,0,0,0,0,0,0,1,0,0,1,0,0,0,0,0,0,1,0,0,0,1,0,0,1,0,0,0,1,0,0,0,1,1,0,1,0,0,0,1,0,0,0,0,0,0,0,0,1,1,0,0,0,1,1,0,0,1,0,0,0,0,0,1,0,0,0,1,0,0,0,0,0,0,0,0,0,0,0,0,1,1,1,0,0,1,0,1,0,1,0,0,0,0,1,0,0,0,0,1,0,1,0,1,0,0,0,0,0,0,0,0,0,0,0,1,0,0,0,1,0,0,0,0,0,0,0,1,0,1,0,0,0,1,0,0,0,0,0,0,1,0,0,0,0,1,0,1,0,1,0,0,0,0,0,0,0,0,0,1,0,1,0,1,0,0.892528676,0.937956861,0.82783557,0.93907911,0.836971836,0.947147566,0.996369842,0.918110019,0.981337982,0.946308682,0.939125202,0.957214698,0.953836111,0.890993311,0.970705429,0.916988432,0.973671647,0.911975031,0.972733902,0.931907028,0.981897245,0.932318127,0.985383909,0.964972236,0.96250589,0.921044691,0.968573607,0.933452698,0.971343298,0.934948884,1,1,0,0,0,0,0,0,0,0,0,0,0,0,0,0,2,14
15,0,0,1,0,0,0,0,0,0,0,0,0,0,0,0,0,0,0,1,0,0,0,0,0,0,0,0,0,0,0,1,0,0,1,0,1,1,0,0,0,0,0,0,0,0,0,1,1,0,0,0,1,1,1,0,0,0,0,0,0,0,0,0,0,0,0,0,1,0,0,1,0,0,0,0,0,0,1,0,0,0,1,0,0,1,0,0,0,1,0,0,0,1,1,0,1,0,0,0,1,0,0,0,0,0,0,0,0,1,1,0,0,0,1,1,0,0,1,0,0,0,0,0,1,0,0,0,1,0,0,0,0,0,0,0,0,0,0,0,0,1,1,1,0,0,1,0,1,0,1,0,0,0,0,1,0,0,0,0,1,0,1,0,1,0,0,0,0,0,0,0,0,0,0,0,1,0,0,0,1,0,0,0,0,0,0,0,1,0,1,0,0,0,1,0,0,0,0,0,0,1,0,0,0,0,1,0,1,0,1,0,0,0,0,0,0,0,0,0,1,0,1,0,1,0,0.945958275,0.983648063,0.817294402,0.987408852,0.834214098,0.996102572,0.981132944,0.915629471,0.982673819,0.9472833,0.972403603,0.977393539,0.942123535,0.956377353,0.977322769,0.946028513,0.987997166,0.912682482,0.974308475,0.956498974,0.992727962,0.967727026,0.974221791,0.933222223,0.978761695,0.932808797,0.985575866,0.942969257,0.965708036,0.927267019,1,1,0,0,0,0,0,0,0,0,0,0,0,0,0,0,2,11
15,0,0,1,0,0,0,0,0,0,0,0,0,0,0,0,0,0,0,1,0,0,0,0,0,0,0,0,0,0,0,1,0,0,1,0,1,1,0,0,0,0,0,0,0,0,0,1,1,0,0,0,1,1,1,0,0,0,0,0,0,0,0,0,0,0,0,0,1,0,0,1,0,0,0,0,0,0,1,0,0,0,1,0,0,1,0,0,0,1,0,0,0,1,1,0,1,0,0,0,1,0,0,0,0,0,0,0,0,1,1,0,0,0,1,1,0,0,1,0,0,0,0,0,1,0,0,0,1,0,0,0,0,0,0,0,0,0,0,0,0,1,1,1,0,0,1,0,1,0,1,0,0,0,0,1,0,0,0,0,1,0,1,0,1,0,0,0,0,0,0,0,0,0,0,0,1,0,0,0,1,0,0,0,0,0,0,0,1,0,1,0,0,0,1,0,0,0,0,0,0,1,0,0,0,0,1,0,1,0,1,0,0,0,0,0,0,0,0,0,1,0,1,0,1,0,0.981038749,0.986106573,0.86293602,0.986301825,0.886218186,0.992953591,0.964707101,0.903310634,0.982668968,0.945934169,0.963450371,0.976277575,0.963220921,0.957812274,0.978690937,0.945589789,0.992221098,0.91909016,0.97642178,0.936937711,0.986504877,0.950824424,0.997093374,0.966339296,0.971012114,0.949286645,0.984238057,0.976345919,0.973602931,0.940372237,1,1,0,0,0,0,0,0,0,0,0,0,0,0,0,0,2,14
15,0,0,1,0,0,0,0,0,0,0,0,0,0,0,0,0,0,0,1,0,0,0,0,0,0,0,0,0,0,0,1,0,0,1,0,1,1,0,0,0,0,0,0,0,0,0,1,1,0,0,0,1,1,1,0,0,0,0,0,0,0,0,0,0,0,0,0,1,0,0,1,0,0,0,0,0,0,1,0,0,0,1,0,0,1,0,0,0,1,0,0,0,1,1,0,1,0,0,0,1,0,0,0,0,0,0,0,0,1,1,0,0,0,1,1,0,0,1,0,0,0,0,0,1,0,0,0,1,0,0,0,0,0,0,0,0,0,0,0,0,1,1,1,0,0,1,0,1,0,1,0,0,0,0,1,0,0,0,0,1,0,1,0,1,0,0,0,0,0,0,0,0,0,0,0,1,0,0,0,1,0,0,0,0,0,0,0,1,0,1,0,0,0,1,0,0,0,0,0,0,1,0,0,0,0,1,0,1,0,1,0,0,0,0,0,0,0,0,0,1,0,1,0,1,0,0.932399495,0.995116497,0.8635325,0.955791784,0.880845255,0.958540156,0.991115497,0.926579082,0.980109025,0.979939155,0.966931004,0.995268253,0.960574916,0.997180748,0.992172151,0.947575826,0.998169851,0.944776079,0.973534424,0.974437425,0.98494329,0.981708883,0.980675525,0.965034062,0.996400731,0.949180336,0.988315005,0.985626858,0.974307708,0.983709407,1,1,0,0,0,0,0,0,0,0,0,0,0,0,0,0,2,11
15,0,0,1,0,0,0,0,0,0,0,0,0,0,0,0,0,0,0,1,0,0,0,0,0,0,0,0,0,0,0,1,0,0,1,0,1,1,0,0,0,0,0,0,0,0,0,1,1,0,0,0,1,1,1,0,0,0,0,0,0,0,0,0,0,0,0,0,1,0,0,1,0,0,0,0,0,0,1,0,0,0,1,0,0,1,0,0,0,1,0,0,0,1,1,0,1,0,0,0,1,0,0,0,0,0,0,0,0,1,1,0,0,0,1,1,0,0,1,0,0,0,0,0,1,0,0,0,1,0,0,0,0,0,0,0,0,0,0,0,0,1,1,1,0,0,1,0,1,0,1,0,0,0,0,1,0,0,0,0,1,0,1,0,1,0,0,0,0,0,0,0,0,0,0,0,1,0,0,0,1,0,0,0,0,0,0,0,1,0,1,0,0,0,1,0,0,0,0,0,0,1,0,0,0,0,1,0,1,0,1,0,0,0,0,0,0,0,0,0,1,0,1,0,1,0,0.936466172,0.98825018,0.827607496,0.93907911,0.836971836,0.949714378,0.996369842,0.918110019,0.981337982,0.953528793,0.949191128,0.956442854,0.963297184,0.937474129,0.970705429,0.9215876,0.973671647,0.925983175,0.97281029,0.939549219,0.981897245,0.932318127,0.985383909,0.964601805,0.969465107,0.939980747,0.975947918,0.943391555,0.971343298,0.933877738,1,1,0,0,0,0,0,0,0,0,0,0,0,0,0,0,2,14
15,0,0,1,0,0,0,0,0,0,0,0,0,0,0,0,0,0,0,1,0,0,0,0,0,0,0,0,0,0,0,1,0,0,1,0,0,1,1,0,0,0,0,0,0,0,0,1,1,0,1,1,1,1,0,0,0,0,0,0,0,0,0,0,1,0,1,0,0,0,0,0,0,0,0,0,0,0,0,1,1,0,0,1,0,0,0,0,0,0,0,0,0,1,1,0,0,0,0,0,0,0,0,0,0,0,0,0,1,1,0,1,0,0,0,0,0,0,0,0,0,0,0,0,0,0,0,0,0,0,0,0,0,0,0,0,0,0,0,0,0,0,0,0,0,0,0,0,0,0,0,0,0,0,0,0,0,0,0,0,0,0,0,0,0,0,0,0,0,0,0,0,0,0,0,0,0,0,0,0,0,0,0,0,0,0,0,0,0,0,0,0,0,0,0,0,0,0,0,0,0,0,0,0,0,0,0,0,0,0,0,0,0,0,0,0,0,0,0,0,0,0,0,0,0,0,0.740087354,0.920788847,0.609435132,0.948312245,0.630644854,0.936413568,0.787814258,0.944725399,0.841175578,0.896940618,0.849861277,0.964625579,0.594831774,0.919112497,0.699264803,0.962141731,0.609445132,0.948322245,0.609445132,0.948322245,0.609445132,0.948322245,0.609445132,0.948322245,0.609445132,0.948322245,0.609445132,0.948322245,0.609445132,0.948322245,1,1,0,0,0,0,0,0,1,1,1,1,1,1,1,0,2,13
15,0,0,1,0,0,0,0,0,0,0,0,0,0,0,0,0,0,0,1,0,0,0,0,0,0,0,0,0,0,0,1,0,0,1,0,0,1,1,0,0,0,0,0,0,0,0,1,1,0,1,1,1,1,0,0,0,0,0,0,0,0,0,0,1,0,1,0,0,0,0,0,0,0,0,0,0,0,0,1,1,0,0,1,0,0,0,0,0,0,0,0,0,1,1,0,0,0,0,0,0,0,0,0,0,0,0,0,1,1,0,1,0,0,0,0,0,0,0,0,0,0,0,0,0,0,0,0,0,0,0,0,0,0,0,0,0,0,0,0,0,0,0,0,0,0,0,0,0,0,0,0,0,0,0,0,0,0,0,0,0,0,0,0,0,0,0,0,0,0,0,0,0,0,0,0,0,0,0,0,0,0,0,0,0,0,0,0,0,0,0,0,0,0,0,0,0,0,0,0,0,0,0,0,0,0,0,0,0,0,0,0,0,0,0,0,0,0,0,0,0,0,0,0,0,0,0.732222714,0.913790061,0.666390376,0.945297073,0.665234882,0.921027841,0.756991041,0.948476764,0.822184149,0.979752528,0.844972446,0.952763016,0.66399865,0.920179581,0.795170015,0.947348154,0.666400376,0.945307073,0.666400376,0.945307073,0.666400376,0.945307073,0.666400376,0.945307073,0.666400376,0.945307073,0.666400376,0.945307073,0.666400376,0.945307073,1,1,0,0,0,0,0,0,1,1,1,1,1,1,1,0,2,13
15,0,0,1,0,0,0,0,0,0,0,0,0,0,0,0,0,0,0,1,0,0,0,0,0,0,0,0,0,0,0,1,0,0,1,0,0,1,1,0,0,0,0,0,0,0,0,1,1,0,1,1,1,1,0,0,0,0,0,0,0,0,0,0,1,0,1,0,0,0,0,0,0,0,0,0,0,0,0,1,1,0,0,1,0,0,0,0,0,0,0,0,0,1,1,0,0,0,0,0,0,0,0,0,0,0,0,0,1,1,0,1,0,0,0,0,0,0,0,0,0,0,0,0,0,0,0,0,0,0,0,0,0,0,0,0,0,0,0,0,0,0,0,0,0,0,0,0,0,0,0,0,0,0,0,0,0,0,0,0,0,0,0,0,0,0,0,0,0,0,0,0,0,0,0,0,0,0,0,0,0,0,0,0,0,0,0,0,0,0,0,0,0,0,0,0,0,0,0,0,0,0,0,0,0,0,0,0,0,0,0,0,0,0,0,0,0,0,0,0,0,0,0,0,0,0,0.7077646,0.86183402,0.65288331,0.927153099,0.65531689,0.920353019,0.762500439,0.899559619,0.848379732,0.883052726,0.817072697,0.906666005,0.677599771,0.926132231,0.756129315,0.919113509,0.65289331,0.927163099,0.65289331,0.927163099,0.65289331,0.927163099,0.65289331,0.927163099,0.65289331,0.927163099,0.65289331,0.927163099,0.65289331,0.927163099,1,1,0,0,0,0,0,0,1,1,1,1,1,1,1,0,2,14
15,0,0,1,0,0,0,0,0,0,0,0,0,0,0,0,0,0,0,1,0,0,0,0,0,0,0,0,0,0,0,1,0,0,1,0,0,1,1,0,0,0,0,0,0,0,0,1,1,0,1,1,1,1,0,0,0,0,0,0,0,0,0,0,1,0,1,0,0,0,0,0,0,0,0,0,0,0,0,1,1,0,0,1,0,0,0,0,0,0,0,0,0,1,1,0,0,0,0,0,0,0,0,0,0,0,0,0,1,1,0,1,0,0,0,0,0,0,0,0,0,0,0,0,0,0,0,0,0,0,0,0,0,0,0,0,0,0,0,0,0,0,0,0,0,0,0,0,0,0,0,0,0,0,0,0,0,0,0,0,0,0,0,0,0,0,0,0,0,0,0,0,0,0,0,0,0,0,0,0,0,0,0,0,0,0,0,0,0,0,0,0,0,0,0,0,0,0,0,0,0,0,0,0,0,0,0,0,0,0,0,0,0,0,0,0,0,0,0,0,0,0,0,0,0,0,0.735002455,0.913911344,0.666384393,0.945333932,0.665257041,0.920789557,0.75746015,0.948262534,0.822490365,0.979752528,0.819427559,0.952763016,0.764169654,0.927888168,0.758879397,0.947334647,0.666394393,0.945343932,0.666394393,0.945343932,0.666394393,0.945343932,0.666394393,0.945343932,0.666394393,0.945343932,0.666394393,0.945343932,0.666394393,0.945343932,1,1,0,0,0,0,0,0,1,1,1,1,1,1,1,0,2,13
15,0,0,1,0,0,0,0,0,0,0,0,0,0,0,0,0,0,0,1,0,0,0,0,0,0,0,0,0,0,0,1,0,0,1,0,0,1,1,0,0,0,0,0,0,0,0,1,1,0,1,1,1,1,0,0,0,0,0,0,0,0,0,0,1,0,1,0,0,0,0,0,0,0,0,0,0,0,0,1,1,0,0,1,0,0,0,0,0,0,0,0,0,1,1,0,0,0,0,0,0,0,0,0,0,0,0,0,1,1,0,1,0,0,0,0,0,0,0,0,0,0,0,0,0,0,0,0,0,0,0,0,0,0,0,0,0,0,0,0,0,0,0,0,0,0,0,0,0,0,0,0,0,0,0,0,0,0,0,0,0,0,0,0,0,0,0,0,0,0,0,0,0,0,0,0,0,0,0,0,0,0,0,0,0,0,0,0,0,0,0,0,0,0,0,0,0,0,0,0,0,0,0,0,0,0,0,0,0,0,0,0,0,0,0,0,0,0,0,0,0,0,0,0,0,0,0.786652342,0.912776769,0.66058224,0.93146325,0.666397911,0.920126108,0.800721682,0.949925335,0.815103424,0.968802277,0.79614708,0.951225429,0.707330792,0.921944414,0.760148222,0.952782889,0.66059224,0.93147325,0.66059224,0.93147325,0.66059224,0.93147325,0.66059224,0.93147325,0.66059224,0.93147325,0.66059224,0.93147325,0.66059224,0.93147325,1,1,0,0,0,0,0,0,1,1,1,1,1,1,1,0,2,14
15,0,0,1,0,0,0,0,0,0,0,0,0,0,0,0,0,0,0,1,0,0,0,0,0,0,0,0,0,0,0,1,0,0,1,0,0,1,1,0,0,0,0,0,0,0,0,1,1,0,1,1,1,1,0,0,0,0,0,0,0,0,0,0,1,0,1,0,0,0,0,0,0,0,0,0,0,0,0,1,1,0,0,1,0,0,0,0,0,0,0,0,0,1,1,0,0,0,0,0,0,0,0,0,0,0,0,0,1,1,0,1,0,0,0,0,0,0,0,0,0,0,0,0,0,0,0,0,0,0,0,0,0,0,0,0,0,0,0,0,0,0,0,0,0,0,0,0,0,0,0,0,0,0,0,0,0,0,0,0,0,0,0,0,0,0,0,0,0,0,0,0,0,0,0,0,0,0,0,0,0,0,0,0,0,0,0,0,0,0,0,0,0,0,0,0,0,0,0,0,0,0,0,0,0,0,0,0,0,0,0,0,0,0,0,0,0,0,0,0,0,0,0,0,0,0,0.740087354,0.920788847,0.609435132,0.948312245,0.630644854,0.936413568,0.787814258,0.944725399,0.841175578,0.896940618,0.849861277,0.964625579,0.713423597,0.919112497,0.699264803,0.861521651,0.609445132,0.948322245,0.609445132,0.948322245,0.609445132,0.948322245,0.609445132,0.948322245,0.609445132,0.948322245,0.609445132,0.948322245,0.609445132,0.948322245,1,1,0,0,0,0,0,0,1,1,1,1,1,1,1,0,2,13
15,0,0,1,0,0,0,0,0,0,0,0,0,0,0,0,0,0,0,1,0,0,0,0,0,0,0,0,0,0,0,1,0,0,1,0,0,1,1,0,0,0,0,0,0,0,0,1,1,0,1,1,1,1,0,0,0,0,0,0,0,0,0,0,1,0,1,0,0,0,0,0,0,0,0,0,0,0,0,1,1,0,0,1,0,0,0,0,0,0,0,0,0,1,1,0,0,0,0,0,0,0,0,0,0,0,0,0,1,1,0,1,0,0,0,0,0,0,0,0,0,0,0,0,0,0,0,0,0,0,0,0,0,0,0,0,0,0,0,0,0,0,0,0,0,0,0,0,0,0,0,0,0,0,0,0,0,0,0,0,0,0,0,0,0,0,0,0,0,0,0,0,0,0,0,0,0,0,0,0,0,0,0,0,0,0,0,0,0,0,0,0,0,0,0,0,0,0,0,0,0,0,0,0,0,0,0,0,0,0,0,0,0,0,0,0,0,0,0,0,0,0,0,0,0,0,0.768786421,0.921535256,0.643923185,0.942988438,0.656224245,0.91184473,0.792169169,0.942851687,0.790916078,0.940653944,0.849999751,0.959437749,0.792524805,0.951871811,0.78612679,0.932521023,0.643933185,0.942998438,0.643933185,0.942998438,0.643933185,0.942998438,0.643933185,0.942998438,0.643933185,0.942998438,0.643933185,0.942998438,0.643933185,0.942998438,1,1,0,0,0,0,0,0,1,1,1,1,1,1,1,0,2,13
15,0,0,1,0,0,0,0,0,0,0,0,0,0,0,0,0,0,0,1,0,0,0,0,0,0,0,0,0,0,0,1,0,0,1,0,0,1,1,0,0,0,0,0,0,0,0,1,1,0,1,1,1,1,0,0,0,0,0,0,0,0,0,0,1,0,1,0,0,0,0,0,0,0,0,0,0,0,0,1,1,0,0,1,0,0,0,0,0,0,0,0,0,1,1,0,0,0,0,0,0,0,0,0,0,0,0,0,1,1,0,1,0,0,0,0,0,0,0,0,0,0,0,0,0,0,0,0,0,0,0,0,0,0,0,0,0,0,0,0,0,0,0,0,0,0,0,0,0,0,0,0,0,0,0,0,0,0,0,0,0,0,0,0,0,0,0,0,0,0,0,0,0,0,0,0,0,0,0,0,0,0,0,0,0,0,0,0,0,0,0,0,0,0,0,0,0,0,0,0,0,0,0,0,0,0,0,0,0,0,0,0,0,0,0,0,0,0,0,0,0,0,0,0,0,0,0.718641741,0.898883423,0.657698914,0.941611543,0.654218529,0.925214985,0.78629783,0.940285049,0.814507078,0.950581263,0.821347603,0.973392093,0.698602683,0.917258875,0.757246401,0.951363238,0.657708914,0.941621543,0.657708914,0.941621543,0.657708914,0.941621543,0.657708914,0.941621543,0.657708914,0.941621543,0.657708914,0.941621543,0.657708914,0.941621543,1,1,0,0,0,0,0,0,1,1,1,1,1,1,1,0,2,13
15,0,0,1,0,0,0,0,0,0,0,0,0,0,0,0,0,0,0,1,0,0,0,0,0,0,0,0,0,0,0,1,0,0,1,0,0,1,1,0,0,0,0,0,0,0,0,1,1,0,1,1,1,1,0,0,0,0,0,0,0,0,0,0,1,0,1,0,0,0,0,0,0,0,0,0,0,0,0,1,1,0,0,1,0,0,0,0,0,0,0,0,0,1,1,0,0,0,0,0,0,0,0,0,0,0,0,0,1,1,0,1,0,0,0,0,0,0,0,0,0,0,0,0,0,0,0,0,0,0,0,0,0,0,0,0,0,0,0,0,0,0,0,0,0,0,0,0,0,0,0,0,0,0,0,0,0,0,0,0,0,0,0,0,0,0,0,0,0,0,0,0,0,0,0,0,0,0,0,0,0,0,0,0,0,0,0,0,0,0,0,0,0,0,0,0,0,0,0,0,0,0,0,0,0,0,0,0,0,0,0,0,0,0,0,0,0,0,0,0,0,0,0,0,0,0,0.738672156,0.855702748,0.671656335,0.928890909,0.687175281,0.919937144,0.811482957,0.936909744,0.907038495,0.952844755,0.846920127,0.929723777,0.703536872,0.939375857,0.805574944,0.934408824,0.671666335,0.928900909,0.671666335,0.928900909,0.671666335,0.928900909,0.671666335,0.928900909,0.671666335,0.928900909,0.671666335,0.928900909,0.671666335,0.928900909,1,1,0,0,0,0,0,0,1,1,1,1,1,1,1,0,2,14
15,0,0,1,0,0,0,0,0,0,0,0,0,0,0,0,0,0,0,1,0,0,0,0,0,0,0,0,0,0,0,1,0,0,1,0,0,1,1,0,0,0,0,0,0,0,0,1,1,0,1,1,1,1,0,0,0,0,0,0,0,0,0,0,1,0,1,0,0,0,0,0,0,0,0,0,0,0,0,1,1,0,0,1,0,0,0,0,0,0,0,0,0,1,1,0,0,0,0,0,0,0,0,0,0,0,0,0,1,1,0,1,0,0,0,0,0,0,0,0,0,0,0,0,0,0,0,0,0,0,0,0,0,0,0,0,0,0,0,0,0,0,0,0,0,0,0,0,0,0,0,0,0,0,0,0,0,0,0,0,0,0,0,0,0,0,0,0,0,0,0,0,0,0,0,0,0,0,0,0,0,0,0,0,0,0,0,0,0,0,0,0,0,0,0,0,0,0,0,0,0,0,0,0,0,0,0,0,0,0,0,0,0,0,0,0,0,0,0,0,0,0,0,0,0,0,0.740664457,0.858045623,0.658222705,0.931293669,0.662658644,0.91925539,0.783553009,0.951239514,0.879725637,0.95548387,0.842964986,0.968915402,0.693415651,0.926911816,0.82463374,0.969074278,0.658232705,0.931303669,0.658232705,0.931303669,0.658232705,0.931303669,0.658232705,0.931303669,0.658232705,0.931303669,0.658232705,0.931303669,0.658232705,0.931303669,1,1,0,0,0,0,0,0,1,1,1,1,1,1,1,0,2,14
15,0,0,1,0,0,0,0,0,0,0,0,0,0,0,0,0,0,0,1,0,0,0,0,0,0,0,0,0,0,0,1,0,0,1,0,0,1,1,0,0,0,0,0,0,0,0,1,1,0,1,1,1,1,0,0,0,0,0,0,0,0,0,0,1,0,1,0,0,0,0,0,0,0,0,0,0,0,0,1,1,0,0,1,0,0,0,0,0,0,0,0,0,1,1,0,0,0,0,0,0,0,0,0,0,0,0,0,1,1,0,1,0,0,0,0,0,0,0,0,0,0,0,0,0,0,0,0,0,0,0,0,0,0,0,0,0,0,0,0,0,0,0,0,0,0,0,0,0,0,0,0,0,0,0,0,0,0,0,0,0,0,0,0,0,0,0,0,0,0,0,0,0,0,0,0,0,0,0,0,0,0,0,0,0,0,0,0,0,0,0,0,0,0,0,0,0,0,0,0,0,0,0,0,0,0,0,0,0,0,0,0,0,0,0,0,0,0,0,0,0,0,0,0,0,0,0.717045402,0.946214696,0.662826558,0.92434019,0.660646235,0.936580616,0.788317089,0.945989812,0.792392564,0.958458333,0.803851725,0.964633637,0.752721702,0.952488615,0.734494873,0.963236166,0.662836558,0.92435019,0.662836558,0.92435019,0.662836558,0.92435019,0.662836558,0.92435019,0.662836558,0.92435019,0.662836558,0.92435019,0.662836558,0.92435019,1,1,0,0,0,0,0,0,1,1,1,1,1,1,1,0,2,13
15,0,0,1,0,0,0,0,0,0,0,0,0,0,0,0,0,0,0,1,0,0,0,0,0,0,0,0,0,0,0,1,0,0,1,0,0,1,1,0,0,0,0,0,0,0,0,1,1,0,1,1,1,1,0,0,0,0,0,0,0,0,0,0,1,0,1,0,0,0,0,0,0,0,0,0,0,0,0,1,1,0,0,1,0,0,0,0,0,0,0,0,0,1,1,0,0,0,0,0,0,0,0,0,0,0,0,0,1,1,0,1,0,0,0,0,0,0,0,0,0,0,0,0,0,0,0,0,0,0,0,0,0,0,0,0,0,0,0,0,0,0,0,0,0,0,0,0,0,0,0,0,0,0,0,0,0,0,0,0,0,0,0,0,0,0,0,0,0,0,0,0,0,0,0,0,0,0,0,0,0,0,0,0,0,0,0,0,0,0,0,0,0,0,0,0,0,0,0,0,0,0,0,0,0,0,0,0,0,0,0,0,0,0,0,0,0,0,0,0,0,0,0,0,0,0,0.711415212,0.896899367,0.653434718,0.926498228,0.661904796,0.91759784,0.755990805,0.894755206,0.797635743,0.88609908,0.801783946,0.899682092,0.728286456,0.879756328,0.7615932,0.910952322,0.653444718,0.926508228,0.653444718,0.926508228,0.653444718,0.926508228,0.653444718,0.926508228,0.653444718,0.926508228,0.653444718,0.926508228,0.653444718,0.926508228,1,1,0,0,0,0,0,0,1,1,1,1,1,1,1,0,2,13
15,0,0,1,0,0,0,0,0,0,0,0,0,0,0,0,0,0,0,1,0,0,0,0,0,0,0,0,0,0,0,1,0,0,1,0,0,1,1,0,0,0,0,0,0,0,0,1,1,0,1,1,1,1,0,0,0,0,0,0,0,0,0,0,1,0,1,0,0,0,0,0,0,0,0,0,0,0,0,1,1,0,0,1,0,0,0,0,0,0,0,0,0,1,1,0,0,0,0,0,0,0,0,0,0,0,0,0,1,1,0,1,0,0,0,0,0,0,0,0,0,0,0,0,0,0,0,0,0,0,0,0,0,0,0,0,0,0,0,0,0,0,0,0,0,0,0,0,0,0,0,0,0,0,0,0,0,0,0,0,0,0,0,0,0,0,0,0,0,0,0,0,0,0,0,0,0,0,0,0,0,0,0,0,0,0,0,0,0,0,0,0,0,0,0,0,0,0,0,0,0,0,0,0,0,0,0,0,0,0,0,0,0,0,0,0,0,0,0,0,0,0,0,0,0,0,0.782825426,0.909249664,0.665044658,0.942756272,0.666488189,0.926036707,0.785838313,0.950812894,0.814590092,0.945022069,0.821834191,0.953164247,0.699881791,0.911340568,0.761735069,0.962034202,0.665054658,0.942766272,0.665054658,0.942766272,0.665054658,0.942766272,0.665054658,0.942766272,0.665054658,0.942766272,0.665054658,0.942766272,0.665054658,0.942766272,1,1,0,0,0,0,0,0,1,1,1,1,1,1,1,0,2,13
15,0,0,1,0,0,0,0,0,0,0,0,0,0,0,0,0,0,0,1,0,0,0,0,0,0,0,0,0,0,0,1,0,0,1,0,0,1,1,0,0,0,0,0,0,0,0,1,1,0,1,1,1,1,0,0,0,0,0,0,0,0,0,0,1,0,1,0,0,0,0,0,0,0,0,0,0,0,0,1,1,0,0,1,0,0,0,0,0,0,0,0,0,1,1,0,0,0,0,0,0,0,0,0,0,0,0,0,1,1,0,1,0,0,0,0,0,0,0,0,0,0,0,0,0,0,0,0,0,0,0,0,0,0,0,0,0,0,0,0,0,0,0,0,0,0,0,0,0,0,0,0,0,0,0,0,0,0,0,0,0,0,0,0,0,0,0,0,0,0,0,0,0,0,0,0,0,0,0,0,0,0,0,0,0,0,0,0,0,0,0,0,0,0,0,0,0,0,0,0,0,0,0,0,0,0,0,0,0,0,0,0,0,0,0,0,0,0,0,0,0,0,0,0,0,0,0.721047775,0.913815841,0.660207776,0.93314446,0.661947376,0.921797461,0.746686377,0.924395132,0.818727644,0.949605845,0.834236355,0.946616074,0.724917016,0.917281145,0.787381422,0.945250586,0.660217776,0.93315446,0.660217776,0.93315446,0.660217776,0.93315446,0.660217776,0.93315446,0.660217776,0.93315446,0.660217776,0.93315446,0.660217776,0.93315446,1,1,0,0,0,0,0,0,1,1,1,1,1,1,1,0,2,14
15,0,0,1,0,0,0,0,0,0,0,0,0,0,0,0,0,0,0,1,0,0,0,0,0,0,0,0,0,0,0,1,0,0,1,0,0,1,1,0,0,0,0,0,0,0,0,1,1,0,1,1,1,1,0,0,0,0,0,0,0,0,0,0,1,0,1,0,0,0,0,0,0,0,0,0,0,0,0,1,1,0,0,1,0,0,0,0,0,0,0,0,0,1,1,0,0,0,0,0,0,0,0,0,0,0,0,0,1,1,0,1,0,0,0,0,0,0,0,0,0,0,0,0,0,0,0,0,0,0,0,0,0,0,0,0,0,0,0,0,0,0,0,0,0,0,0,0,0,0,0,0,0,0,0,0,0,0,0,0,0,0,0,0,0,0,0,0,0,0,0,0,0,0,0,0,0,0,0,0,0,0,0,0,0,0,0,0,0,0,0,0,0,0,0,0,0,0,0,0,0,0,0,0,0,0,0,0,0,0,0,0,0,0,0,0,0,0,0,0,0,0,0,0,0,0,0.719224275,0.900091216,0.657721153,0.930745953,0.665232354,0.91884785,0.737068356,0.938544739,0.814447175,0.949779118,0.820919103,0.947091801,0.699949328,0.917281145,0.760369603,0.95063275,0.657731153,0.930755953,0.657731153,0.930755953,0.657731153,0.930755953,0.657731153,0.930755953,0.657731153,0.930755953,0.657731153,0.930755953,0.657731153,0.930755953,1,1,0,0,0,0,0,0,1,1,1,1,1,1,1,0,2,14
15,0,0,1,0,0,0,0,0,0,0,0,0,0,0,0,0,0,0,1,0,0,0,0,0,0,0,0,0,0,0,1,0,0,1,1,0,0,0,0,0,0,0,0,0,0,0,1,1,0,1,0,0,0,0,0,0,0,0,0,0,0,0,1,1,0,0,0,0,0,0,0,0,0,0,0,0,0,0,0,0,0,0,0,0,0,0,0,0,0,0,0,0,0,0,0,0,0,0,0,0,0,0,0,0,0,0,0,0,0,0,0,0,0,0,0,0,0,0,0,0,0,0,0,0,0,0,0,0,0,0,0,0,0,0,0,0,0,0,0,0,0,0,0,0,0,0,0,0,0,0,0,0,0,0,0,0,0,0,0,0,0,0,0,0,0,0,0,0,0,0,0,0,0,0,0,0,0,0,0,0,0,0,0,0,0,0,0,0,0,0,0,0,0,0,0,0,0,0,0,0,0,0,0,0,0,0,0,0,0,0,0,0,0,0,0,0,0,0,0,0,0,0,0,0,0,0.141403356,0.488447843,0.212390844,0.255507902,0.07264651,0.425133283,0.142824858,0.489187922,0.027141194,0.566612891,0.212400844,0.255517902,0.212400844,0.255517902,0.212400844,0.255517902,0.212400844,0.255517902,0.212400844,0.255517902,0.212400844,0.255517902,0.212400844,0.255517902,0.212400844,0.255517902,0.212400844,0.255517902,0.212400844,0.255517902,1,1,0,0,0,1,1,1,1,1,1,1,1,1,1,0,2,14
15,0,0,1,0,0,0,0,0,0,0,0,0,0,0,0,0,0,0,1,0,0,0,0,0,0,0,0,0,0,0,1,0,0,1,1,0,0,0,0,0,0,0,0,0,0,0,1,1,0,1,0,0,0,0,0,0,0,0,0,0,0,0,1,1,0,0,0,0,0,0,0,0,0,0,0,0,0,0,0,0,0,0,0,0,0,0,0,0,0,0,0,0,0,0,0,0,0,0,0,0,0,0,0,0,0,0,0,0,0,0,0,0,0,0,0,0,0,0,0,0,0,0,0,0,0,0,0,0,0,0,0,0,0,0,0,0,0,0,0,0,0,0,0,0,0,0,0,0,0,0,0,0,0,0,0,0,0,0,0,0,0,0,0,0,0,0,0,0,0,0,0,0,0,0,0,0,0,0,0,0,0,0,0,0,0,0,0,0,0,0,0,0,0,0,0,0,0,0,0,0,0,0,0,0,0,0,0,0,0,0,0,0,0,0,0,0,0,0,0,0,0,0,0,0,0,0.700167451,0.781698518,0.673385118,0.649150354,0.700209004,0.668408815,0.673661658,0.838308181,0.6392047,0.888396131,0.673395118,0.649160354,0.673395118,0.649160354,0.673395118,0.649160354,0.673395118,0.649160354,0.673395118,0.649160354,0.673395118,0.649160354,0.673395118,0.649160354,0.673395118,0.649160354,0.673395118,0.649160354,0.673395118,0.649160354,1,1,0,0,0,1,1,1,1,1,1,1,1,1,1,0,2,14
15,0,0,1,0,0,0,0,0,0,0,0,0,0,0,0,0,0,0,1,0,0,0,0,0,0,0,0,0,0,0,1,0,0,1,1,0,0,0,0,0,0,0,0,0,0,0,1,1,0,1,0,0,0,0,0,0,0,0,0,0,0,0,1,1,0,0,0,0,0,0,0,0,0,0,0,0,0,0,0,0,0,0,0,0,0,0,0,0,0,0,0,0,0,0,0,0,0,0,0,0,0,0,0,0,0,0,0,0,0,0,0,0,0,0,0,0,0,0,0,0,0,0,0,0,0,0,0,0,0,0,0,0,0,0,0,0,0,0,0,0,0,0,0,0,0,0,0,0,0,0,0,0,0,0,0,0,0,0,0,0,0,0,0,0,0,0,0,0,0,0,0,0,0,0,0,0,0,0,0,0,0,0,0,0,0,0,0,0,0,0,0,0,0,0,0,0,0,0,0,0,0,0,0,0,0,0,0,0,0,0,0,0,0,0,0,0,0,0,0,0,0,0,0,0,0,0.689031007,0.781698518,0.673385118,0.649150354,0.700209004,0.672188332,0.673661658,0.838308181,0.6392047,0.888396131,0.673395118,0.649160354,0.673395118,0.649160354,0.673395118,0.649160354,0.673395118,0.649160354,0.673395118,0.649160354,0.673395118,0.649160354,0.673395118,0.649160354,0.673395118,0.649160354,0.673395118,0.649160354,0.673395118,0.649160354,1,1,0,0,0,1,1,1,1,1,1,1,1,1,1,0,2,14
15,0,0,1,0,0,0,0,0,0,0,0,0,0,0,0,0,0,0,1,0,0,0,0,0,0,0,0,0,0,0,1,0,0,1,1,0,0,0,0,0,0,0,0,0,0,0,1,1,0,1,0,0,0,0,0,0,0,0,0,0,0,0,1,1,0,0,0,0,0,0,0,0,0,0,0,0,0,0,0,0,0,0,0,0,0,0,0,0,0,0,0,0,0,0,0,0,0,0,0,0,0,0,0,0,0,0,0,0,0,0,0,0,0,0,0,0,0,0,0,0,0,0,0,0,0,0,0,0,0,0,0,0,0,0,0,0,0,0,0,0,0,0,0,0,0,0,0,0,0,0,0,0,0,0,0,0,0,0,0,0,0,0,0,0,0,0,0,0,0,0,0,0,0,0,0,0,0,0,0,0,0,0,0,0,0,0,0,0,0,0,0,0,0,0,0,0,0,0,0,0,0,0,0,0,0,0,0,0,0,0,0,0,0,0,0,0,0,0,0,0,0,0,0,0,0,0.276648799,0.536914383,0.291468817,0.49431254,0.292854963,0.496482957,0.251311614,0.581223733,0.155171405,0.617883179,0.291478817,0.49432254,0.291478817,0.49432254,0.291478817,0.49432254,0.291478817,0.49432254,0.291478817,0.49432254,0.291478817,0.49432254,0.291478817,0.49432254,0.291478817,0.49432254,0.291478817,0.49432254,0.291478817,0.49432254,1,1,0,0,0,1,1,1,1,1,1,1,1,1,1,0,2,14
15,0,0,1,0,0,0,0,0,0,0,0,0,0,0,0,0,0,0,1,0,0,0,0,0,0,0,0,0,0,0,1,0,0,1,1,0,0,0,0,0,0,0,0,0,0,0,1,1,0,1,0,0,0,0,0,0,0,0,0,0,0,0,1,1,0,0,0,0,0,0,0,0,0,0,0,0,0,0,0,0,0,0,0,0,0,0,0,0,0,0,0,0,0,0,0,0,0,0,0,0,0,0,0,0,0,0,0,0,0,0,0,0,0,0,0,0,0,0,0,0,0,0,0,0,0,0,0,0,0,0,0,0,0,0,0,0,0,0,0,0,0,0,0,0,0,0,0,0,0,0,0,0,0,0,0,0,0,0,0,0,0,0,0,0,0,0,0,0,0,0,0,0,0,0,0,0,0,0,0,0,0,0,0,0,0,0,0,0,0,0,0,0,0,0,0,0,0,0,0,0,0,0,0,0,0,0,0,0,0,0,0,0,0,0,0,0,0,0,0,0,0,0,0,0,0,0.061065769,0.105828213,0.101064251,0.024618407,0.008710526,0.090596363,0.065336424,0.11097027,0.000931463,0.280343481,0.101074251,0.024628407,0.101074251,0.024628407,0.101074251,0.024628407,0.101074251,0.024628407,0.101074251,0.024628407,0.101074251,0.024628407,0.101074251,0.024628407,0.101074251,0.024628407,0.101074251,0.024628407,0.101074251,0.024628407,1,1,0,0,0,1,1,1,1,1,1,1,1,1,1,0,2,14
15,0,0,1,0,0,0,0,0,0,0,0,0,0,0,0,0,0,0,1,0,0,0,0,0,0,0,0,0,0,0,1,0,0,1,1,0,0,0,0,0,0,0,0,0,0,0,1,1,0,1,0,0,0,0,0,0,0,0,0,0,0,0,1,1,0,0,0,0,0,0,0,0,0,0,0,0,0,0,0,0,0,0,0,0,0,0,0,0,0,0,0,0,0,0,0,0,0,0,0,0,0,0,0,0,0,0,0,0,0,0,0,0,0,0,0,0,0,0,0,0,0,0,0,0,0,0,0,0,0,0,0,0,0,0,0,0,0,0,0,0,0,0,0,0,0,0,0,0,0,0,0,0,0,0,0,0,0,0,0,0,0,0,0,0,0,0,0,0,0,0,0,0,0,0,0,0,0,0,0,0,0,0,0,0,0,0,0,0,0,0,0,0,0,0,0,0,0,0,0,0,0,0,0,0,0,0,0,0,0,0,0,0,0,0,0,0,0,0,0,0,0,0,0,0,0,0.062345711,0.10811331,0.100813406,0.038675771,0.005412456,0.10357417,0.065336424,0.11097027,0.047332487,0.280343481,0.100823406,0.038685771,0.100823406,0.038685771,0.100823406,0.038685771,0.100823406,0.038685771,0.100823406,0.038685771,0.100823406,0.038685771,0.100823406,0.038685771,0.100823406,0.038685771,0.100823406,0.038685771,0.100823406,0.038685771,1,1,0,0,0,1,1,1,1,1,1,1,1,1,1,0,2,14
15,0,0,1,0,0,0,0,0,0,0,0,0,0,0,0,0,0,0,1,0,0,0,0,0,0,0,0,0,0,0,1,0,0,1,1,0,0,0,0,0,0,0,0,0,0,0,1,1,0,1,0,0,0,0,0,0,0,0,0,0,0,0,1,1,0,0,0,0,0,0,0,0,0,0,0,0,0,0,0,0,0,0,0,0,0,0,0,0,0,0,0,0,0,0,0,0,0,0,0,0,0,0,0,0,0,0,0,0,0,0,0,0,0,0,0,0,0,0,0,0,0,0,0,0,0,0,0,0,0,0,0,0,0,0,0,0,0,0,0,0,0,0,0,0,0,0,0,0,0,0,0,0,0,0,0,0,0,0,0,0,0,0,0,0,0,0,0,0,0,0,0,0,0,0,0,0,0,0,0,0,0,0,0,0,0,0,0,0,0,0,0,0,0,0,0,0,0,0,0,0,0,0,0,0,0,0,0,0,0,0,0,0,0,0,0,0,0,0,0,0,0,0,0,0,0,0.125529408,0.035307791,0.182062279,0.102316029,0.130719192,0.025411529,0.142887523,0.024624069,0.001442006,0.050895384,0.182072279,0.102326029,0.182072279,0.102326029,0.182072279,0.102326029,0.182072279,0.102326029,0.182072279,0.102326029,0.182072279,0.102326029,0.182072279,0.102326029,0.182072279,0.102326029,0.182072279,0.102326029,0.182072279,0.102326029,1,1,0,0,0,1,1,1,1,1,1,1,1,1,1,0,2,14
15,0,0,1,0,0,0,0,0,0,0,0,0,0,0,0,0,0,0,1,0,0,0,0,0,0,0,0,0,0,0,1,0,0,1,1,0,0,0,0,0,0,0,0,0,0,0,1,1,0,1,0,0,0,0,0,0,0,0,0,0,0,0,1,1,0,0,0,0,0,0,0,0,0,0,0,0,0,0,0,0,0,0,0,0,0,0,0,0,0,0,0,0,0,0,0,0,0,0,0,0,0,0,0,0,0,0,0,0,0,0,0,0,0,0,0,0,0,0,0,0,0,0,0,0,0,0,0,0,0,0,0,0,0,0,0,0,0,0,0,0,0,0,0,0,0,0,0,0,0,0,0,0,0,0,0,0,0,0,0,0,0,0,0,0,0,0,0,0,0,0,0,0,0,0,0,0,0,0,0,0,0,0,0,0,0,0,0,0,0,0,0,0,0,0,0,0,0,0,0,0,0,0,0,0,0,0,0,0,0,0,0,0,0,0,0,0,0,0,0,0,0,0,0,0,0,0.308822321,0.563510192,0.291468817,0.49431254,0.292854963,0.496482957,0.247235559,0.578413146,0.221463614,0.647740009,0.291478817,0.49432254,0.291478817,0.49432254,0.291478817,0.49432254,0.291478817,0.49432254,0.291478817,0.49432254,0.291478817,0.49432254,0.291478817,0.49432254,0.291478817,0.49432254,0.291478817,0.49432254,0.291478817,0.49432254,1,1,0,0,0,1,1,1,1,1,1,1,1,1,1,0,2,14
15,0,0,1,0,0,0,0,0,0,0,0,0,0,0,0,0,0,0,1,0,0,0,0,0,0,0,0,0,0,0,1,0,0,1,1,0,0,0,0,0,0,0,0,0,0,0,1,1,0,1,0,0,0,0,0,0,0,0,0,0,0,0,1,1,0,0,0,0,0,0,0,0,0,0,0,0,0,0,0,0,0,0,0,0,0,0,0,0,0,0,0,0,0,0,0,0,0,0,0,0,0,0,0,0,0,0,0,0,0,0,0,0,0,0,0,0,0,0,0,0,0,0,0,0,0,0,0,0,0,0,0,0,0,0,0,0,0,0,0,0,0,0,0,0,0,0,0,0,0,0,0,0,0,0,0,0,0,0,0,0,0,0,0,0,0,0,0,0,0,0,0,0,0,0,0,0,0,0,0,0,0,0,0,0,0,0,0,0,0,0,0,0,0,0,0,0,0,0,0,0,0,0,0,0,0,0,0,0,0,0,0,0,0,0,0,0,0,0,0,0,0,0,0,0,0,0.129779725,0.070099574,0.176276092,0.118506312,0.168142608,0.109959667,0.173073622,0.049129946,0.018565202,0.04681847,0.176286092,0.118516312,0.176286092,0.118516312,0.176286092,0.118516312,0.176286092,0.118516312,0.176286092,0.118516312,0.176286092,0.118516312,0.176286092,0.118516312,0.176286092,0.118516312,0.176286092,0.118516312,0.176286092,0.118516312,1,1,0,0,0,1,1,1,1,1,1,1,1,1,1,0,2,14
15,0,0,1,0,0,0,0,0,0,0,0,0,0,0,0,0,0,0,1,0,0,0,0,0,0,0,0,0,0,0,1,0,0,1,1,0,0,0,0,0,0,0,0,0,0,0,1,1,0,1,0,0,0,0,0,0,0,0,0,0,0,0,1,1,0,0,0,0,0,0,0,0,0,0,0,0,0,0,0,0,0,0,0,0,0,0,0,0,0,0,0,0,0,0,0,0,0,0,0,0,0,0,0,0,0,0,0,0,0,0,0,0,0,0,0,0,0,0,0,0,0,0,0,0,0,0,0,0,0,0,0,0,0,0,0,0,0,0,0,0,0,0,0,0,0,0,0,0,0,0,0,0,0,0,0,0,0,0,0,0,0,0,0,0,0,0,0,0,0,0,0,0,0,0,0,0,0,0,0,0,0,0,0,0,0,0,0,0,0,0,0,0,0,0,0,0,0,0,0,0,0,0,0,0,0,0,0,0,0,0,0,0,0,0,0,0,0,0,0,0,0,0,0,0,0,0.285516992,0.536914383,0.291468817,0.49431254,0.292854963,0.496482957,0.251311614,0.581223733,0.155171405,0.617883179,0.291478817,0.49432254,0.291478817,0.49432254,0.291478817,0.49432254,0.291478817,0.49432254,0.291478817,0.49432254,0.291478817,0.49432254,0.291478817,0.49432254,0.291478817,0.49432254,0.291478817,0.49432254,0.291478817,0.49432254,1,1,0,0,0,1,1,1,1,1,1,1,1,1,1,0,2,14
15,0,0,1,0,0,0,0,0,0,0,0,0,0,0,0,0,0,0,1,0,0,0,0,0,0,0,0,0,0,0,1,0,0,1,1,0,0,0,0,0,0,0,0,0,0,0,1,1,0,1,0,0,0,0,0,0,0,0,0,0,0,0,1,1,0,0,0,0,0,0,0,0,0,0,0,0,0,0,0,0,0,0,0,0,0,0,0,0,0,0,0,0,0,0,0,0,0,0,0,0,0,0,0,0,0,0,0,0,0,0,0,0,0,0,0,0,0,0,0,0,0,0,0,0,0,0,0,0,0,0,0,0,0,0,0,0,0,0,0,0,0,0,0,0,0,0,0,0,0,0,0,0,0,0,0,0,0,0,0,0,0,0,0,0,0,0,0,0,0,0,0,0,0,0,0,0,0,0,0,0,0,0,0,0,0,0,0,0,0,0,0,0,0,0,0,0,0,0,0,0,0,0,0,0,0,0,0,0,0,0,0,0,0,0,0,0,0,0,0,0,0,0,0,0,0,0.285516992,0.536914383,0.291474149,0.49431254,0.292854963,0.498652507,0.248925901,0.581223733,0.162638237,0.617883179,0.291484149,0.49432254,0.291484149,0.49432254,0.291484149,0.49432254,0.291484149,0.49432254,0.291484149,0.49432254,0.291484149,0.49432254,0.291484149,0.49432254,0.291484149,0.49432254,0.291484149,0.49432254,0.291484149,0.49432254,1,1,0,0,0,1,1,1,1,1,1,1,1,1,1,0,2,14
15,0,0,1,0,0,0,0,0,0,0,0,0,0,0,0,0,0,0,1,0,0,0,0,0,0,0,0,0,0,0,1,0,0,1,1,0,0,0,0,0,0,0,0,0,0,0,1,1,0,1,0,0,0,0,0,0,0,0,0,0,0,0,1,1,0,0,0,0,0,0,0,0,0,0,0,0,0,0,0,0,0,0,0,0,0,0,0,0,0,0,0,0,0,0,0,0,0,0,0,0,0,0,0,0,0,0,0,0,0,0,0,0,0,0,0,0,0,0,0,0,0,0,0,0,0,0,0,0,0,0,0,0,0,0,0,0,0,0,0,0,0,0,0,0,0,0,0,0,0,0,0,0,0,0,0,0,0,0,0,0,0,0,0,0,0,0,0,0,0,0,0,0,0,0,0,0,0,0,0,0,0,0,0,0,0,0,0,0,0,0,0,0,0,0,0,0,0,0,0,0,0,0,0,0,0,0,0,0,0,0,0,0,0,0,0,0,0,0,0,0,0,0,0,0,0,0.158604019,0.150643863,0.176607519,0.225628613,0.153858383,0.224877125,0.159505987,0.099181779,0.214350888,0.046316476,0.176617519,0.225638613,0.176617519,0.225638613,0.176617519,0.225638613,0.176617519,0.225638613,0.176617519,0.225638613,0.176617519,0.225638613,0.176617519,0.225638613,0.176617519,0.225638613,0.176617519,0.225638613,0.176617519,0.225638613,1,1,0,0,0,1,1,1,1,1,1,1,1,1,1,0,2,14
15,0,0,1,0,0,0,0,0,0,0,0,0,0,0,0,0,0,0,1,0,0,0,0,0,0,0,0,0,0,0,1,0,0,1,1,0,0,0,0,0,0,0,0,0,0,0,1,1,0,1,0,0,0,0,0,0,0,0,0,0,0,0,1,1,0,0,0,0,0,0,0,0,0,0,0,0,0,0,0,0,0,0,0,0,0,0,0,0,0,0,0,0,0,0,0,0,0,0,0,0,0,0,0,0,0,0,0,0,0,0,0,0,0,0,0,0,0,0,0,0,0,0,0,0,0,0,0,0,0,0,0,0,0,0,0,0,0,0,0,0,0,0,0,0,0,0,0,0,0,0,0,0,0,0,0,0,0,0,0,0,0,0,0,0,0,0,0,0,0,0,0,0,0,0,0,0,0,0,0,0,0,0,0,0,0,0,0,0,0,0,0,0,0,0,0,0,0,0,0,0,0,0,0,0,0,0,0,0,0,0,0,0,0,0,0,0,0,0,0,0,0,0,0,0,0,0.130174636,0.07073377,0.176120268,0.118784735,0.168142608,0.109959667,0.173073622,0.04756562,0.018565202,0.024548388,0.176130268,0.118794735,0.176130268,0.118794735,0.176130268,0.118794735,0.176130268,0.118794735,0.176130268,0.118794735,0.176130268,0.118794735,0.176130268,0.118794735,0.176130268,0.118794735,0.176130268,0.118794735,0.176130268,0.118794735,1,1,0,0,0,1,1,1,1,1,1,1,1,1,1,0,2,14
15,0,0,1,0,0,0,0,0,0,0,0,0,0,0,0,0,0,0,1,0,0,0,0,0,0,0,0,0,0,0,1,0,0,1,1,0,0,0,0,0,0,0,0,0,0,0,1,1,0,1,0,0,0,0,0,0,0,0,0,0,0,0,1,1,0,0,0,0,0,0,0,0,0,0,0,0,0,0,0,0,0,0,0,0,0,0,0,0,0,0,0,0,0,0,0,0,0,0,0,0,0,0,0,0,0,0,0,0,0,0,0,0,0,0,0,0,0,0,0,0,0,0,0,0,0,0,0,0,0,0,0,0,0,0,0,0,0,0,0,0,0,0,0,0,0,0,0,0,0,0,0,0,0,0,0,0,0,0,0,0,0,0,0,0,0,0,0,0,0,0,0,0,0,0,0,0,0,0,0,0,0,0,0,0,0,0,0,0,0,0,0,0,0,0,0,0,0,0,0,0,0,0,0,0,0,0,0,0,0,0,0,0,0,0,0,0,0,0,0,0,0,0,0,0,0,0.308822321,0.530668211,0.289492169,0.49431254,0.292854963,0.496482957,0.249743952,0.528238927,0.096220012,0.584328626,0.289502169,0.49432254,0.289502169,0.49432254,0.289502169,0.49432254,0.289502169,0.49432254,0.289502169,0.49432254,0.289502169,0.49432254,0.289502169,0.49432254,0.289502169,0.49432254,0.289502169,0.49432254,0.289502169,0.49432254,1,1,0,0,0,1,1,1,1,1,1,1,1,1,1,0,2,14
15,0,0,1,0,0,0,0,0,0,0,0,0,0,0,0,0,0,0,1,0,0,0,0,0,0,0,0,0,0,0,1,0,0,1,1,0,0,0,0,0,0,0,0,0,0,0,1,1,0,1,0,0,0,0,0,0,0,0,0,0,0,0,1,1,0,0,0,0,0,0,0,0,0,0,0,0,0,0,0,0,0,0,0,0,0,0,0,0,0,0,0,0,0,0,0,0,0,0,0,0,0,0,0,0,0,0,0,0,0,0,0,0,0,0,0,0,0,0,0,0,0,0,0,0,0,0,0,0,0,0,0,0,0,0,0,0,0,0,0,0,0,0,0,0,0,0,0,0,0,0,0,0,0,0,0,0,0,0,0,0,0,0,0,0,0,0,0,0,0,0,0,0,0,0,0,0,0,0,0,0,0,0,0,0,0,0,0,0,0,0,0,0,0,0,0,0,0,0,0,0,0,0,0,0,0,0,0,0,0,0,0,0,0,0,0,0,0,0,0,0,0,0,0,0,0,0.09632146,0.033476686,0.143852735,0.091174588,0.135675038,0.07115608,0.141686128,0.015352505,0.021061172,0.025465096,0.143862735,0.091184588,0.143862735,0.091184588,0.143862735,0.091184588,0.143862735,0.091184588,0.143862735,0.091184588,0.143862735,0.091184588,0.143862735,0.091184588,0.143862735,0.091184588,0.143862735,0.091184588,0.143862735,0.091184588,1,1,0,0,0,1,1,1,1,1,1,1,1,1,1,0,2,14
15,0,0,1,0,0,0,0,0,0,0,0,0,0,0,0,0,0,0,1,0,0,0,0,0,0,0,0,0,0,0,1,0,0,1,1,0,0,0,0,0,0,0,0,0,0,0,1,1,0,1,0,0,0,0,0,0,0,0,0,0,0,0,1,1,0,0,0,0,0,0,0,0,0,0,0,0,0,0,0,0,0,0,0,0,0,0,0,0,0,0,0,0,0,0,0,0,0,0,0,0,0,0,0,0,0,0,0,0,0,0,0,0,0,0,0,0,0,0,0,0,0,0,0,0,0,0,0,0,0,0,0,0,0,0,0,0,0,0,0,0,0,0,0,0,0,0,0,0,0,0,0,0,0,0,0,0,0,0,0,0,0,0,0,0,0,0,0,0,0,0,0,0,0,0,0,0,0,0,0,0,0,0,0,0,0,0,0,0,0,0,0,0,0,0,0,0,0,0,0,0,0,0,0,0,0,0,0,0,0,0,0,0,0,0,0,0,0,0,0,0,0,0,0,0,0,0.125515516,0.035307791,0.182062279,0.102316029,0.130627031,0.025411529,0.142887523,0.024624069,0.002051498,0.075933561,0.182072279,0.102326029,0.182072279,0.102326029,0.182072279,0.102326029,0.182072279,0.102326029,0.182072279,0.102326029,0.182072279,0.102326029,0.182072279,0.102326029,0.182072279,0.102326029,0.182072279,0.102326029,0.182072279,0.102326029,1,1,0,0,0,1,1,1,1,1,1,1,1,1,1,0,2,14
15,0,0,1,0,0,0,0,0,0,0,0,0,0,0,0,0,0,0,1,0,0,0,0,0,0,0,0,0,0,0,1,0,0,1,1,0,0,0,0,0,0,0,0,0,0,0,1,1,0,1,0,0,0,0,0,0,0,0,0,0,0,0,1,1,0,0,0,0,0,0,0,0,0,0,0,0,0,0,0,0,0,0,0,0,0,0,0,0,0,0,0,0,0,0,0,0,0,0,0,0,0,0,0,0,0,0,0,0,0,0,0,0,0,0,0,0,0,0,0,0,0,0,0,0,0,0,0,0,0,0,0,0,0,0,0,0,0,0,0,0,0,0,0,0,0,0,0,0,0,0,0,0,0,0,0,0,0,0,0,0,0,0,0,0,0,0,0,0,0,0,0,0,0,0,0,0,0,0,0,0,0,0,0,0,0,0,0,0,0,0,0,0,0,0,0,0,0,0,0,0,0,0,0,0,0,0,0,0,0,0,0,0,0,0,0,0,0,0,0,0,0,0,0,0,0,0.129779725,0.070099574,0.176276092,0.118543197,0.168294423,0.109837105,0.173073622,0.048405817,0.030535578,0.045531467,0.176286092,0.118553197,0.176286092,0.118553197,0.176286092,0.118553197,0.176286092,0.118553197,0.176286092,0.118553197,0.176286092,0.118553197,0.176286092,0.118553197,0.176286092,0.118553197,0.176286092,0.118553197,0.176286092,0.118553197,1,1,0,0,0,1,1,1,1,1,1,1,1,1,1,0,2,14
15,0,0,1,0,0,0,0,0,0,0,0,0,0,0,0,0,0,0,1,0,0,0,0,0,0,0,0,0,0,0,1,0,0,1,1,0,0,0,0,0,0,0,0,0,0,0,1,1,0,1,0,0,0,0,0,0,0,0,0,0,0,0,1,1,0,0,0,0,0,0,0,0,0,0,0,0,0,0,0,0,0,0,0,0,0,0,0,0,0,0,0,0,0,0,0,0,0,0,0,0,0,0,0,0,0,0,0,0,0,0,0,0,0,0,0,0,0,0,0,0,0,0,0,0,0,0,0,0,0,0,0,0,0,0,0,0,0,0,0,0,0,0,0,0,0,0,0,0,0,0,0,0,0,0,0,0,0,0,0,0,0,0,0,0,0,0,0,0,0,0,0,0,0,0,0,0,0,0,0,0,0,0,0,0,0,0,0,0,0,0,0,0,0,0,0,0,0,0,0,0,0,0,0,0,0,0,0,0,0,0,0,0,0,0,0,0,0,0,0,0,0,0,0,0,0,0.12662334,0.109520866,0.139638346,0.092265263,0.131936573,0.103824425,0.132272798,0.112789414,0.035780979,0.004063315,0.139648346,0.092275263,0.139648346,0.092275263,0.139648346,0.092275263,0.139648346,0.092275263,0.139648346,0.092275263,0.139648346,0.092275263,0.139648346,0.092275263,0.139648346,0.092275263,0.139648346,0.092275263,0.139648346,0.092275263,1,1,0,0,0,1,1,1,1,1,1,1,1,1,1,0,2,14
15,0,0,1,0,0,0,0,0,0,0,0,0,0,0,0,0,0,0,1,0,0,0,0,0,0,0,0,0,0,0,1,0,0,1,1,0,0,0,0,0,0,0,0,0,0,0,1,1,0,1,0,0,0,0,0,0,0,0,0,0,0,0,1,1,0,0,0,0,0,0,0,0,0,0,0,0,0,0,0,0,0,0,0,0,0,0,0,0,0,0,0,0,0,0,0,0,0,0,0,0,0,0,0,0,0,0,0,0,0,0,0,0,0,0,0,0,0,0,0,0,0,0,0,0,0,0,0,0,0,0,0,0,0,0,0,0,0,0,0,0,0,0,0,0,0,0,0,0,0,0,0,0,0,0,0,0,0,0,0,0,0,0,0,0,0,0,0,0,0,0,0,0,0,0,0,0,0,0,0,0,0,0,0,0,0,0,0,0,0,0,0,0,0,0,0,0,0,0,0,0,0,0,0,0,0,0,0,0,0,0,0,0,0,0,0,0,0,0,0,0,0,0,0,0,0,0.129779725,0.070099574,0.176276092,0.125461381,0.168142608,0.109959667,0.173073622,0.049129946,0.018568025,0.04681847,0.176286092,0.125471381,0.176286092,0.125471381,0.176286092,0.125471381,0.176286092,0.125471381,0.176286092,0.125471381,0.176286092,0.125471381,0.176286092,0.125471381,0.176286092,0.125471381,0.176286092,0.125471381,0.176286092,0.125471381,1,1,0,0,0,1,1,1,1,1,1,1,1,1,1,0,2,14
15,0,0,1,0,0,0,0,0,0,0,0,0,0,0,0,0,0,0,1,0,0,0,0,0,0,0,0,0,0,0,1,0,0,1,1,0,0,0,0,0,0,0,0,0,0,0,1,1,0,1,0,0,0,0,0,0,0,0,0,0,0,0,1,1,0,0,0,0,0,0,0,0,0,0,0,0,0,0,0,0,0,0,0,0,0,0,0,0,0,0,0,0,0,0,0,0,0,0,0,0,0,0,0,0,0,0,0,0,0,0,0,0,0,0,0,0,0,0,0,0,0,0,0,0,0,0,0,0,0,0,0,0,0,0,0,0,0,0,0,0,0,0,0,0,0,0,0,0,0,0,0,0,0,0,0,0,0,0,0,0,0,0,0,0,0,0,0,0,0,0,0,0,0,0,0,0,0,0,0,0,0,0,0,0,0,0,0,0,0,0,0,0,0,0,0,0,0,0,0,0,0,0,0,0,0,0,0,0,0,0,0,0,0,0,0,0,0,0,0,0,0,0,0,0,0,0.130589237,0.114506405,0.143304638,0.107274103,0.139409686,0.108216403,0.141820303,0.093970986,0.046695622,0.22870758,0.143314638,0.107284103,0.143314638,0.107284103,0.143314638,0.107284103,0.143314638,0.107284103,0.143314638,0.107284103,0.143314638,0.107284103,0.143314638,0.107284103,0.143314638,0.107284103,0.143314638,0.107284103,0.143314638,0.107284103,1,1,0,0,0,1,1,1,1,1,1,1,1,1,1,0,2,14
15,0,0,1,0,0,0,0,0,0,0,0,0,0,0,0,0,0,0,1,0,0,0,0,0,0,0,0,0,0,0,1,0,0,1,1,0,0,0,0,0,0,0,0,0,0,0,1,1,0,1,0,0,0,0,0,0,0,0,0,0,0,0,1,1,0,0,0,0,0,0,0,0,0,0,0,0,0,0,0,0,0,0,0,0,0,0,0,0,0,0,0,0,0,0,0,0,0,0,0,0,0,0,0,0,0,0,0,0,0,0,0,0,0,0,0,0,0,0,0,0,0,0,0,0,0,0,0,0,0,0,0,0,0,0,0,0,0,0,0,0,0,0,0,0,0,0,0,0,0,0,0,0,0,0,0,0,0,0,0,0,0,0,0,0,0,0,0,0,0,0,0,0,0,0,0,0,0,0,0,0,0,0,0,0,0,0,0,0,0,0,0,0,0,0,0,0,0,0,0,0,0,0,0,0,0,0,0,0,0,0,0,0,0,0,0,0,0,0,0,0,0,0,0,0,0,0.308822321,0.530668211,0.289492169,0.49431254,0.292854963,0.4961937,0.249743952,0.564795763,0.099665398,0.584328626,0.289502169,0.49432254,0.289502169,0.49432254,0.289502169,0.49432254,0.289502169,0.49432254,0.289502169,0.49432254,0.289502169,0.49432254,0.289502169,0.49432254,0.289502169,0.49432254,0.289502169,0.49432254,0.289502169,0.49432254,1,1,0,0,0,1,1,1,1,1,1,1,1,1,1,0,2,14
15,0,0,1,0,0,0,0,0,0,0,0,0,0,0,0,0,0,0,1,0,0,0,0,0,0,0,0,0,0,0,1,0,0,1,1,0,0,0,0,0,0,0,0,0,0,0,1,1,0,1,0,0,0,0,0,0,0,0,0,0,0,0,1,1,0,0,0,0,0,0,0,0,0,0,0,0,0,0,0,0,0,0,0,0,0,0,0,0,0,0,0,0,0,0,0,0,0,0,0,0,0,0,0,0,0,0,0,0,0,0,0,0,0,0,0,0,0,0,0,0,0,0,0,0,0,0,0,0,0,0,0,0,0,0,0,0,0,0,0,0,0,0,0,0,0,0,0,0,0,0,0,0,0,0,0,0,0,0,0,0,0,0,0,0,0,0,0,0,0,0,0,0,0,0,0,0,0,0,0,0,0,0,0,0,0,0,0,0,0,0,0,0,0,0,0,0,0,0,0,0,0,0,0,0,0,0,0,0,0,0,0,0,0,0,0,0,0,0,0,0,0,0,0,0,0,0.129779725,0.070099574,0.17592068,0.118506312,0.167547102,0.109959667,0.173073622,0.048405817,0.031335177,0.04681847,0.17593068,0.118516312,0.17593068,0.118516312,0.17593068,0.118516312,0.17593068,0.118516312,0.17593068,0.118516312,0.17593068,0.118516312,0.17593068,0.118516312,0.17593068,0.118516312,0.17593068,0.118516312,0.17593068,0.118516312,1,1,0,0,0,1,1,1,1,1,1,1,1,1,1,0,2,14
15,0,0,1,0,0,0,0,0,0,0,0,0,0,0,0,0,0,0,1,0,0,0,0,0,0,0,0,0,0,0,1,0,0,1,1,0,0,0,0,0,0,0,0,0,0,0,1,1,0,1,0,0,0,0,0,0,0,0,0,0,0,0,1,1,0,0,0,0,0,0,0,0,0,0,0,0,0,0,0,0,0,0,0,0,0,0,0,0,0,0,0,0,0,0,0,0,0,0,0,0,0,0,0,0,0,0,0,0,0,0,0,0,0,0,0,0,0,0,0,0,0,0,0,0,0,0,0,0,0,0,0,0,0,0,0,0,0,0,0,0,0,0,0,0,0,0,0,0,0,0,0,0,0,0,0,0,0,0,0,0,0,0,0,0,0,0,0,0,0,0,0,0,0,0,0,0,0,0,0,0,0,0,0,0,0,0,0,0,0,0,0,0,0,0,0,0,0,0,0,0,0,0,0,0,0,0,0,0,0,0,0,0,0,0,0,0,0,0,0,0,0,0,0,0,0,0.130044312,0.035480943,0.144595366,0.089583608,0.136455383,0.079913763,0.144246381,0.031114327,0.019915599,0.049770938,0.144605366,0.089593608,0.144605366,0.089593608,0.144605366,0.089593608,0.144605366,0.089593608,0.144605366,0.089593608,0.144605366,0.089593608,0.144605366,0.089593608,0.144605366,0.089593608,0.144605366,0.089593608,0.144605366,0.089593608,1,1,0,0,0,1,1,1,1,1,1,1,1,1,1,0,2,14
15,0,0,1,0,0,0,0,0,0,0,0,0,0,0,0,0,0,0,1,0,0,0,0,0,0,0,0,0,0,0,1,0,0,1,1,0,0,0,0,0,0,0,0,0,0,0,1,1,0,1,0,0,0,0,0,0,0,0,0,0,0,0,1,1,0,0,0,0,0,0,0,0,0,0,0,0,0,0,0,0,0,0,0,0,0,0,0,0,0,0,0,0,0,0,0,0,0,0,0,0,0,0,0,0,0,0,0,0,0,0,0,0,0,0,0,0,0,0,0,0,0,0,0,0,0,0,0,0,0,0,0,0,0,0,0,0,0,0,0,0,0,0,0,0,0,0,0,0,0,0,0,0,0,0,0,0,0,0,0,0,0,0,0,0,0,0,0,0,0,0,0,0,0,0,0,0,0,0,0,0,0,0,0,0,0,0,0,0,0,0,0,0,0,0,0,0,0,0,0,0,0,0,0,0,0,0,0,0,0,0,0,0,0,0,0,0,0,0,0,0,0,0,0,0,0,0.13028642,0.033798454,0.140945798,0.092052771,0.131933582,0.081028388,0.132854429,0.023546756,0.034387977,0.006349539,0.140955798,0.092062771,0.140955798,0.092062771,0.140955798,0.092062771,0.140955798,0.092062771,0.140955798,0.092062771,0.140955798,0.092062771,0.140955798,0.092062771,0.140955798,0.092062771,0.140955798,0.092062771,0.140955798,0.092062771,1,1,0,0,0,1,1,1,1,1,1,1,1,1,1,0,2,14
15,0,0,1,0,0,0,0,0,0,0,0,0,0,0,0,0,0,0,1,0,0,0,0,0,0,0,0,0,0,0,1,0,0,1,1,0,0,0,0,0,0,0,0,0,0,0,1,1,0,1,0,0,0,0,0,0,0,0,0,0,0,0,1,1,0,0,0,0,0,0,0,0,0,0,0,0,0,0,0,0,0,0,0,0,0,0,0,0,0,0,0,0,0,0,0,0,0,0,0,0,0,0,0,0,0,0,0,0,0,0,0,0,0,0,0,0,0,0,0,0,0,0,0,0,0,0,0,0,0,0,0,0,0,0,0,0,0,0,0,0,0,0,0,0,0,0,0,0,0,0,0,0,0,0,0,0,0,0,0,0,0,0,0,0,0,0,0,0,0,0,0,0,0,0,0,0,0,0,0,0,0,0,0,0,0,0,0,0,0,0,0,0,0,0,0,0,0,0,0,0,0,0,0,0,0,0,0,0,0,0,0,0,0,0,0,0,0,0,0,0,0,0,0,0,0,0.133854893,0.03280567,0.168379768,0.090448423,0.110630313,0.079542819,0.139770222,0.031114327,0.00123574,0.003447804,0.168389768,0.090458423,0.168389768,0.090458423,0.168389768,0.090458423,0.168389768,0.090458423,0.168389768,0.090458423,0.168389768,0.090458423,0.168389768,0.090458423,0.168389768,0.090458423,0.168389768,0.090458423,0.168389768,0.090458423,1,1,0,0,0,1,1,1,1,1,1,1,1,1,1,0,2,14
15,0,0,1,0,0,0,0,0,0,0,0,0,0,0,0,0,0,0,1,0,0,0,0,0,0,0,0,0,0,0,1,0,0,1,1,0,0,0,0,0,0,0,0,0,0,0,1,1,0,1,0,0,0,0,0,0,0,0,0,0,0,0,1,1,0,0,0,0,0,0,0,0,0,0,0,0,0,0,0,0,0,0,0,0,0,0,0,0,0,0,0,0,0,0,0,0,0,0,0,0,0,0,0,0,0,0,0,0,0,0,0,0,0,0,0,0,0,0,0,0,0,0,0,0,0,0,0,0,0,0,0,0,0,0,0,0,0,0,0,0,0,0,0,0,0,0,0,0,0,0,0,0,0,0,0,0,0,0,0,0,0,0,0,0,0,0,0,0,0,0,0,0,0,0,0,0,0,0,0,0,0,0,0,0,0,0,0,0,0,0,0,0,0,0,0,0,0,0,0,0,0,0,0,0,0,0,0,0,0,0,0,0,0,0,0,0,0,0,0,0,0,0,0,0,0,0.12511483,0.035307791,0.183684746,0.102316029,0.130627031,0.025411529,0.142887523,0.022043101,0.001588267,0.027026402,0.183694746,0.102326029,0.183694746,0.102326029,0.183694746,0.102326029,0.183694746,0.102326029,0.183694746,0.102326029,0.183694746,0.102326029,0.183694746,0.102326029,0.183694746,0.102326029,0.183694746,0.102326029,0.183694746,0.102326029,1,1,0,0,0,1,1,1,1,1,1,1,1,1,1,0,2,14
15,0,0,1,0,0,0,0,0,0,0,0,0,0,0,0,0,0,0,1,0,0,0,0,0,0,0,0,0,0,0,1,0,0,1,1,0,0,0,0,0,0,0,0,0,0,0,1,1,0,1,0,0,0,0,0,0,0,0,0,0,0,0,1,1,0,0,0,0,0,0,0,0,0,0,0,0,0,0,0,0,0,0,0,0,0,0,0,0,0,0,0,0,0,0,0,0,0,0,0,0,0,0,0,0,0,0,0,0,0,0,0,0,0,0,0,0,0,0,0,0,0,0,0,0,0,0,0,0,0,0,0,0,0,0,0,0,0,0,0,0,0,0,0,0,0,0,0,0,0,0,0,0,0,0,0,0,0,0,0,0,0,0,0,0,0,0,0,0,0,0,0,0,0,0,0,0,0,0,0,0,0,0,0,0,0,0,0,0,0,0,0,0,0,0,0,0,0,0,0,0,0,0,0,0,0,0,0,0,0,0,0,0,0,0,0,0,0,0,0,0,0,0,0,0,0,0.126587634,0.033523804,0.139638346,0.092265263,0.131936573,0.07886766,0.143223646,0.023364847,0.033484309,0.024538998,0.139648346,0.092275263,0.139648346,0.092275263,0.139648346,0.092275263,0.139648346,0.092275263,0.139648346,0.092275263,0.139648346,0.092275263,0.139648346,0.092275263,0.139648346,0.092275263,0.139648346,0.092275263,0.139648346,0.092275263,1,1,0,0,0,1,1,1,1,1,1,1,1,1,1,0,2,14
15,0,0,1,0,0,0,0,0,0,0,0,0,0,0,0,0,0,0,1,0,0,0,0,0,0,0,0,0,0,0,1,0,0,1,1,0,0,0,0,0,0,0,0,0,0,0,1,1,0,1,0,0,0,0,0,0,0,0,0,0,0,0,1,1,0,0,0,0,0,0,0,0,0,0,0,0,0,0,0,0,0,0,0,0,0,0,0,0,0,0,0,0,0,0,0,0,0,0,0,0,0,0,0,0,0,0,0,0,0,0,0,0,0,0,0,0,0,0,0,0,0,0,0,0,0,0,0,0,0,0,0,0,0,0,0,0,0,0,0,0,0,0,0,0,0,0,0,0,0,0,0,0,0,0,0,0,0,0,0,0,0,0,0,0,0,0,0,0,0,0,0,0,0,0,0,0,0,0,0,0,0,0,0,0,0,0,0,0,0,0,0,0,0,0,0,0,0,0,0,0,0,0,0,0,0,0,0,0,0,0,0,0,0,0,0,0,0,0,0,0,0,0,0,0,0,0.12577695,0.062561471,0.143105995,0.105853619,0.091127684,0.091922366,0.128875308,0.057606897,0.007667728,0.002873122,0.143115995,0.105863619,0.143115995,0.105863619,0.143115995,0.105863619,0.143115995,0.105863619,0.143115995,0.105863619,0.143115995,0.105863619,0.143115995,0.105863619,0.143115995,0.105863619,0.143115995,0.105863619,0.143115995,0.105863619,1,1,0,0,0,1,1,1,1,1,1,1,1,1,1,0,2,14
15,0,0,1,0,0,0,0,0,0,0,0,0,0,0,0,0,0,0,1,0,0,0,0,0,0,0,0,0,0,0,1,0,0,1,1,0,0,0,0,0,0,0,0,0,0,0,1,1,0,1,0,0,0,0,0,0,0,0,0,0,0,0,1,1,0,0,0,0,0,0,0,0,0,0,0,0,0,0,0,0,0,0,0,0,0,0,0,0,0,0,0,0,0,0,0,0,0,0,0,0,0,0,0,0,0,0,0,0,0,0,0,0,0,0,0,0,0,0,0,0,0,0,0,0,0,0,0,0,0,0,0,0,0,0,0,0,0,0,0,0,0,0,0,0,0,0,0,0,0,0,0,0,0,0,0,0,0,0,0,0,0,0,0,0,0,0,0,0,0,0,0,0,0,0,0,0,0,0,0,0,0,0,0,0,0,0,0,0,0,0,0,0,0,0,0,0,0,0,0,0,0,0,0,0,0,0,0,0,0,0,0,0,0,0,0,0,0,0,0,0,0,0,0,0,0,0.130027898,0.034613229,0.143304638,0.079022533,0.139868443,0.079249692,0.141319366,0.024080108,0.088042647,0.002107886,0.143314638,0.079032533,0.143314638,0.079032533,0.143314638,0.079032533,0.143314638,0.079032533,0.143314638,0.079032533,0.143314638,0.079032533,0.143314638,0.079032533,0.143314638,0.079032533,0.143314638,0.079032533,0.143314638,0.079032533,1,1,0,0,0,1,1,1,1,1,1,1,1,1,1,0,2,14
15,0,0,1,0,0,0,0,0,0,0,0,0,0,0,0,0,0,0,1,0,0,0,0,0,0,0,0,0,0,0,1,0,0,1,1,0,0,0,0,0,0,0,0,0,0,0,1,1,0,1,0,0,0,0,0,0,0,0,0,0,0,0,1,1,0,0,0,0,0,0,0,0,0,0,0,0,0,0,0,0,0,0,0,0,0,0,0,0,0,0,0,0,0,0,0,0,0,0,0,0,0,0,0,0,0,0,0,0,0,0,0,0,0,0,0,0,0,0,0,0,0,0,0,0,0,0,0,0,0,0,0,0,0,0,0,0,0,0,0,0,0,0,0,0,0,0,0,0,0,0,0,0,0,0,0,0,0,0,0,0,0,0,0,0,0,0,0,0,0,0,0,0,0,0,0,0,0,0,0,0,0,0,0,0,0,0,0,0,0,0,0,0,0,0,0,0,0,0,0,0,0,0,0,0,0,0,0,0,0,0,0,0,0,0,0,0,0,0,0,0,0,0,0,0,0,0.131903863,0.034364484,0.149303574,0.109578726,0.132365045,0.092567016,0.137550078,0.031275372,0.007730387,0.047473838,0.149313574,0.109588726,0.149313574,0.109588726,0.149313574,0.109588726,0.149313574,0.109588726,0.149313574,0.109588726,0.149313574,0.109588726,0.149313574,0.109588726,0.149313574,0.109588726,0.149313574,0.109588726,0.149313574,0.109588726,1,1,0,0,0,1,1,1,1,1,1,1,1,1,1,0,2,14
15,0,0,1,0,0,0,0,0,0,0,0,0,0,0,0,0,0,0,1,0,0,0,0,0,0,0,0,0,0,0,1,0,0,1,1,0,0,0,0,0,0,0,0,0,0,0,1,1,0,1,0,0,0,0,0,0,0,0,0,0,0,0,1,1,0,0,0,0,0,0,0,0,0,0,0,0,0,0,0,0,0,0,0,0,0,0,0,0,0,0,0,0,0,0,0,0,0,0,0,0,0,0,0,0,0,0,0,0,0,0,0,0,0,0,0,0,0,0,0,0,0,0,0,0,0,0,0,0,0,0,0,0,0,0,0,0,0,0,0,0,0,0,0,0,0,0,0,0,0,0,0,0,0,0,0,0,0,0,0,0,0,0,0,0,0,0,0,0,0,0,0,0,0,0,0,0,0,0,0,0,0,0,0,0,0,0,0,0,0,0,0,0,0,0,0,0,0,0,0,0,0,0,0,0,0,0,0,0,0,0,0,0,0,0,0,0,0,0,0,0,0,0,0,0,0,0.12881622,0.039685329,0.144690489,0.118017914,0.135594511,0.087408507,0.131425387,0.038474082,0.00350735,0.053794613,0.144700489,0.118027914,0.144700489,0.118027914,0.144700489,0.118027914,0.144700489,0.118027914,0.144700489,0.118027914,0.144700489,0.118027914,0.144700489,0.118027914,0.144700489,0.118027914,0.144700489,0.118027914,0.144700489,0.118027914,1,1,0,0,0,1,1,1,1,1,1,1,1,1,1,0,2,14
15,0,0,1,0,0,0,0,0,0,0,0,0,0,0,0,0,0,0,1,0,0,0,0,0,0,0,0,0,0,0,1,0,0,1,1,0,0,0,0,0,0,0,0,0,0,0,1,1,0,1,0,0,0,0,0,0,0,0,0,0,0,0,1,1,0,0,0,0,0,0,0,0,0,0,0,0,0,0,0,0,0,0,0,0,0,0,0,0,0,0,0,0,0,0,0,0,0,0,0,0,0,0,0,0,0,0,0,0,0,0,0,0,0,0,0,0,0,0,0,0,0,0,0,0,0,0,0,0,0,0,0,0,0,0,0,0,0,0,0,0,0,0,0,0,0,0,0,0,0,0,0,0,0,0,0,0,0,0,0,0,0,0,0,0,0,0,0,0,0,0,0,0,0,0,0,0,0,0,0,0,0,0,0,0,0,0,0,0,0,0,0,0,0,0,0,0,0,0,0,0,0,0,0,0,0,0,0,0,0,0,0,0,0,0,0,0,0,0,0,0,0,0,0,0,0,0.130044312,0.035480943,0.14105647,0.089583608,0.138912542,0.079913763,0.144246381,0.031114327,0.019915599,0.031243523,0.14106647,0.089593608,0.14106647,0.089593608,0.14106647,0.089593608,0.14106647,0.089593608,0.14106647,0.089593608,0.14106647,0.089593608,0.14106647,0.089593608,0.14106647,0.089593608,0.14106647,0.089593608,0.14106647,0.089593608,1,1,0,0,0,1,1,1,1,1,1,1,1,1,1,0,2,14
15,0,0,1,0,0,0,0,0,0,0,0,0,0,0,0,0,0,0,1,0,0,0,0,0,0,0,0,0,0,0,1,0,0,1,1,0,0,0,0,0,0,0,0,0,0,0,1,1,0,1,0,0,0,0,0,0,0,0,0,0,0,0,1,1,0,0,0,0,0,0,0,0,0,0,0,0,0,0,0,0,0,0,0,0,0,0,0,0,0,0,0,0,0,0,0,0,0,0,0,0,0,0,0,0,0,0,0,0,0,0,0,0,0,0,0,0,0,0,0,0,0,0,0,0,0,0,0,0,0,0,0,0,0,0,0,0,0,0,0,0,0,0,0,0,0,0,0,0,0,0,0,0,0,0,0,0,0,0,0,0,0,0,0,0,0,0,0,0,0,0,0,0,0,0,0,0,0,0,0,0,0,0,0,0,0,0,0,0,0,0,0,0,0,0,0,0,0,0,0,0,0,0,0,0,0,0,0,0,0,0,0,0,0,0,0,0,0,0,0,0,0,0,0,0,0,0.128484489,0.02857781,0.142094551,0.09878493,0.139020423,0.078803624,0.138101599,0.019270283,0.000280716,0.041783183,0.142104551,0.09879493,0.142104551,0.09879493,0.142104551,0.09879493,0.142104551,0.09879493,0.142104551,0.09879493,0.142104551,0.09879493,0.142104551,0.09879493,0.142104551,0.09879493,0.142104551,0.09879493,0.142104551,0.09879493,1,1,0,0,0,1,1,1,1,1,1,1,1,1,1,0,2,14
15,0,0,1,0,0,0,0,0,0,0,0,0,0,0,0,0,0,0,1,0,0,0,0,0,0,0,0,0,0,0,1,0,0,1,1,0,0,0,0,0,0,0,0,0,0,0,1,1,0,1,0,0,0,0,0,0,0,0,0,0,0,0,1,1,0,0,0,0,0,0,0,0,0,0,0,0,0,0,0,0,0,0,0,0,0,0,0,0,0,0,0,0,0,0,0,0,0,0,0,0,0,0,0,0,0,0,0,0,0,0,0,0,0,0,0,0,0,0,0,0,0,0,0,0,0,0,0,0,0,0,0,0,0,0,0,0,0,0,0,0,0,0,0,0,0,0,0,0,0,0,0,0,0,0,0,0,0,0,0,0,0,0,0,0,0,0,0,0,0,0,0,0,0,0,0,0,0,0,0,0,0,0,0,0,0,0,0,0,0,0,0,0,0,0,0,0,0,0,0,0,0,0,0,0,0,0,0,0,0,0,0,0,0,0,0,0,0,0,0,0,0,0,0,0,0,0.131895699,0.03439696,0.156300541,0.109252637,0.138793312,0.092587107,0.137323218,0.031245516,0.007535467,0.045399047,0.156310541,0.109262637,0.156310541,0.109262637,0.156310541,0.109262637,0.156310541,0.109262637,0.156310541,0.109262637,0.156310541,0.109262637,0.156310541,0.109262637,0.156310541,0.109262637,0.156310541,0.109262637,0.156310541,0.109262637,1,1,0,0,0,1,1,1,1,1,1,1,1,1,1,0,2,14
15,0,0,1,0,0,0,0,0,0,0,0,0,0,0,0,0,0,0,1,0,0,0,0,0,0,0,0,0,0,0,1,0,0,1,1,0,0,0,0,0,0,0,0,0,0,0,1,1,0,1,0,0,0,0,0,0,0,0,0,0,0,0,1,1,0,0,0,0,0,0,0,0,0,0,0,0,0,0,0,0,0,0,0,0,0,0,0,0,0,0,0,0,0,0,0,0,0,0,0,0,0,0,0,0,0,0,0,0,0,0,0,0,0,0,0,0,0,0,0,0,0,0,0,0,0,0,0,0,0,0,0,0,0,0,0,0,0,0,0,0,0,0,0,0,0,0,0,0,0,0,0,0,0,0,0,0,0,0,0,0,0,0,0,0,0,0,0,0,0,0,0,0,0,0,0,0,0,0,0,0,0,0,0,0,0,0,0,0,0,0,0,0,0,0,0,0,0,0,0,0,0,0,0,0,0,0,0,0,0,0,0,0,0,0,0,0,0,0,0,0,0,0,0,0,0,0.158818487,0.150643863,0.176853776,0.225628613,0.153858383,0.225250495,0.159505987,0.099181779,0.212633323,0.046176927,0.176863776,0.225638613,0.176863776,0.225638613,0.176863776,0.225638613,0.176863776,0.225638613,0.176863776,0.225638613,0.176863776,0.225638613,0.176863776,0.225638613,0.176863776,0.225638613,0.176863776,0.225638613,0.176863776,0.225638613,1,1,0,0,0,1,1,1,1,1,1,1,1,1,1,0,2,14
15,0,0,1,0,0,0,0,0,0,0,0,0,0,0,0,0,0,0,1,0,0,0,0,0,0,0,0,0,0,0,1,0,0,1,0,0,0,1,0,1,0,0,0,0,0,0,1,1,0,0,1,1,1,1,0,1,0,0,0,0,0,0,0,0,0,1,0,0,1,0,0,0,0,0,0,0,0,0,1,1,0,0,1,1,1,0,1,0,0,0,0,0,0,1,0,0,0,0,0,1,0,0,0,0,0,0,0,1,1,0,1,0,0,0,0,1,1,0,0,0,0,0,0,1,1,1,0,0,0,0,0,0,0,0,0,0,0,1,0,0,1,1,0,0,0,0,0,0,0,0,0,0,0,1,0,0,0,1,0,0,0,0,0,0,0,0,0,0,0,0,1,0,1,0,0,0,0,0,0,0,0,0,0,0,0,0,0,0,0,0,0,0,0,0,0,0,0,0,0,0,0,0,0,0,0,0,0,0,0,0,0,0,0,0,0,0,0,0,0,0,0,0,0,0,0,0.82572912,0.850336082,0.577483412,0.629214569,0.985440222,0.767606095,0.660795607,0.809626221,0.946994068,0.99719638,0.859481889,0.950118732,0.937479035,0.706446535,0.905864483,0.990930037,0.641198828,0.93440685,0.999646033,0.980065063,0.70176545,0.896922268,0.713585826,0.904731683,0.577493412,0.629224569,0.577493412,0.629224569,0.577493412,0.629224569,1,1,0,0,0,0,0,0,0,0,0,0,1,1,1,0,2,14
15,0,0,1,0,0,0,0,0,0,0,0,0,0,0,0,0,0,0,1,0,0,0,0,0,0,0,0,0,0,0,1,0,0,1,0,0,0,1,0,1,0,0,0,0,0,0,1,1,0,0,1,1,1,1,0,1,0,0,0,0,0,0,0,0,0,1,0,0,1,0,0,0,0,0,0,0,0,0,1,1,0,0,1,1,1,0,1,0,0,0,0,0,0,1,0,0,0,0,0,1,0,0,0,0,0,0,0,1,1,0,1,0,0,0,0,1,1,0,0,0,0,0,0,1,1,1,0,0,0,0,0,0,0,0,0,0,0,1,0,0,1,1,0,0,0,0,0,0,0,0,0,0,0,1,0,0,0,1,0,0,0,0,0,0,0,0,0,0,0,0,1,0,1,0,0,0,0,0,0,0,0,0,0,0,0,0,0,0,0,0,0,0,0,0,0,0,0,0,0,0,0,0,0,0,0,0,0,0,0,0,0,0,0,0,0,0,0,0,0,0,0,0,0,0,0,0.82572912,0.85135903,0.577483412,0.629214569,0.986059584,0.767606095,0.660795607,0.809626221,0.946994068,0.992046412,0.859481889,0.950118732,0.937479035,0.706446535,0.895707001,0.990930037,0.641198828,0.935594885,0.999646033,0.980065063,0.808138166,0.90321551,0.713126778,0.904731683,0.577493412,0.629224569,0.577493412,0.629224569,0.577493412,0.629224569,1,1,0,0,0,0,0,0,0,0,0,0,1,1,1,0,2,14
15,0,0,1,0,0,0,0,0,0,0,0,0,0,0,0,0,0,0,1,0,0,0,0,0,0,0,0,0,0,0,1,0,0,1,0,0,0,1,0,1,0,0,0,0,0,0,1,1,0,0,1,1,1,1,0,1,0,0,0,0,0,0,0,0,0,1,0,0,1,0,0,0,0,0,0,0,0,0,1,1,0,0,1,1,1,0,1,0,0,0,0,0,0,1,0,0,0,0,0,1,0,0,0,0,0,0,0,1,1,0,1,0,0,0,0,1,1,0,0,0,0,0,0,1,1,1,0,0,0,0,0,0,0,0,0,0,0,1,0,0,1,1,0,0,0,0,0,0,0,0,0,0,0,1,0,0,0,1,0,0,0,0,0,0,0,0,0,0,0,0,1,0,1,0,0,0,0,0,0,0,0,0,0,0,0,0,0,0,0,0,0,0,0,0,0,0,0,0,0,0,0,0,0,0,0,0,0,0,0,0,0,0,0,0,0,0,0,0,0,0,0,0,0,0,0,0.912720047,0.921148247,0.909980059,0.827270369,0.990506749,0.871204684,0.893203283,0.95461893,0.920469728,0.991030773,0.9156183,0.937742584,0.941832298,0.98492437,0.934195491,0.955754275,0.922637835,0.957223923,0.997221761,0.982146535,0.833473409,0.976921817,0.900105206,0.966330918,0.909990059,0.827280369,0.909990059,0.827280369,0.909990059,0.827280369,1,1,0,0,0,0,0,0,0,0,0,0,1,1,1,0,2,13
15,0,0,1,0,0,0,0,0,0,0,0,0,0,0,0,0,0,0,1,0,0,0,0,0,0,0,0,0,0,0,1,0,0,1,0,0,0,1,0,1,0,0,0,0,0,0,1,1,0,0,1,1,1,1,0,1,0,0,0,0,0,0,0,0,0,1,0,0,1,0,0,0,0,0,0,0,0,0,1,1,0,0,1,1,1,0,1,0,0,0,0,0,0,1,0,0,0,0,0,1,0,0,0,0,0,0,0,1,1,0,1,0,0,0,0,1,1,0,0,0,0,0,0,1,1,1,0,0,0,0,0,0,0,0,0,0,0,1,0,0,1,1,0,0,0,0,0,0,0,0,0,0,0,1,0,0,0,1,0,0,0,0,0,0,0,0,0,0,0,0,1,0,1,0,0,0,0,0,0,0,0,0,0,0,0,0,0,0,0,0,0,0,0,0,0,0,0,0,0,0,0,0,0,0,0,0,0,0,0,0,0,0,0,0,0,0,0,0,0,0,0,0,0,0,0,0.7152231,0.824584037,0.706862151,0.524948315,0.875847568,0.789184003,0.681974972,0.796062152,0.688757672,0.710395139,0.632559985,0.820510563,0.651475054,0.734339187,0.733083751,0.849122801,0.643566769,0.803693163,0.760598969,0.712005047,0.755880444,0.842056369,0.681615104,0.842548584,0.706872151,0.524958315,0.706872151,0.524958315,0.706872151,0.524958315,1,1,0,0,0,0,0,0,0,0,0,0,1,1,1,0,2,12
15,0,0,1,0,0,0,0,0,0,0,0,0,0,0,0,0,0,0,1,0,0,0,0,0,0,0,0,0,0,0,1,0,0,1,0,0,0,1,0,1,0,0,0,0,0,0,1,1,0,0,1,1,1,1,0,1,0,0,0,0,0,0,0,0,0,1,0,0,1,0,0,0,0,0,0,0,0,0,1,1,0,0,1,1,1,0,1,0,0,0,0,0,0,1,0,0,0,0,0,1,0,0,0,0,0,0,0,1,1,0,1,0,0,0,0,1,1,0,0,0,0,0,0,1,1,1,0,0,0,0,0,0,0,0,0,0,0,1,0,0,1,1,0,0,0,0,0,0,0,0,0,0,0,1,0,0,0,1,0,0,0,0,0,0,0,0,0,0,0,0,1,0,1,0,0,0,0,0,0,0,0,0,0,0,0,0,0,0,0,0,0,0,0,0,0,0,0,0,0,0,0,0,0,0,0,0,0,0,0,0,0,0,0,0,0,0,0,0,0,0,0,0,0,0,0,0.762612825,0.83389364,0.906240696,0.892732915,0.89747854,0.846843698,0.693898775,0.835277563,0.689333577,0.784664406,0.703133177,0.831124013,0.705303736,0.817707561,0.715886652,0.828311823,0.673493222,0.827829126,0.663564127,0.762613166,0.760640605,0.894126107,0.683036392,0.882027874,0.906250696,0.892742915,0.906250696,0.892742915,0.906250696,0.892742915,1,1,0,0,0,0,0,0,0,0,0,0,1,1,1,0,2,14
15,0,0,1,0,0,0,0,0,0,0,0,0,0,0,0,0,0,0,1,0,0,0,0,0,0,0,0,0,0,0,1,0,0,1,0,0,0,1,0,1,0,0,0,0,0,0,1,1,0,0,1,1,1,1,0,1,0,0,0,0,0,0,0,0,0,1,0,0,1,0,0,0,0,0,0,0,0,0,1,1,0,0,1,1,1,0,1,0,0,0,0,0,0,1,0,0,0,0,0,1,0,0,0,0,0,0,0,1,1,0,1,0,0,0,0,1,1,0,0,0,0,0,0,1,1,1,0,0,0,0,0,0,0,0,0,0,0,1,0,0,1,1,0,0,0,0,0,0,0,0,0,0,0,1,0,0,0,1,0,0,0,0,0,0,0,0,0,0,0,0,1,0,1,0,0,0,0,0,0,0,0,0,0,0,0,0,0,0,0,0,0,0,0,0,0,0,0,0,0,0,0,0,0,0,0,0,0,0,0,0,0,0,0,0,0,0,0,0,0,0,0,0,0,0,0,0.827008559,0.836261364,0.577483412,0.612146311,0.985440222,0.75414446,0.660795607,0.794163895,0.682389775,0.994287439,0.729922253,0.856244209,0.938386574,0.704833984,0.723892912,0.857062883,0.658399061,0.933675252,0.99029212,0.817653819,0.693945421,0.828710209,0.71273267,0.888029952,0.577493412,0.612156311,0.577493412,0.612156311,0.577493412,0.612156311,1,1,0,0,0,0,0,0,0,0,0,0,1,1,1,0,2,14
15,0,0,1,0,0,0,0,0,0,0,0,0,0,0,0,0,0,0,1,0,0,0,0,0,0,0,0,0,0,0,1,0,0,1,0,0,0,1,0,1,0,0,0,0,0,0,1,1,0,0,1,1,1,1,0,1,0,0,0,0,0,0,0,0,0,1,0,0,1,0,0,0,0,0,0,0,0,0,1,1,0,0,1,1,1,0,1,0,0,0,0,0,0,1,0,0,0,0,0,1,0,0,0,0,0,0,0,1,1,0,1,0,0,0,0,1,1,0,0,0,0,0,0,1,1,1,0,0,0,0,0,0,0,0,0,0,0,1,0,0,1,1,0,0,0,0,0,0,0,0,0,0,0,1,0,0,0,1,0,0,0,0,0,0,0,0,0,0,0,0,1,0,1,0,0,0,0,0,0,0,0,0,0,0,0,0,0,0,0,0,0,0,0,0,0,0,0,0,0,0,0,0,0,0,0,0,0,0,0,0,0,0,0,0,0,0,0,0,0,0,0,0,0,0,0,0.976954551,0.923591727,0.920219262,0.850721486,0.926781349,0.859762546,0.943627078,0.982520264,0.939611853,0.998157775,0.935215872,0.988721967,0.932590592,0.99014339,0.947169702,0.995400409,0.924468669,0.991502645,0.950313163,0.987626114,0.968913213,0.97412452,0.997759049,0.993320509,0.920229262,0.850731486,0.920229262,0.850731486,0.920229262,0.850731486,1,1,0,0,0,0,0,0,0,0,0,0,1,1,1,0,2,14
15,0,0,1,0,0,0,0,0,0,0,0,0,0,0,0,0,0,0,1,0,0,0,0,0,0,0,0,0,0,0,1,0,0,1,0,0,0,1,0,1,0,0,0,0,0,0,1,1,0,0,1,1,1,1,0,1,0,0,0,0,0,0,0,0,0,1,0,0,1,0,0,0,0,0,0,0,0,0,1,1,0,0,1,1,1,0,1,0,0,0,0,0,0,1,0,0,0,0,0,1,0,0,0,0,0,0,0,1,1,0,1,0,0,0,0,1,1,0,0,0,0,0,0,1,1,1,0,0,0,0,0,0,0,0,0,0,0,1,0,0,1,1,0,0,0,0,0,0,0,0,0,0,0,1,0,0,0,1,0,0,0,0,0,0,0,0,0,0,0,0,1,0,1,0,0,0,0,0,0,0,0,0,0,0,0,0,0,0,0,0,0,0,0,0,0,0,0,0,0,0,0,0,0,0,0,0,0,0,0,0,0,0,0,0,0,0,0,0,0,0,0,0,0,0,0,0.760717341,0.836540739,0.902875433,0.898926361,0.894498942,0.822282364,0.703729496,0.847487061,0.735419402,0.857439297,0.708504153,0.821209585,0.705356873,0.817702308,0.713889158,0.844248822,0.720424858,0.825118907,0.687744681,0.763169928,0.686458649,0.894354477,0.685197415,0.835690307,0.902885433,0.898936361,0.902885433,0.898936361,0.902885433,0.898936361,1,1,0,0,0,0,0,0,0,0,0,0,1,1,1,0,2,13
15,0,0,1,0,0,0,0,0,0,0,0,0,0,0,0,0,0,0,1,0,0,0,0,0,0,0,0,0,0,0,1,0,0,1,0,0,0,1,0,1,0,0,0,0,0,0,1,1,0,0,1,1,1,1,0,1,0,0,0,0,0,0,0,0,0,1,0,0,1,0,0,0,0,0,0,0,0,0,1,1,0,0,1,1,1,0,1,0,0,0,0,0,0,1,0,0,0,0,0,1,0,0,0,0,0,0,0,1,1,0,1,0,0,0,0,1,1,0,0,0,0,0,0,1,1,1,0,0,0,0,0,0,0,0,0,0,0,1,0,0,1,1,0,0,0,0,0,0,0,0,0,0,0,1,0,0,0,1,0,0,0,0,0,0,0,0,0,0,0,0,1,0,1,0,0,0,0,0,0,0,0,0,0,0,0,0,0,0,0,0,0,0,0,0,0,0,0,0,0,0,0,0,0,0,0,0,0,0,0,0,0,0,0,0,0,0,0,0,0,0,0,0,0,0,0,0.912616554,0.933835026,0.912830067,0.819958099,0.921750768,0.838311982,0.905820694,0.96687168,0.86177149,0.997317516,0.902763993,0.956980537,0.935656421,0.973396742,0.893396128,0.970563996,0.886168806,0.978481629,0.951442258,0.98136018,0.88592995,0.975239902,0.932058539,0.957681377,0.912840067,0.819968099,0.912840067,0.819968099,0.912840067,0.819968099,1,1,0,0,0,0,0,0,0,0,0,0,1,1,1,0,2,10
15,0,0,1,0,0,0,0,0,0,0,0,0,0,0,0,0,0,0,1,0,0,0,0,0,0,0,0,0,0,0,1,0,0,1,0,0,0,1,0,1,0,0,0,0,0,0,1,1,0,0,1,1,1,1,0,1,0,0,0,0,0,0,0,0,0,1,0,0,1,0,0,0,0,0,0,0,0,0,1,1,0,0,1,1,1,0,1,0,0,0,0,0,0,1,0,0,0,0,0,1,0,0,0,0,0,0,0,1,1,0,1,0,0,0,0,1,1,0,0,0,0,0,0,1,1,1,0,0,0,0,0,0,0,0,0,0,0,1,0,0,1,1,0,0,0,0,0,0,0,0,0,0,0,1,0,0,0,1,0,0,0,0,0,0,0,0,0,0,0,0,1,0,1,0,0,0,0,0,0,0,0,0,0,0,0,0,0,0,0,0,0,0,0,0,0,0,0,0,0,0,0,0,0,0,0,0,0,0,0,0,0,0,0,0,0,0,0,0,0,0,0,0,0,0,0,0.827008559,0.850625906,0.59656708,0.614796942,0.98237012,0.764819842,0.660795607,0.800359402,0.682389775,0.841321625,0.665384179,0.946183456,0.937479035,0.703167142,0.905864483,0.832957856,0.636961369,0.929094099,0.891896876,0.666598038,0.694792289,0.763252713,0.715871916,0.883998854,0.59657708,0.614806942,0.59657708,0.614806942,0.59657708,0.614806942,1,1,0,0,0,0,0,0,0,0,0,0,1,1,1,0,2,14
15,0,0,1,0,0,0,0,0,0,0,0,0,0,0,0,0,0,0,1,0,0,0,0,0,0,0,0,0,0,0,1,0,0,1,0,0,0,1,0,1,0,0,0,0,0,0,1,1,0,0,1,1,1,1,0,1,0,0,0,0,0,0,0,0,0,1,0,0,1,0,0,0,0,0,0,0,0,0,1,1,0,0,1,1,1,0,1,0,0,0,0,0,0,1,0,0,0,0,0,1,0,0,0,0,0,0,0,1,1,0,1,0,0,0,0,1,1,0,0,0,0,0,0,1,1,1,0,0,0,0,0,0,0,0,0,0,0,1,0,0,1,1,0,0,0,0,0,0,0,0,0,0,0,1,0,0,0,1,0,0,0,0,0,0,0,0,0,0,0,0,1,0,1,0,0,0,0,0,0,0,0,0,0,0,0,0,0,0,0,0,0,0,0,0,0,0,0,0,0,0,0,0,0,0,0,0,0,0,0,0,0,0,0,0,0,0,0,0,0,0,0,0,0,0,0,0.994907146,0.93089228,0.920256064,0.839332114,0.93206235,0.858842068,0.929421054,0.978690109,0.94294663,0.994268463,0.917838732,0.978845391,0.933292486,0.984962134,0.951480823,0.993303399,0.926139503,0.979679832,0.915885425,0.986312933,0.940182635,0.977233163,0.999242918,0.989427141,0.920266064,0.839342114,0.920266064,0.839342114,0.920266064,0.839342114,1,1,0,0,0,0,0,0,0,0,0,0,1,1,1,0,2,14
15,0,0,1,0,0,0,0,0,0,0,0,0,0,0,0,0,0,0,1,0,0,0,0,0,0,0,0,0,0,0,1,0,0,1,0,0,0,1,0,1,0,0,0,0,0,0,1,1,0,0,1,1,1,1,0,1,0,0,0,0,0,0,0,0,0,1,0,0,1,0,0,0,0,0,0,0,0,0,1,1,0,0,1,1,1,0,1,0,0,0,0,0,0,1,0,0,0,0,0,1,0,0,0,0,0,0,0,1,1,0,1,0,0,0,0,1,1,0,0,0,0,0,0,1,1,1,0,0,0,0,0,0,0,0,0,0,0,1,0,0,1,1,0,0,0,0,0,0,0,0,0,0,0,1,0,0,0,1,0,0,0,0,0,0,0,0,0,0,0,0,1,0,1,0,0,0,0,0,0,0,0,0,0,0,0,0,0,0,0,0,0,0,0,0,0,0,0,0,0,0,0,0,0,0,0,0,0,0,0,0,0,0,0,0,0,0,0,0,0,0,0,0,0,0,0,0.987785397,0.934138987,0.90864053,0.877052558,0.924330366,0.87394622,0.943477687,0.992113047,0.927613587,0.997329343,0.960575251,0.995097942,0.959216794,0.978739004,0.953750114,0.993436517,0.91916375,0.980150883,0.961737794,0.988983767,0.945828606,0.977026739,0.996613311,0.984502288,0.90865053,0.877062558,0.90865053,0.877062558,0.90865053,0.877062558,1,1,0,0,0,0,0,0,0,0,0,0,1,1,1,0,2,14
15,0,0,1,0,0,0,0,0,0,0,0,0,0,0,0,0,0,0,1,0,0,0,0,0,0,0,0,0,0,0,1,0,0,1,0,0,0,1,0,1,0,0,0,0,0,0,1,1,0,0,1,1,1,1,0,1,0,0,0,0,0,0,0,0,0,1,0,0,1,0,0,0,0,0,0,0,0,0,1,1,0,0,1,1,1,0,1,0,0,0,0,0,0,1,0,0,0,0,0,1,0,0,0,0,0,0,0,1,1,0,1,0,0,0,0,1,1,0,0,0,0,0,0,1,1,1,0,0,0,0,0,0,0,0,0,0,0,1,0,0,1,1,0,0,0,0,0,0,0,0,0,0,0,1,0,0,0,1,0,0,0,0,0,0,0,0,0,0,0,0,1,0,1,0,0,0,0,0,0,0,0,0,0,0,0,0,0,0,0,0,0,0,0,0,0,0,0,0,0,0,0,0,0,0,0,0,0,0,0,0,0,0,0,0,0,0,0,0,0,0,0,0,0,0,0,0.723143245,0.807902042,0.673489575,0.635988145,0.876474346,0.801297088,0.702843079,0.793390755,0.724135802,0.758133297,0.696623263,0.778409435,0.704708822,0.747738154,0.704431883,0.828928345,0.68016436,0.783207675,0.696027033,0.743507846,0.707933269,0.84853939,0.722809339,0.838872249,0.673499575,0.635998145,0.673499575,0.635998145,0.673499575,0.635998145,1,1,0,0,0,0,0,0,0,0,0,0,1,1,1,0,2,13
15,0,0,1,0,0,0,0,0,0,0,0,0,0,0,0,0,0,0,1,0,0,0,0,0,0,0,0,0,0,0,1,0,0,1,0,0,0,1,0,1,0,0,0,0,0,0,1,1,0,0,1,1,1,1,0,1,0,0,0,0,0,0,0,0,0,1,0,0,1,0,0,0,0,0,0,0,0,0,1,1,0,0,1,1,1,0,1,0,0,0,0,0,0,1,0,0,0,0,0,1,0,0,0,0,0,0,0,1,1,0,1,0,0,0,0,1,1,0,0,0,0,0,0,1,1,1,0,0,0,0,0,0,0,0,0,0,0,1,0,0,1,1,0,0,0,0,0,0,0,0,0,0,0,1,0,0,0,1,0,0,0,0,0,0,0,0,0,0,0,0,1,0,1,0,0,0,0,0,0,0,0,0,0,0,0,0,0,0,0,0,0,0,0,0,0,0,0,0,0,0,0,0,0,0,0,0,0,0,0,0,0,0,0,0,0,0,0,0,0,0,0,0,0,0,0,0.99756241,0.959332585,0.913442969,0.822846707,0.927069587,0.83037306,0.931718195,0.98853356,0.944461619,0.998257627,0.958395951,0.989914268,0.944741818,0.998578751,0.95307212,0.995639019,0.91088319,0.979573015,0.951750739,0.958421571,0.917941198,0.975727469,0.972973303,0.993287608,0.913452969,0.822856707,0.913452969,0.822856707,0.913452969,0.822856707,1,1,0,0,0,0,0,0,0,0,0,0,1,1,1,0,2,14
15,0,0,1,0,0,0,0,0,0,0,0,0,0,0,0,0,0,0,1,0,0,0,0,0,0,0,0,0,0,0,1,0,0,1,0,0,0,1,0,1,0,0,0,0,0,0,1,1,0,0,1,1,1,1,0,1,0,0,0,0,0,0,0,0,0,1,0,0,1,0,0,0,0,0,0,0,0,0,1,1,0,0,1,1,1,0,1,0,0,0,0,0,0,1,0,0,0,0,0,1,0,0,0,0,0,0,0,1,1,0,1,0,0,0,0,1,1,0,0,0,0,0,0,1,1,1,0,0,0,0,0,0,0,0,0,0,0,1,0,0,1,1,0,0,0,0,0,0,0,0,0,0,0,1,0,0,0,1,0,0,0,0,0,0,0,0,0,0,0,0,1,0,1,0,0,0,0,0,0,0,0,0,0,0,0,0,0,0,0,0,0,0,0,0,0,0,0,0,0,0,0,0,0,0,0,0,0,0,0,0,0,0,0,0,0,0,0,0,0,0,0,0,0,0,0,0.990613571,0.92480651,0.916896462,0.819638091,0.926459904,0.821271533,0.969883255,0.96085315,0.939971554,0.99233724,0.971434051,0.979076189,0.939789325,0.990476876,0.95330407,0.955184396,0.923007507,0.987519466,0.97094269,0.959476984,0.969841485,0.991629648,0.944633523,0.957068208,0.916906462,0.819648091,0.916906462,0.819648091,0.916906462,0.819648091,1,1,0,0,0,0,0,0,0,0,0,0,1,1,1,0,2,13
15,0,0,1,0,0,0,0,0,0,0,0,0,0,0,0,0,0,0,1,0,0,0,0,0,0,0,0,0,0,0,1,0,0,1,0,0,0,1,0,1,0,0,0,0,0,0,1,1,0,0,1,1,1,1,0,1,0,0,0,0,0,0,0,0,0,1,0,0,1,0,0,0,0,0,0,0,0,0,1,1,0,0,1,1,1,0,1,0,0,0,0,0,0,1,0,0,0,0,0,1,0,0,0,0,0,0,0,1,1,0,1,0,0,0,0,1,1,0,0,0,0,0,0,1,1,1,0,0,0,0,0,0,0,0,0,0,0,1,0,0,1,1,0,0,0,0,0,0,0,0,0,0,0,1,0,0,0,1,0,0,0,0,0,0,0,0,0,0,0,0,1,0,1,0,0,0,0,0,0,0,0,0,0,0,0,0,0,0,0,0,0,0,0,0,0,0,0,0,0,0,0,0,0,0,0,0,0,0,0,0,0,0,0,0,0,0,0,0,0,0,0,0,0,0,0,0.761582561,0.833818043,0.906489267,0.895211058,0.896241365,0.847434406,0.69444795,0.834940531,0.688864656,0.856669373,0.687892177,0.844226469,0.697581049,0.812624705,0.684450066,0.851103375,0.670254189,0.879983284,0.729962362,0.910499714,0.760640605,0.895352149,0.675955723,0.882306371,0.906499267,0.895221058,0.906499267,0.895221058,0.906499267,0.895221058,1,1,0,0,0,0,0,0,0,0,0,0,1,1,1,0,2,9
15,0,0,1,0,0,0,0,0,0,0,0,0,0,0,0,0,0,0,1,0,0,0,0,0,0,0,0,0,0,0,1,0,0,1,0,0,0,1,0,1,0,0,0,0,0,0,1,1,0,0,1,1,1,1,0,1,0,0,0,0,0,0,0,0,0,1,0,0,1,0,0,0,0,0,0,0,0,0,1,1,0,0,1,1,1,0,1,0,0,0,0,0,0,1,0,0,0,0,0,1,0,0,0,0,0,0,0,1,1,0,1,0,0,0,0,1,1,0,0,0,0,0,0,1,1,1,0,0,0,0,0,0,0,0,0,0,0,1,0,0,1,1,0,0,0,0,0,0,0,0,0,0,0,1,0,0,0,1,0,0,0,0,0,0,0,0,0,0,0,0,1,0,1,0,0,0,0,0,0,0,0,0,0,0,0,0,0,0,0,0,0,0,0,0,0,0,0,0,0,0,0,0,0,0,0,0,0,0,0,0,0,0,0,0,0,0,0,0,0,0,0,0,0,0,0,0.76204793,0.835628699,0.905816972,0.898819486,0.898570379,0.847474208,0.694622566,0.835607645,0.738653356,0.789752814,0.695070658,0.837842235,0.710779747,0.931359725,0.722057808,0.830104856,0.733624132,0.843138743,0.668765351,0.94671393,0.760008648,0.882853942,0.685393402,0.882410286,0.905826972,0.898829486,0.905826972,0.898829486,0.905826972,0.898829486,1,1,0,0,0,0,0,0,0,0,0,0,1,1,1,0,2,14
15,0,0,1,0,0,0,0,0,0,0,0,0,0,0,0,0,0,0,1,0,0,0,0,0,0,0,0,0,0,0,1,0,0,1,0,0,0,1,0,1,0,0,0,0,0,0,1,1,0,0,1,1,1,1,0,1,0,0,0,0,0,0,0,0,0,1,0,0,1,0,0,0,0,0,0,0,0,0,1,1,0,0,1,1,1,0,1,0,0,0,0,0,0,1,0,0,0,0,0,1,0,0,0,0,0,0,0,1,1,0,1,0,0,0,0,1,1,0,0,0,0,0,0,1,1,1,0,0,0,0,0,0,0,0,0,0,0,1,0,0,1,1,0,0,0,0,0,0,0,0,0,0,0,1,0,0,0,1,0,0,0,0,0,0,0,0,0,0,0,0,1,0,1,0,0,0,0,0,0,0,0,0,0,0,0,0,0,0,0,0,0,0,0,0,0,0,0,0,0,0,0,0,0,0,0,0,0,0,0,0,0,0,0,0,0,0,0,0,0,0,0,0,0,0,0,0.745382698,0.832411711,0.913824212,0.894974812,0.896421779,0.81401553,0.694212171,0.844385929,0.637099798,0.871127058,0.704479558,0.839099695,0.692750693,0.824823987,0.714179406,0.829023251,0.729598002,0.881475294,0.699076773,0.808499584,0.760544288,0.87543228,0.682832557,0.882407628,0.913834212,0.894984812,0.913834212,0.894984812,0.913834212,0.894984812,1,1,0,0,0,0,0,0,0,0,0,0,1,1,1,0,2,14
15,0,0,1,0,0,0,0,0,0,0,0,0,0,0,0,0,0,0,1,0,0,0,0,0,0,0,0,0,0,0,1,0,0,1,0,0,0,1,0,1,0,0,0,0,0,0,1,1,0,0,1,1,1,1,0,1,0,0,0,0,0,0,0,0,0,1,0,0,1,0,0,0,0,0,0,0,0,0,1,1,0,0,1,1,1,0,1,0,0,0,0,0,0,1,0,0,0,0,0,1,0,0,0,0,0,0,0,1,1,0,1,0,0,0,0,1,1,0,0,0,0,0,0,1,1,1,0,0,0,0,0,0,0,0,0,0,0,1,0,0,1,1,0,0,0,0,0,0,0,0,0,0,0,1,0,0,0,1,0,0,0,0,0,0,0,0,0,0,0,0,1,0,1,0,0,0,0,0,0,0,0,0,0,0,0,0,0,0,0,0,0,0,0,0,0,0,0,0,0,0,0,0,0,0,0,0,0,0,0,0,0,0,0,0,0,0,0,0,0,0,0,0,0,0,0,0.953803904,0.919834731,0.923545194,0.822809068,0.927022318,0.836179089,0.943627078,0.987416751,0.959880901,0.977293273,0.954793731,0.989656028,0.932720466,0.999845529,0.954337011,0.992392089,0.933582299,0.990937332,0.950266766,0.988518774,0.931728774,0.973761891,0.899251715,0.997817559,0.923555194,0.822819068,0.923555194,0.822819068,0.923555194,0.822819068,1,1,0,0,0,0,0,0,0,0,0,0,1,1,1,0,2,14
15,0,0,1,0,0,0,0,0,0,0,0,0,0,0,0,0,0,0,1,0,0,0,0,0,0,0,0,0,0,0,1,0,0,1,0,0,0,1,0,1,0,0,0,0,0,0,1,1,0,0,1,1,1,1,0,1,0,0,0,0,0,0,0,0,0,1,0,0,1,0,0,0,0,0,0,0,0,0,1,1,0,0,1,1,1,0,1,0,0,0,0,0,0,1,0,0,0,0,0,1,0,0,0,0,0,0,0,1,1,0,1,0,0,0,0,1,1,0,0,0,0,0,0,1,1,1,0,0,0,0,0,0,0,0,0,0,0,1,0,0,1,1,0,0,0,0,0,0,0,0,0,0,0,1,0,0,0,1,0,0,0,0,0,0,0,0,0,0,0,0,1,0,1,0,0,0,0,0,0,0,0,0,0,0,0,0,0,0,0,0,0,0,0,0,0,0,0,0,0,0,0,0,0,0,0,0,0,0,0,0,0,0,0,0,0,0,0,0,0,0,0,0,0,0,0,0.764462719,0.835855435,0.911155281,0.892896944,0.898402657,0.869864779,0.710269527,0.851182583,0.739727868,0.782263574,0.74124341,0.858384122,0.749773998,0.818195594,0.717994239,0.875906405,0.766249591,0.82708689,0.696091735,0.837102646,0.686103097,0.894577488,0.68319461,0.882311192,0.911165281,0.892906944,0.911165281,0.892906944,0.911165281,0.892906944,1,1,0,0,0,0,0,0,0,0,0,0,1,1,1,0,2,14
15,0,0,1,0,0,0,0,0,0,0,0,0,0,0,0,0,0,0,1,0,0,0,0,0,0,0,0,0,0,0,1,0,0,1,0,0,0,1,0,1,0,0,0,0,0,0,1,1,0,0,1,1,1,1,0,1,0,0,0,0,0,0,0,0,0,1,0,0,1,0,0,0,0,0,0,0,0,0,1,1,0,0,1,1,1,0,1,0,0,0,0,0,0,1,0,0,0,0,0,1,0,0,0,0,0,0,0,1,1,0,1,0,0,0,0,1,1,0,0,0,0,0,0,1,1,1,0,0,0,0,0,0,0,0,0,0,0,1,0,0,1,1,0,0,0,0,0,0,0,0,0,0,0,1,0,0,0,1,0,0,0,0,0,0,0,0,0,0,0,0,1,0,1,0,0,0,0,0,0,0,0,0,0,0,0,0,0,0,0,0,0,0,0,0,0,0,0,0,0,0,0,0,0,0,0,0,0,0,0,0,0,0,0,0,0,0,0,0,0,0,0,0,0,0,0,0.990956408,0.934138987,0.90864053,0.877052558,0.927182394,0.87394622,0.943848554,0.992158892,0.939802826,0.998251968,0.960575251,0.991421153,0.958792235,0.997612953,0.953231853,0.994970364,0.918144627,0.980150883,0.961737794,0.989079027,0.945828606,0.977026739,0.996669265,0.998294119,0.90865053,0.877062558,0.90865053,0.877062558,0.90865053,0.877062558,1,1,0,0,0,0,0,0,0,0,0,0,1,1,1,0,2,14
15,0,0,1,0,0,0,0,0,0,0,0,0,0,0,0,0,0,0,1,0,0,0,0,0,0,0,0,0,0,0,1,0,0,1,0,0,0,1,0,1,0,0,0,0,0,0,1,1,0,0,1,1,1,1,0,1,0,0,0,0,0,0,0,0,0,1,0,0,1,0,0,0,0,0,0,0,0,0,1,1,0,0,1,1,1,0,1,0,0,0,0,0,0,1,0,0,0,0,0,1,0,0,0,0,0,0,0,1,1,0,1,0,0,0,0,1,1,0,0,0,0,0,0,1,1,1,0,0,0,0,0,0,0,0,0,0,0,1,0,0,1,1,0,0,0,0,0,0,0,0,0,0,0,1,0,0,0,1,0,0,0,0,0,0,0,0,0,0,0,0,1,0,1,0,0,0,0,0,0,0,0,0,0,0,0,0,0,0,0,0,0,0,0,0,0,0,0,0,0,0,0,0,0,0,0,0,0,0,0,0,0,0,0,0,0,0,0,0,0,0,0,0,0,0,0,0.905049237,0.894979582,0.853933528,0.907287135,0.990353632,0.879532626,0.946344452,0.952071129,0.931257315,0.978693651,0.914378471,0.959900775,0.944848656,0.969066318,0.951232334,0.951586111,0.92661647,0.947070403,0.950633921,0.930557237,0.960588151,0.98115601,0.923423427,0.986952537,0.853943528,0.907297135,0.853943528,0.907297135,0.853943528,0.907297135,1,1,0,0,0,0,0,0,0,0,0,0,1,1,1,0,2,14
15,0,0,1,0,0,0,0,0,0,0,0,0,0,0,0,0,0,0,1,0,0,0,0,0,0,0,0,0,0,0,1,0,0,1,0,0,0,1,0,1,0,0,0,0,0,0,1,1,0,0,1,1,1,1,0,1,0,0,0,0,0,0,0,0,0,1,0,0,1,0,0,0,0,0,0,0,0,0,1,1,0,0,1,1,1,0,1,0,0,0,0,0,0,1,0,0,0,0,0,1,0,0,0,0,0,0,0,1,1,0,1,0,0,0,0,1,1,0,0,0,0,0,0,1,1,1,0,0,0,0,0,0,0,0,0,0,0,1,0,0,1,1,0,0,0,0,0,0,0,0,0,0,0,1,0,0,0,1,0,0,0,0,0,0,0,0,0,0,0,0,1,0,1,0,0,0,0,0,0,0,0,0,0,0,0,0,0,0,0,0,0,0,0,0,0,0,0,0,0,0,0,0,0,0,0,0,0,0,0,0,0,0,0,0,0,0,0,0,0,0,0,0,0,0,0,0.973309271,0.942168172,0.920054573,0.819135925,0.929305236,0.832643171,0.986257566,0.999357559,0.997688326,0.995012515,0.991073382,0.995728948,0.985286635,0.985479037,0.9690858,0.9945571,0.988063522,0.999949182,0.984814425,0.976333995,0.976421806,0.992306839,0.999449196,0.988723003,0.920064573,0.819145925,0.920064573,0.819145925,0.920064573,0.819145925,1,1,0,0,0,0,0,0,0,0,0,0,1,1,1,0,2,14
15,0,0,1,0,0,0,0,0,0,0,0,0,0,0,0,0,0,0,1,0,0,0,0,0,0,0,0,0,0,0,1,0,0,1,0,0,0,1,0,1,0,0,0,0,0,0,1,1,0,0,1,1,1,1,0,1,0,0,0,0,0,0,0,0,0,1,0,0,1,0,0,0,0,0,0,0,0,0,1,1,0,0,1,1,1,0,1,0,0,0,0,0,0,1,0,0,0,0,0,1,0,0,0,0,0,0,0,1,1,0,1,0,0,0,0,1,1,0,0,0,0,0,0,1,1,1,0,0,0,0,0,0,0,0,0,0,0,1,0,0,1,1,0,0,0,0,0,0,0,0,0,0,0,1,0,0,0,1,0,0,0,0,0,0,0,0,0,0,0,0,1,0,1,0,0,0,0,0,0,0,0,0,0,0,0,0,0,0,0,0,0,0,0,0,0,0,0,0,0,0,0,0,0,0,0,0,0,0,0,0,0,0,0,0,0,0,0,0,0,0,0,0,0,0,0,0.980579245,0.975940345,0.990815912,0.826533451,0.942047206,0.839226439,0.986427711,0.995863466,0.986641803,0.996883955,0.975850398,0.98692509,0.97189722,0.995629595,0.987246191,0.993430074,0.968206493,0.999949182,0.986309187,0.981448131,0.975413262,0.988827428,0.994864663,0.985609198,0.990825912,0.826543451,0.990825912,0.826543451,0.990825912,0.826543451,1,1,0,0,0,0,0,0,0,0,0,0,1,1,1,0,2,12
