15,0,0,1,0,0,0,0,0,0,0,0,0,0,0,0,0,0,0,1,0,0,0,0,0,0,0,0,0,0,0,1,0,0,1,0,0,1,1,0,0,0,0,0,0,0,0,1,1,0,1,1,1,1,0,0,0,0,0,0,0,0,0,0,1,0,1,0,0,0,0,0,0,0,0,0,0,0,0,1,1,0,0,1,0,0,0,0,0,0,0,0,0,1,1,0,0,0,0,0,0,0,0,0,0,0,0,0,1,1,0,1,0,0,0,0,0,0,0,0,0,0,0,0,0,0,0,0,0,0,0,0,0,0,0,0,0,0,0,0,0,0,0,0,0,0,0,0,0,0,0,0,0,0,0,0,0,0,0,0,0,0,0,0,0,0,0,0,0,0,0,0,0,0,0,0,0,0,0,0,0,0,0,0,0,0,0,0,0,0,0,0,0,0,0,0,0,0,0,0,0,0,0,0,0,0,0,0,0,0,0,0,0,0,0,0,0,0,0,0,0,0,0,0,0,0,0.72021283,0.813896656,0.891717333,0.670507247,0.77538717,0.678710369,0.834940316,0.853043126,0.885006172,0.847877465,0.942849099,0.851575813,0.831702049,0.736859228,0.950493308,0.753916096,0.72021283,0.813896656,0.72021283,0.813896656,0.72021283,0.813896656,0.72021283,0.813896656,0.72021283,0.813896656,0.72021283,0.813896656,0.72021283,0.813896656,1,1,0,0,0,0,0,0,1,1,1,1,1,1,1,0,2,6
15,0,0,1,0,0,0,0,0,0,0,0,0,0,0,0,0,0,0,1,0,0,0,0,0,0,0,0,0,0,0,1,0,0,1,0,0,1,1,0,0,0,0,0,0,0,0,1,1,0,1,1,1,1,0,0,0,0,0,0,0,0,0,0,1,0,1,0,0,0,0,0,0,0,0,0,0,0,0,1,1,0,0,1,0,0,0,0,0,0,0,0,0,1,1,0,0,0,0,0,0,0,0,0,0,0,0,0,1,1,0,1,0,0,0,0,0,0,0,0,0,0,0,0,0,0,0,0,0,0,0,0,0,0,0,0,0,0,0,0,0,0,0,0,0,0,0,0,0,0,0,0,0,0,0,0,0,0,0,0,0,0,0,0,0,0,0,0,0,0,0,0,0,0,0,0,0,0,0,0,0,0,0,0,0,0,0,0,0,0,0,0,0,0,0,0,0,0,0,0,0,0,0,0,0,0,0,0,0,0,0,0,0,0,0,0,0,0,0,0,0,0,0,0,0,0,0.72021283,0.812454805,0.891792366,0.629402848,0.775322192,0.679507007,0.865025264,0.844529635,0.98395659,0.84745329,0.9481356,0.860255189,0.831672002,0.804346265,0.931005559,0.830996504,0.72021283,0.812454805,0.72021283,0.812454805,0.72021283,0.812454805,0.72021283,0.812454805,0.72021283,0.812454805,0.72021283,0.812454805,0.72021283,0.812454805,1,1,0,0,0,0,0,0,1,1,1,1,1,1,1,0,2,7
15,0,0,1,0,0,0,0,0,0,0,0,0,0,0,0,0,0,0,1,0,0,0,0,0,0,0,0,0,0,0,1,0,0,1,0,0,1,1,0,0,0,0,0,0,0,0,1,1,0,1,1,1,1,0,0,0,0,0,0,0,0,0,0,1,0,1,0,0,0,0,0,0,0,0,0,0,0,0,1,1,0,0,1,0,0,0,0,0,0,0,0,0,1,1,0,0,0,0,0,0,0,0,0,0,0,0,0,1,1,0,1,0,0,0,0,0,0,0,0,0,0,0,0,0,0,0,0,0,0,0,0,0,0,0,0,0,0,0,0,0,0,0,0,0,0,0,0,0,0,0,0,0,0,0,0,0,0,0,0,0,0,0,0,0,0,0,0,0,0,0,0,0,0,0,0,0,0,0,0,0,0,0,0,0,0,0,0,0,0,0,0,0,0,0,0,0,0,0,0,0,0,0,0,0,0,0,0,0,0,0,0,0,0,0,0,0,0,0,0,0,0,0,0,0,0,0.72021283,0.812454805,0.891131156,0.629402848,0.775322192,0.679507007,0.861966034,0.844529635,0.98395659,0.84745329,0.9481356,0.860255189,0.831672002,0.804346265,0.931005559,0.914970908,0.72021283,0.812454805,0.72021283,0.812454805,0.72021283,0.812454805,0.72021283,0.812454805,0.72021283,0.812454805,0.72021283,0.812454805,0.72021283,0.812454805,1,1,0,0,0,0,0,0,1,1,1,1,1,1,1,0,2,7
15,0,0,1,0,0,0,0,0,0,0,0,0,0,0,0,0,0,0,1,0,0,0,0,0,0,0,0,0,0,0,1,0,0,1,0,0,1,1,0,0,0,0,0,0,0,0,1,1,0,1,1,1,1,0,0,0,0,0,0,0,0,0,0,1,0,1,0,0,0,0,0,0,0,0,0,0,0,0,1,1,0,0,1,0,0,0,0,0,0,0,0,0,1,1,0,0,0,0,0,0,0,0,0,0,0,0,0,1,1,0,1,0,0,0,0,0,0,0,0,0,0,0,0,0,0,0,0,0,0,0,0,0,0,0,0,0,0,0,0,0,0,0,0,0,0,0,0,0,0,0,0,0,0,0,0,0,0,0,0,0,0,0,0,0,0,0,0,0,0,0,0,0,0,0,0,0,0,0,0,0,0,0,0,0,0,0,0,0,0,0,0,0,0,0,0,0,0,0,0,0,0,0,0,0,0,0,0,0,0,0,0,0,0,0,0,0,0,0,0,0,0,0,0,0,0,0.855804078,0.8042211,0.968730171,0.682333392,0.922026363,0.687269105,0.905927257,0.8283605,0.99814644,0.854473041,0.950217508,0.84682669,0.960698978,0.814575909,0.9374437,0.832038727,0.855804078,0.8042211,0.855804078,0.8042211,0.855804078,0.8042211,0.855804078,0.8042211,0.855804078,0.8042211,0.855804078,0.8042211,0.855804078,0.8042211,1,1,0,0,0,0,0,0,1,1,1,1,1,1,1,0,2,7
15,0,0,1,0,0,0,0,0,0,0,0,0,0,0,0,0,0,0,1,0,0,0,0,0,0,0,0,0,0,0,1,0,0,1,0,0,1,1,0,0,0,0,0,0,0,0,1,1,0,1,1,1,1,0,0,0,0,0,0,0,0,0,0,1,0,1,0,0,0,0,0,0,0,0,0,0,0,0,1,1,0,0,1,0,0,0,0,0,0,0,0,0,1,1,0,0,0,0,0,0,0,0,0,0,0,0,0,1,1,0,1,0,0,0,0,0,0,0,0,0,0,0,0,0,0,0,0,0,0,0,0,0,0,0,0,0,0,0,0,0,0,0,0,0,0,0,0,0,0,0,0,0,0,0,0,0,0,0,0,0,0,0,0,0,0,0,0,0,0,0,0,0,0,0,0,0,0,0,0,0,0,0,0,0,0,0,0,0,0,0,0,0,0,0,0,0,0,0,0,0,0,0,0,0,0,0,0,0,0,0,0,0,0,0,0,0,0,0,0,0,0,0,0,0,0,0.833153211,0.770123721,0.932668379,0.692691238,0.923247842,0.7022207,0.941002963,0.822306663,0.966059738,0.858363093,0.956595935,0.831712993,0.936069901,0.799618862,0.96006287,0.824912947,0.833153211,0.770123721,0.833153211,0.770123721,0.833153211,0.770123721,0.833153211,0.770123721,0.833153211,0.770123721,0.833153211,0.770123721,0.833153211,0.770123721,1,1,0,0,0,0,0,0,1,1,1,1,1,1,1,0,2,7
15,0,0,1,0,0,0,0,0,0,0,0,0,0,0,0,0,0,0,1,0,0,0,0,0,0,0,0,0,0,0,1,0,0,1,0,0,1,1,0,0,0,0,0,0,0,0,1,1,0,1,1,1,1,0,0,0,0,0,0,0,0,0,0,1,0,1,0,0,0,0,0,0,0,0,0,0,0,0,1,1,0,0,1,0,0,0,0,0,0,0,0,0,1,1,0,0,0,0,0,0,0,0,0,0,0,0,0,1,1,0,1,0,0,0,0,0,0,0,0,0,0,0,0,0,0,0,0,0,0,0,0,0,0,0,0,0,0,0,0,0,0,0,0,0,0,0,0,0,0,0,0,0,0,0,0,0,0,0,0,0,0,0,0,0,0,0,0,0,0,0,0,0,0,0,0,0,0,0,0,0,0,0,0,0,0,0,0,0,0,0,0,0,0,0,0,0,0,0,0,0,0,0,0,0,0,0,0,0,0,0,0,0,0,0,0,0,0,0,0,0,0,0,0,0,0,0.833550732,0.8080077,0.967095741,0.67507048,0.913504053,0.698505319,0.917519815,0.845286515,0.999505467,0.869138305,0.9995787,0.849544411,0.991712173,0.811144272,0.952379371,0.830960746,0.833550732,0.8080077,0.833550732,0.8080077,0.833550732,0.8080077,0.833550732,0.8080077,0.833550732,0.8080077,0.833550732,0.8080077,0.833550732,0.8080077,1,1,0,0,0,0,0,0,1,1,1,1,1,1,1,0,2,7
15,0,0,1,0,0,0,0,0,0,0,0,0,0,0,0,0,0,0,1,0,0,0,0,0,0,0,0,0,0,0,1,0,0,1,0,0,1,1,0,0,0,0,0,0,0,0,1,1,0,1,1,1,1,0,0,0,0,0,0,0,0,0,0,1,0,1,0,0,0,0,0,0,0,0,0,0,0,0,1,1,0,0,1,0,0,0,0,0,0,0,0,0,1,1,0,0,0,0,0,0,0,0,0,0,0,0,0,1,1,0,1,0,0,0,0,0,0,0,0,0,0,0,0,0,0,0,0,0,0,0,0,0,0,0,0,0,0,0,0,0,0,0,0,0,0,0,0,0,0,0,0,0,0,0,0,0,0,0,0,0,0,0,0,0,0,0,0,0,0,0,0,0,0,0,0,0,0,0,0,0,0,0,0,0,0,0,0,0,0,0,0,0,0,0,0,0,0,0,0,0,0,0,0,0,0,0,0,0,0,0,0,0,0,0,0,0,0,0,0,0,0,0,0,0,0,0.837370788,0.793513048,0.967393911,0.671980393,0.916391085,0.683886803,0.883115844,0.82362104,0.937694247,0.849696394,0.989484519,0.848558044,0.887568153,0.801094936,0.964259916,0.804160975,0.837370788,0.793513048,0.837370788,0.793513048,0.837370788,0.793513048,0.837370788,0.793513048,0.837370788,0.793513048,0.837370788,0.793513048,0.837370788,0.793513048,1,1,0,0,0,0,0,0,1,1,1,1,1,1,1,0,2,6
15,0,0,1,0,0,0,0,0,0,0,0,0,0,0,0,0,0,0,1,0,0,0,0,0,0,0,0,0,0,0,1,0,0,1,0,0,1,1,0,0,0,0,0,0,0,0,1,1,0,1,1,1,1,0,0,0,0,0,0,0,0,0,0,1,0,1,0,0,0,0,0,0,0,0,0,0,0,0,1,1,0,0,1,0,0,0,0,0,0,0,0,0,1,1,0,0,0,0,0,0,0,0,0,0,0,0,0,1,1,0,1,0,0,0,0,0,0,0,0,0,0,0,0,0,0,0,0,0,0,0,0,0,0,0,0,0,0,0,0,0,0,0,0,0,0,0,0,0,0,0,0,0,0,0,0,0,0,0,0,0,0,0,0,0,0,0,0,0,0,0,0,0,0,0,0,0,0,0,0,0,0,0,0,0,0,0,0,0,0,0,0,0,0,0,0,0,0,0,0,0,0,0,0,0,0,0,0,0,0,0,0,0,0,0,0,0,0,0,0,0,0,0,0,0,0,0.815395731,0.81545517,0.950811191,0.65332372,0.847386795,0.694111759,0.892003203,0.834174668,0.997931312,0.874135849,0.997072295,0.836893515,0.850404553,0.780626605,0.953719654,0.727303061,0.815395731,0.81545517,0.815395731,0.81545517,0.815395731,0.81545517,0.815395731,0.81545517,0.815395731,0.81545517,0.815395731,0.81545517,0.815395731,0.81545517,1,1,0,0,0,0,0,0,1,1,1,1,1,1,1,0,2,7
15,0,0,1,0,0,0,0,0,0,0,0,0,0,0,0,0,0,0,1,0,0,0,0,0,0,0,0,0,0,0,1,0,0,1,0,0,1,1,0,0,0,0,0,0,0,0,1,1,0,1,1,1,1,0,0,0,0,0,0,0,0,0,0,1,0,1,0,0,0,0,0,0,0,0,0,0,0,0,1,1,0,0,1,0,0,0,0,0,0,0,0,0,1,1,0,0,0,0,0,0,0,0,0,0,0,0,0,1,1,0,1,0,0,0,0,0,0,0,0,0,0,0,0,0,0,0,0,0,0,0,0,0,0,0,0,0,0,0,0,0,0,0,0,0,0,0,0,0,0,0,0,0,0,0,0,0,0,0,0,0,0,0,0,0,0,0,0,0,0,0,0,0,0,0,0,0,0,0,0,0,0,0,0,0,0,0,0,0,0,0,0,0,0,0,0,0,0,0,0,0,0,0,0,0,0,0,0,0,0,0,0,0,0,0,0,0,0,0,0,0,0,0,0,0,0,0.833153211,0.770123721,0.932668379,0.692588575,0.923671813,0.7022207,0.941895674,0.822306663,0.966059738,0.858363093,0.956859416,0.831712993,0.936069901,0.799212116,0.96006287,0.824912947,0.833153211,0.770123721,0.833153211,0.770123721,0.833153211,0.770123721,0.833153211,0.770123721,0.833153211,0.770123721,0.833153211,0.770123721,0.833153211,0.770123721,1,1,0,0,0,0,0,0,1,1,1,1,1,1,1,0,2,7
15,0,0,1,0,0,0,0,0,0,0,0,0,0,0,0,0,0,0,1,0,0,0,0,0,0,0,0,0,0,0,1,0,0,1,0,0,1,1,0,0,0,0,0,0,0,0,1,1,0,1,1,1,1,0,0,0,0,0,0,0,0,0,0,1,0,1,0,0,0,0,0,0,0,0,0,0,0,0,1,1,0,0,1,0,0,0,0,0,0,0,0,0,1,1,0,0,0,0,0,0,0,0,0,0,0,0,0,1,1,0,1,0,0,0,0,0,0,0,0,0,0,0,0,0,0,0,0,0,0,0,0,0,0,0,0,0,0,0,0,0,0,0,0,0,0,0,0,0,0,0,0,0,0,0,0,0,0,0,0,0,0,0,0,0,0,0,0,0,0,0,0,0,0,0,0,0,0,0,0,0,0,0,0,0,0,0,0,0,0,0,0,0,0,0,0,0,0,0,0,0,0,0,0,0,0,0,0,0,0,0,0,0,0,0,0,0,0,0,0,0,0,0,0,0,0,0.913096212,0.769282148,0.915183595,0.697080294,0.901421021,0.700085111,0.922164119,0.824156704,0.969737181,0.846940622,0.947719286,0.842490308,0.948997217,0.782507509,0.957037671,0.842030189,0.913096212,0.769282148,0.913096212,0.769282148,0.913096212,0.769282148,0.913096212,0.769282148,0.913096212,0.769282148,0.913096212,0.769282148,0.913096212,0.769282148,1,1,0,0,0,0,0,0,1,1,1,1,1,1,1,0,2,6
15,0,0,1,0,0,0,0,0,0,0,0,0,0,0,0,0,0,0,1,0,0,0,0,0,0,0,0,0,0,0,1,0,0,1,0,0,1,1,0,0,0,0,0,0,0,0,1,1,0,1,1,1,1,0,0,0,0,0,0,0,0,0,0,1,0,1,0,0,0,0,0,0,0,0,0,0,0,0,1,1,0,0,1,0,0,0,0,0,0,0,0,0,1,1,0,0,0,0,0,0,0,0,0,0,0,0,0,1,1,0,1,0,0,0,0,0,0,0,0,0,0,0,0,0,0,0,0,0,0,0,0,0,0,0,0,0,0,0,0,0,0,0,0,0,0,0,0,0,0,0,0,0,0,0,0,0,0,0,0,0,0,0,0,0,0,0,0,0,0,0,0,0,0,0,0,0,0,0,0,0,0,0,0,0,0,0,0,0,0,0,0,0,0,0,0,0,0,0,0,0,0,0,0,0,0,0,0,0,0,0,0,0,0,0,0,0,0,0,0,0,0,0,0,0,0,0.923034596,0.788513151,0.932707022,0.694306451,0.921431728,0.697899329,0.931171461,0.824017153,0.978754671,0.843856019,0.957390074,0.84875297,0.914341336,0.757278849,0.929192665,0.842791305,0.923034596,0.788513151,0.923034596,0.788513151,0.923034596,0.788513151,0.923034596,0.788513151,0.923034596,0.788513151,0.923034596,0.788513151,0.923034596,0.788513151,1,1,0,0,0,0,0,0,1,1,1,1,1,1,1,0,2,6
15,0,0,1,0,0,0,0,0,0,0,0,0,0,0,0,0,0,0,1,0,0,0,0,0,0,0,0,0,0,0,1,0,0,1,0,0,1,1,0,0,0,0,0,0,0,0,1,1,0,1,1,1,1,0,0,0,0,0,0,0,0,0,0,1,0,1,0,0,0,0,0,0,0,0,0,0,0,0,1,1,0,0,1,0,0,0,0,0,0,0,0,0,1,1,0,0,0,0,0,0,0,0,0,0,0,0,0,1,1,0,1,0,0,0,0,0,0,0,0,0,0,0,0,0,0,0,0,0,0,0,0,0,0,0,0,0,0,0,0,0,0,0,0,0,0,0,0,0,0,0,0,0,0,0,0,0,0,0,0,0,0,0,0,0,0,0,0,0,0,0,0,0,0,0,0,0,0,0,0,0,0,0,0,0,0,0,0,0,0,0,0,0,0,0,0,0,0,0,0,0,0,0,0,0,0,0,0,0,0,0,0,0,0,0,0,0,0,0,0,0,0,0,0,0,0,0.912280684,0.769091016,0.915183595,0.697080294,0.901421021,0.700085111,0.922040343,0.824156704,0.984164411,0.846996174,0.957986796,0.842490308,0.948997217,0.810149533,0.955448017,0.866163014,0.912280684,0.769091016,0.912280684,0.769091016,0.912280684,0.769091016,0.912280684,0.769091016,0.912280684,0.769091016,0.912280684,0.769091016,0.912280684,0.769091016,1,1,0,0,0,0,0,0,1,1,1,1,1,1,1,0,2,6
15,0,0,1,0,0,0,0,0,0,0,0,0,0,0,0,0,0,0,1,0,0,0,0,0,0,0,0,0,0,0,1,0,0,1,0,0,1,1,0,0,0,0,0,0,0,0,1,1,0,1,1,1,1,0,0,0,0,0,0,0,0,0,0,1,0,1,0,0,0,0,0,0,0,0,0,0,0,0,1,1,0,0,1,0,0,0,0,0,0,0,0,0,1,1,0,0,0,0,0,0,0,0,0,0,0,0,0,1,1,0,1,0,0,0,0,0,0,0,0,0,0,0,0,0,0,0,0,0,0,0,0,0,0,0,0,0,0,0,0,0,0,0,0,0,0,0,0,0,0,0,0,0,0,0,0,0,0,0,0,0,0,0,0,0,0,0,0,0,0,0,0,0,0,0,0,0,0,0,0,0,0,0,0,0,0,0,0,0,0,0,0,0,0,0,0,0,0,0,0,0,0,0,0,0,0,0,0,0,0,0,0,0,0,0,0,0,0,0,0,0,0,0,0,0,0,0.847476173,0.785809434,0.956607397,0.692730488,0.920166157,0.695995205,0.887310207,0.813333688,0.996754726,0.839366631,0.993385457,0.848980809,0.920418797,0.734333807,0.937708934,0.721517759,0.847476173,0.785809434,0.847476173,0.785809434,0.847476173,0.785809434,0.847476173,0.785809434,0.847476173,0.785809434,0.847476173,0.785809434,0.847476173,0.785809434,1,1,0,0,0,0,0,0,1,1,1,1,1,1,1,0,2,7
15,0,0,1,0,0,0,0,0,0,0,0,0,0,0,0,0,0,0,1,0,0,0,0,0,0,0,0,0,0,0,1,0,0,1,0,0,1,1,0,0,0,0,0,0,0,0,1,1,0,1,1,1,1,0,0,0,0,0,0,0,0,0,0,1,0,1,0,0,0,0,0,0,0,0,0,0,0,0,1,1,0,0,1,0,0,0,0,0,0,0,0,0,1,1,0,0,0,0,0,0,0,0,0,0,0,0,0,1,1,0,1,0,0,0,0,0,0,0,0,0,0,0,0,0,0,0,0,0,0,0,0,0,0,0,0,0,0,0,0,0,0,0,0,0,0,0,0,0,0,0,0,0,0,0,0,0,0,0,0,0,0,0,0,0,0,0,0,0,0,0,0,0,0,0,0,0,0,0,0,0,0,0,0,0,0,0,0,0,0,0,0,0,0,0,0,0,0,0,0,0,0,0,0,0,0,0,0,0,0,0,0,0,0,0,0,0,0,0,0,0,0,0,0,0,0,0.82834755,0.813427287,0.941748478,0.682922353,0.901315897,0.716104463,0.908220712,0.845342741,0.97182358,0.852766896,0.986041954,0.866862362,0.912265578,0.771679214,0.920605651,0.836593122,0.82834755,0.813427287,0.82834755,0.813427287,0.82834755,0.813427287,0.82834755,0.813427287,0.82834755,0.813427287,0.82834755,0.813427287,0.82834755,0.813427287,1,1,0,0,0,0,0,0,1,1,1,1,1,1,1,0,2,6
15,0,0,1,0,0,0,0,0,0,0,0,0,0,0,0,0,0,0,1,0,0,0,0,0,0,0,0,0,0,0,1,0,0,1,0,0,1,1,0,0,0,0,0,0,0,0,1,1,0,1,1,1,1,0,0,0,0,0,0,0,0,0,0,1,0,1,0,0,0,0,0,0,0,0,0,0,0,0,1,1,0,0,1,0,0,0,0,0,0,0,0,0,1,1,0,0,0,0,0,0,0,0,0,0,0,0,0,1,1,0,1,0,0,0,0,0,0,0,0,0,0,0,0,0,0,0,0,0,0,0,0,0,0,0,0,0,0,0,0,0,0,0,0,0,0,0,0,0,0,0,0,0,0,0,0,0,0,0,0,0,0,0,0,0,0,0,0,0,0,0,0,0,0,0,0,0,0,0,0,0,0,0,0,0,0,0,0,0,0,0,0,0,0,0,0,0,0,0,0,0,0,0,0,0,0,0,0,0,0,0,0,0,0,0,0,0,0,0,0,0,0,0,0,0,0,0.818234642,0.788000227,0.966223057,0.671242802,0.902359145,0.67450266,0.879614929,0.827441264,0.97732681,0.849162311,0.952707644,0.828427206,0.97994607,0.754914164,0.90593498,0.82573334,0.818234642,0.788000227,0.818234642,0.788000227,0.818234642,0.788000227,0.818234642,0.788000227,0.818234642,0.788000227,0.818234642,0.788000227,0.818234642,0.788000227,1,1,0,0,0,0,0,0,1,1,1,1,1,1,1,0,2,7
15,0,0,1,0,0,0,0,0,0,0,0,0,0,0,0,0,0,0,1,0,0,0,0,0,0,0,0,0,0,0,1,0,0,1,0,0,1,1,0,0,0,0,0,0,0,0,1,1,0,1,1,1,1,0,0,0,0,0,0,0,0,0,0,1,0,1,0,0,0,0,0,0,0,0,0,0,0,0,1,1,0,0,1,0,0,0,0,0,0,0,0,0,1,1,0,0,0,0,0,0,0,0,0,0,0,0,0,1,1,0,1,0,0,0,0,0,0,0,0,0,0,0,0,0,0,0,0,0,0,0,0,0,0,0,0,0,0,0,0,0,0,0,0,0,0,0,0,0,0,0,0,0,0,0,0,0,0,0,0,0,0,0,0,0,0,0,0,0,0,0,0,0,0,0,0,0,0,0,0,0,0,0,0,0,0,0,0,0,0,0,0,0,0,0,0,0,0,0,0,0,0,0,0,0,0,0,0,0,0,0,0,0,0,0,0,0,0,0,0,0,0,0,0,0,0,0.815395731,0.815006798,0.948339617,0.65343686,0.847386795,0.685153553,0.888762997,0.834050002,0.997508421,0.865018813,0.913802401,0.837386306,0.850404553,0.781242279,0.910275669,0.727303061,0.815395731,0.815006798,0.815395731,0.815006798,0.815395731,0.815006798,0.815395731,0.815006798,0.815395731,0.815006798,0.815395731,0.815006798,0.815395731,0.815006798,1,1,0,0,0,0,0,0,1,1,1,1,1,1,1,0,2,7
15,0,0,1,0,0,0,0,0,0,0,0,0,0,0,0,0,0,0,1,0,0,0,0,0,0,0,0,0,0,0,1,0,0,1,0,0,1,1,0,0,0,0,0,0,0,0,1,1,0,1,1,1,1,0,0,0,0,0,0,0,0,0,0,1,0,1,0,0,0,0,0,0,0,0,0,0,0,0,1,1,0,0,1,0,0,0,0,0,0,0,0,0,1,1,0,0,0,0,0,0,0,0,0,0,0,0,0,1,1,0,1,0,0,0,0,0,0,0,0,0,0,0,0,0,0,0,0,0,0,0,0,0,0,0,0,0,0,0,0,0,0,0,0,0,0,0,0,0,0,0,0,0,0,0,0,0,0,0,0,0,0,0,0,0,0,0,0,0,0,0,0,0,0,0,0,0,0,0,0,0,0,0,0,0,0,0,0,0,0,0,0,0,0,0,0,0,0,0,0,0,0,0,0,0,0,0,0,0,0,0,0,0,0,0,0,0,0,0,0,0,0,0,0,0,0,0.829504605,0.807656348,0.961108643,0.677902255,0.914972401,0.697241993,0.903056446,0.846638232,0.983153735,0.872780859,0.932326543,0.855473028,0.929851122,0.712184254,0.938511068,0.826115612,0.829504605,0.807656348,0.829504605,0.807656348,0.829504605,0.807656348,0.829504605,0.807656348,0.829504605,0.807656348,0.829504605,0.807656348,0.829504605,0.807656348,1,1,0,0,0,0,0,0,1,1,1,1,1,1,1,0,2,7
15,0,0,1,0,0,0,0,0,0,0,0,0,0,0,0,0,0,0,1,0,0,0,0,0,0,0,0,0,0,0,1,0,0,1,0,0,1,1,0,0,0,0,0,0,0,0,1,1,0,1,1,1,1,0,0,0,0,0,0,0,0,0,0,1,0,1,0,0,0,0,0,0,0,0,0,0,0,0,1,1,0,0,1,0,0,0,0,0,0,0,0,0,1,1,0,0,0,0,0,0,0,0,0,0,0,0,0,1,1,0,1,0,0,0,0,0,0,0,0,0,0,0,0,0,0,0,0,0,0,0,0,0,0,0,0,0,0,0,0,0,0,0,0,0,0,0,0,0,0,0,0,0,0,0,0,0,0,0,0,0,0,0,0,0,0,0,0,0,0,0,0,0,0,0,0,0,0,0,0,0,0,0,0,0,0,0,0,0,0,0,0,0,0,0,0,0,0,0,0,0,0,0,0,0,0,0,0,0,0,0,0,0,0,0,0,0,0,0,0,0,0,0,0,0,0,0.855642254,0.804223372,0.968730171,0.679536382,0.913948504,0.687294795,0.905927257,0.828123957,0.994206851,0.854473041,0.948136669,0.83660768,0.940676069,0.776580628,0.9374437,0.826248326,0.855642254,0.804223372,0.855642254,0.804223372,0.855642254,0.804223372,0.855642254,0.804223372,0.855642254,0.804223372,0.855642254,0.804223372,0.855642254,0.804223372,1,1,0,0,0,0,0,0,1,1,1,1,1,1,1,0,2,7
15,0,0,1,0,0,0,0,0,0,0,0,0,0,0,0,0,0,0,1,0,0,0,0,0,0,0,0,0,0,0,1,0,0,1,0,0,1,1,0,0,0,0,0,0,0,0,1,1,0,1,1,1,1,0,0,0,0,0,0,0,0,0,0,1,0,1,0,0,0,0,0,0,0,0,0,0,0,0,1,1,0,0,1,0,0,0,0,0,0,0,0,0,1,1,0,0,0,0,0,0,0,0,0,0,0,0,0,1,1,0,1,0,0,0,0,0,0,0,0,0,0,0,0,0,0,0,0,0,0,0,0,0,0,0,0,0,0,0,0,0,0,0,0,0,0,0,0,0,0,0,0,0,0,0,0,0,0,0,0,0,0,0,0,0,0,0,0,0,0,0,0,0,0,0,0,0,0,0,0,0,0,0,0,0,0,0,0,0,0,0,0,0,0,0,0,0,0,0,0,0,0,0,0,0,0,0,0,0,0,0,0,0,0,0,0,0,0,0,0,0,0,0,0,0,0,0.947382062,0.788016043,0.94399409,0.691479475,0.921958604,0.696240218,0.960651985,0.843471066,0.975235907,0.851373302,0.976907156,0.848958306,0.966016255,0.832629827,0.967304425,0.843019586,0.947382062,0.788016043,0.947382062,0.788016043,0.947382062,0.788016043,0.947382062,0.788016043,0.947382062,0.788016043,0.947382062,0.788016043,0.947382062,0.788016043,1,1,0,0,0,0,0,0,1,1,1,1,1,1,1,0,2,6
15,0,0,1,0,0,0,0,0,0,0,0,0,0,0,0,0,0,0,1,0,0,0,0,0,0,0,0,0,0,0,1,0,0,1,0,0,1,1,0,0,0,0,0,0,0,0,1,1,0,1,1,1,1,0,0,0,0,0,0,0,0,0,0,1,0,1,0,0,0,0,0,0,0,0,0,0,0,0,1,1,0,0,1,0,0,0,0,0,0,0,0,0,1,1,0,0,0,0,0,0,0,0,0,0,0,0,0,1,1,0,1,0,0,0,0,0,0,0,0,0,0,0,0,0,0,0,0,0,0,0,0,0,0,0,0,0,0,0,0,0,0,0,0,0,0,0,0,0,0,0,0,0,0,0,0,0,0,0,0,0,0,0,0,0,0,0,0,0,0,0,0,0,0,0,0,0,0,0,0,0,0,0,0,0,0,0,0,0,0,0,0,0,0,0,0,0,0,0,0,0,0,0,0,0,0,0,0,0,0,0,0,0,0,0,0,0,0,0,0,0,0,0,0,0,0,0.915511008,0.736809665,0.92288136,0.697437978,0.91638421,0.700271822,0.93108267,0.810217252,0.95397624,0.869814979,0.95054567,0.848844134,0.929439024,0.743958457,0.947417595,0.822759598,0.915511008,0.736809665,0.915511008,0.736809665,0.915511008,0.736809665,0.915511008,0.736809665,0.915511008,0.736809665,0.915511008,0.736809665,0.915511008,0.736809665,1,1,0,0,0,0,0,0,1,1,1,1,1,1,1,0,2,6
15,0,0,1,0,0,0,0,0,0,0,0,0,0,0,0,0,0,0,1,0,0,0,0,0,0,0,0,0,0,0,1,0,0,1,0,0,1,1,0,0,0,0,0,0,0,0,1,1,0,1,1,1,1,0,0,0,0,0,0,0,0,0,0,1,0,1,0,0,0,0,0,0,0,0,0,0,0,0,1,1,0,0,1,0,0,0,0,0,0,0,0,0,1,1,0,0,0,0,0,0,0,0,0,0,0,0,0,1,1,0,1,0,0,0,0,0,0,0,0,0,0,0,0,0,0,0,0,0,0,0,0,0,0,0,0,0,0,0,0,0,0,0,0,0,0,0,0,0,0,0,0,0,0,0,0,0,0,0,0,0,0,0,0,0,0,0,0,0,0,0,0,0,0,0,0,0,0,0,0,0,0,0,0,0,0,0,0,0,0,0,0,0,0,0,0,0,0,0,0,0,0,0,0,0,0,0,0,0,0,0,0,0,0,0,0,0,0,0,0,0,0,0,0,0,0,0.813357973,0.770123721,0.923137515,0.688780685,0.917648504,0.70192958,0.957941061,0.822422294,0.986971547,0.851270516,0.976175403,0.850109055,0.960669988,0.757508237,0.953101763,0.82521338,0.813357973,0.770123721,0.813357973,0.770123721,0.813357973,0.770123721,0.813357973,0.770123721,0.813357973,0.770123721,0.813357973,0.770123721,0.813357973,0.770123721,1,1,0,0,0,0,0,0,1,1,1,1,1,1,1,0,2,7
15,0,0,1,0,0,0,0,0,0,0,0,0,0,0,0,0,0,0,1,0,0,0,0,0,0,0,0,0,0,0,1,0,0,1,0,0,1,1,0,0,0,0,0,0,0,0,1,1,0,1,1,1,1,0,0,0,0,0,0,0,0,0,0,1,0,1,0,0,0,0,0,0,0,0,0,0,0,0,1,1,0,0,1,0,0,0,0,0,0,0,0,0,1,1,0,0,0,0,0,0,0,0,0,0,0,0,0,1,1,0,1,0,0,0,0,0,0,0,0,0,0,0,0,0,0,0,0,0,0,0,0,0,0,0,0,0,0,0,0,0,0,0,0,0,0,0,0,0,0,0,0,0,0,0,0,0,0,0,0,0,0,0,0,0,0,0,0,0,0,0,0,0,0,0,0,0,0,0,0,0,0,0,0,0,0,0,0,0,0,0,0,0,0,0,0,0,0,0,0,0,0,0,0,0,0,0,0,0,0,0,0,0,0,0,0,0,0,0,0,0,0,0,0,0,0,0.945896415,0.795265122,0.932525692,0.692151752,0.936489217,0.70194119,0.908852112,0.822447999,0.982079114,0.858363093,0.980380901,0.846891067,0.917507397,0.806100071,0.959919927,0.841607083,0.945896415,0.795265122,0.945896415,0.795265122,0.945896415,0.795265122,0.945896415,0.795265122,0.945896415,0.795265122,0.945896415,0.795265122,0.945896415,0.795265122,1,1,0,0,0,0,0,0,1,1,1,1,1,1,1,0,2,7
15,0,0,1,0,0,0,0,0,0,0,0,0,0,0,0,0,0,0,1,0,0,0,0,0,0,0,0,0,0,0,1,0,0,1,0,0,1,1,0,0,0,0,0,0,0,0,1,1,0,1,1,1,1,0,0,0,0,0,0,0,0,0,0,1,0,1,0,0,0,0,0,0,0,0,0,0,0,0,1,1,0,0,1,0,0,0,0,0,0,0,0,0,1,1,0,0,0,0,0,0,0,0,0,0,0,0,0,1,1,0,1,0,0,0,0,0,0,0,0,0,0,0,0,0,0,0,0,0,0,0,0,0,0,0,0,0,0,0,0,0,0,0,0,0,0,0,0,0,0,0,0,0,0,0,0,0,0,0,0,0,0,0,0,0,0,0,0,0,0,0,0,0,0,0,0,0,0,0,0,0,0,0,0,0,0,0,0,0,0,0,0,0,0,0,0,0,0,0,0,0,0,0,0,0,0,0,0,0,0,0,0,0,0,0,0,0,0,0,0,0,0,0,0,0,0,0.916998101,0.783850721,0.950593028,0.696043514,0.907847832,0.693531412,0.913707283,0.827586569,0.952391276,0.874019611,0.94556916,0.882855398,0.936000518,0.736298358,0.953896945,0.848254033,0.916998101,0.783850721,0.916998101,0.783850721,0.916998101,0.783850721,0.916998101,0.783850721,0.916998101,0.783850721,0.916998101,0.783850721,0.916998101,0.783850721,1,1,0,0,0,0,0,0,1,1,1,1,1,1,1,0,2,6
15,0,0,1,0,0,0,0,0,0,0,0,0,0,0,0,0,0,0,1,0,0,0,0,0,0,0,0,0,0,0,1,0,0,1,0,0,1,1,0,0,0,0,0,0,0,0,1,1,0,1,1,1,1,0,0,0,0,0,0,0,0,0,0,1,0,1,0,0,0,0,0,0,0,0,0,0,0,0,1,1,0,0,1,0,0,0,0,0,0,0,0,0,1,1,0,0,0,0,0,0,0,0,0,0,0,0,0,1,1,0,1,0,0,0,0,0,0,0,0,0,0,0,0,0,0,0,0,0,0,0,0,0,0,0,0,0,0,0,0,0,0,0,0,0,0,0,0,0,0,0,0,0,0,0,0,0,0,0,0,0,0,0,0,0,0,0,0,0,0,0,0,0,0,0,0,0,0,0,0,0,0,0,0,0,0,0,0,0,0,0,0,0,0,0,0,0,0,0,0,0,0,0,0,0,0,0,0,0,0,0,0,0,0,0,0,0,0,0,0,0,0,0,0,0,0,0.915382978,0.77098618,0.94576913,0.675674879,0.931190364,0.684827199,0.934910441,0.844449922,0.965647297,0.874056824,0.952525555,0.846315951,0.923078759,0.811560415,0.9235825,0.839208161,0.915382978,0.77098618,0.915382978,0.77098618,0.915382978,0.77098618,0.915382978,0.77098618,0.915382978,0.77098618,0.915382978,0.77098618,0.915382978,0.77098618,1,1,0,0,0,0,0,0,1,1,1,1,1,1,1,0,2,7
15,0,0,1,0,0,0,0,0,0,0,0,0,0,0,0,0,0,0,1,0,0,0,0,0,0,0,0,0,0,0,1,0,0,1,0,1,1,0,0,0,0,0,0,0,0,0,1,1,0,0,0,1,1,1,0,0,0,0,0,0,0,0,0,0,0,0,0,1,0,0,1,0,0,0,0,0,0,1,0,0,0,1,0,0,1,0,0,0,1,0,0,0,1,1,0,1,0,0,0,1,0,0,0,0,0,0,0,0,1,1,0,0,0,1,1,0,0,1,0,0,0,0,0,1,0,0,0,1,0,0,0,0,0,0,0,0,0,0,0,0,1,1,1,0,0,1,0,1,0,1,0,0,0,0,1,0,0,0,0,1,0,1,0,1,0,0,0,0,0,0,0,0,0,0,0,1,0,0,0,1,0,0,0,0,0,0,0,1,0,1,0,0,0,1,0,0,0,0,0,0,1,0,0,0,0,1,0,1,0,1,0,0,0,0,0,0,0,0,0,1,0,1,0,1,0,0.141643824,0.070452147,0.016910347,0.240475545,0.002778626,0.143926301,0.212412921,0.044418346,0.216487956,0.110929812,0.038932415,0.088542042,0.076358593,0.090807775,0.208367713,0.025574134,0.139839077,0.078287588,0.023843828,0.042268514,0.0668954,0.056163798,0.134102322,0.000931798,0.107009521,0.00743699,0.044298887,0.115459724,0.050196988,0.023764289,1,1,0,0,0,0,0,0,0,0,0,0,0,0,0,0,2,8
15,0,0,1,0,0,0,0,0,0,0,0,0,0,0,0,0,0,0,1,0,0,0,0,0,0,0,0,0,0,0,1,0,0,1,0,1,1,0,0,0,0,0,0,0,0,0,1,1,0,0,0,1,1,1,0,0,0,0,0,0,0,0,0,0,0,0,0,1,0,0,1,0,0,0,0,0,0,1,0,0,0,1,0,0,1,0,0,0,1,0,0,0,1,1,0,1,0,0,0,1,0,0,0,0,0,0,0,0,1,1,0,0,0,1,1,0,0,1,0,0,0,0,0,1,0,0,0,1,0,0,0,0,0,0,0,0,0,0,0,0,1,1,1,0,0,1,0,1,0,1,0,0,0,0,1,0,0,0,0,1,0,1,0,1,0,0,0,0,0,0,0,0,0,0,0,1,0,0,0,1,0,0,0,0,0,0,0,1,0,1,0,0,0,1,0,0,0,0,0,0,1,0,0,0,0,1,0,1,0,1,0,0,0,0,0,0,0,0,0,1,0,1,0,1,0,0.071558356,0.032913791,0.044644461,0.224056019,0.017461706,0.180060506,0.1196678,0.00511911,0.032234665,0.007531588,0.029416906,0.0262794,0.034190111,0.04285896,0.023893918,0.004939312,0.136461304,0.001789008,0.024410566,0.005114081,0.069441184,0.058175954,0.034322667,8.14E-05,0.009893346,0.026914055,0.016502619,0.038152027,0.040435906,0.038467412,1,1,0,0,0,0,0,0,0,0,0,0,0,0,0,0,2,11
15,0,0,1,0,0,0,0,0,0,0,0,0,0,0,0,0,0,0,1,0,0,0,0,0,0,0,0,0,0,0,1,0,0,1,0,1,1,0,0,0,0,0,0,0,0,0,1,1,0,0,0,1,1,1,0,0,0,0,0,0,0,0,0,0,0,0,0,1,0,0,1,0,0,0,0,0,0,1,0,0,0,1,0,0,1,0,0,0,1,0,0,0,1,1,0,1,0,0,0,1,0,0,0,0,0,0,0,0,1,1,0,0,0,1,1,0,0,1,0,0,0,0,0,1,0,0,0,1,0,0,0,0,0,0,0,0,0,0,0,0,1,1,1,0,0,1,0,1,0,1,0,0,0,0,1,0,0,0,0,1,0,1,0,1,0,0,0,0,0,0,0,0,0,0,0,1,0,0,0,1,0,0,0,0,0,0,0,1,0,1,0,0,0,1,0,0,0,0,0,0,1,0,0,0,0,1,0,1,0,1,0,0,0,0,0,0,0,0,0,1,0,1,0,1,0,0.146700514,0.022497108,0.057778832,0.21837461,0.006037692,0.10839696,0.203692779,0.012366133,0.017214248,0.023974967,0.045480544,0.094890635,0.055383862,0.043966886,0.068977432,0.004524409,0.138322184,0.042962645,0.00070937,0.005944441,0.025925873,0.00776642,0.015138186,0.017998871,0.120005265,0.023075146,0.076770775,0.036196348,0.02996498,0.037751595,1,1,0,0,0,0,0,0,0,0,0,0,0,0,0,0,2,8
15,0,0,1,0,0,0,0,0,0,0,0,0,0,0,0,0,0,0,1,0,0,0,0,0,0,0,0,0,0,0,1,0,0,1,0,1,1,0,0,0,0,0,0,0,0,0,1,1,0,0,0,1,1,1,0,0,0,0,0,0,0,0,0,0,0,0,0,1,0,0,1,0,0,0,0,0,0,1,0,0,0,1,0,0,1,0,0,0,1,0,0,0,1,1,0,1,0,0,0,1,0,0,0,0,0,0,0,0,1,1,0,0,0,1,1,0,0,1,0,0,0,0,0,1,0,0,0,1,0,0,0,0,0,0,0,0,0,0,0,0,1,1,1,0,0,1,0,1,0,1,0,0,0,0,1,0,0,0,0,1,0,1,0,1,0,0,0,0,0,0,0,0,0,0,0,1,0,0,0,1,0,0,0,0,0,0,0,1,0,1,0,0,0,1,0,0,0,0,0,0,1,0,0,0,0,1,0,1,0,1,0,0,0,0,0,0,0,0,0,1,0,1,0,1,0,0.143585314,0.070452147,0.016910347,0.246004744,0.002778626,0.142454398,0.215675275,0.044496908,0.216487956,0.110929812,0.03941005,0.092009318,0.077831706,0.09474066,0.194691065,0.024885365,0.135488334,0.078724882,0.023761232,0.04232539,0.0668954,0.052922537,0.137802197,0.004454373,0.107009521,0.007160673,0.044298887,0.106535871,0.050196988,0.023764289,1,1,0,0,0,0,0,0,0,0,0,0,0,0,0,0,2,8
15,0,0,1,0,0,0,0,0,0,0,0,0,0,0,0,0,0,0,1,0,0,0,0,0,0,0,0,0,0,0,1,0,0,1,0,1,1,0,0,0,0,0,0,0,0,0,1,1,0,0,0,1,1,1,0,0,0,0,0,0,0,0,0,0,0,0,0,1,0,0,1,0,0,0,0,0,0,1,0,0,0,1,0,0,1,0,0,0,1,0,0,0,1,1,0,1,0,0,0,1,0,0,0,0,0,0,0,0,1,1,0,0,0,1,1,0,0,1,0,0,0,0,0,1,0,0,0,1,0,0,0,0,0,0,0,0,0,0,0,0,1,1,1,0,0,1,0,1,0,1,0,0,0,0,1,0,0,0,0,1,0,1,0,1,0,0,0,0,0,0,0,0,0,0,0,1,0,0,0,1,0,0,0,0,0,0,0,1,0,1,0,0,0,1,0,0,0,0,0,0,1,0,0,0,0,1,0,1,0,1,0,0,0,0,0,0,0,0,0,1,0,1,0,1,0,0.069598087,0.053244972,0.007202618,0.224204459,0.005813317,0.173074866,0.113453654,0.002298622,0.100434445,0.026882725,0.031983535,0.008464027,0.047680371,0.060534786,0.045093462,0.001217664,0.059763889,0.057746834,0.017971058,0.013207349,0.025199846,0.007858588,0.01493007,0.007689275,0.0036276,0.006822662,0.050365802,0.032942238,0.030407318,0.018498148,1,1,0,0,0,0,0,0,0,0,0,0,0,0,0,0,2,10
15,0,0,1,0,0,0,0,0,0,0,0,0,0,0,0,0,0,0,1,0,0,0,0,0,0,0,0,0,0,0,1,0,0,1,0,1,1,0,0,0,0,0,0,0,0,0,1,1,0,0,0,1,1,1,0,0,0,0,0,0,0,0,0,0,0,0,0,1,0,0,1,0,0,0,0,0,0,1,0,0,0,1,0,0,1,0,0,0,1,0,0,0,1,1,0,1,0,0,0,1,0,0,0,0,0,0,0,0,1,1,0,0,0,1,1,0,0,1,0,0,0,0,0,1,0,0,0,1,0,0,0,0,0,0,0,0,0,0,0,0,1,1,1,0,0,1,0,1,0,1,0,0,0,0,1,0,0,0,0,1,0,1,0,1,0,0,0,0,0,0,0,0,0,0,0,1,0,0,0,1,0,0,0,0,0,0,0,1,0,1,0,0,0,1,0,0,0,0,0,0,1,0,0,0,0,1,0,1,0,1,0,0,0,0,0,0,0,0,0,1,0,1,0,1,0,0.143961874,0.070452147,0.023286891,0.246004744,0.002778626,0.142454398,0.215675275,0.044496908,0.216487956,0.110929812,0.03941005,0.086983729,0.080132928,0.094965992,0.194691065,0.024547522,0.135488334,0.079778747,0.023761232,0.038541541,0.0668954,0.052922537,0.137802197,0.004454373,0.107116475,0.007160673,0.044238858,0.106535871,0.050035426,0.023764289,1,1,0,0,0,0,0,0,0,0,0,0,0,0,0,0,2,8
15,0,0,1,0,0,0,0,0,0,0,0,0,0,0,0,0,0,0,1,0,0,0,0,0,0,0,0,0,0,0,1,0,0,1,0,1,1,0,0,0,0,0,0,0,0,0,1,1,0,0,0,1,1,1,0,0,0,0,0,0,0,0,0,0,0,0,0,1,0,0,1,0,0,0,0,0,0,1,0,0,0,1,0,0,1,0,0,0,1,0,0,0,1,1,0,1,0,0,0,1,0,0,0,0,0,0,0,0,1,1,0,0,0,1,1,0,0,1,0,0,0,0,0,1,0,0,0,1,0,0,0,0,0,0,0,0,0,0,0,0,1,1,1,0,0,1,0,1,0,1,0,0,0,0,1,0,0,0,0,1,0,1,0,1,0,0,0,0,0,0,0,0,0,0,0,1,0,0,0,1,0,0,0,0,0,0,0,1,0,1,0,0,0,1,0,0,0,0,0,0,1,0,0,0,0,1,0,1,0,1,0,0,0,0,0,0,0,0,0,1,0,1,0,1,0,0.068155946,0.057596262,0.030269326,0.218899945,0.000149109,0.171828005,0.099251236,0.026753987,0.021311634,0.036434292,0.042131385,0.036507828,0.02262926,0.033053852,0.041288063,0.001643991,0.071389141,0.002819452,0.025738055,0.011226547,0.018613914,0.032460484,0.030498465,0.033124242,0.027294353,0.017915649,0.020416434,0.044891857,0.029436017,0.020617262,1,1,0,0,0,0,0,0,0,0,0,0,0,0,0,0,2,14
15,0,0,1,0,0,0,0,0,0,0,0,0,0,0,0,0,0,0,1,0,0,0,0,0,0,0,0,0,0,0,1,0,0,1,0,1,1,0,0,0,0,0,0,0,0,0,1,1,0,0,0,1,1,1,0,0,0,0,0,0,0,0,0,0,0,0,0,1,0,0,1,0,0,0,0,0,0,1,0,0,0,1,0,0,1,0,0,0,1,0,0,0,1,1,0,1,0,0,0,1,0,0,0,0,0,0,0,0,1,1,0,0,0,1,1,0,0,1,0,0,0,0,0,1,0,0,0,1,0,0,0,0,0,0,0,0,0,0,0,0,1,1,1,0,0,1,0,1,0,1,0,0,0,0,1,0,0,0,0,1,0,1,0,1,0,0,0,0,0,0,0,0,0,0,0,1,0,0,0,1,0,0,0,0,0,0,0,1,0,1,0,0,0,1,0,0,0,0,0,0,1,0,0,0,0,1,0,1,0,1,0,0,0,0,0,0,0,0,0,1,0,1,0,1,0,0.115766784,0.182147626,0.297943404,0.225850743,0.004159426,0.115889412,0.123671682,0.187112809,0.104774947,0.030158532,0.208337707,0.123944507,0.073382621,0.071942227,0.083113089,0.041807686,0.13563655,0.146714752,0.12171107,0.194517716,0.23229999,0.136875425,0.176918845,0.126733778,0.066164545,0.248573282,0.129868043,0.096910647,0.047424069,0.111579574,1,1,0,0,0,0,0,0,0,0,0,0,0,0,0,0,2,5
15,0,0,1,0,0,0,0,0,0,0,0,0,0,0,0,0,0,0,1,0,0,0,0,0,0,0,0,0,0,0,1,0,0,1,0,1,1,0,0,0,0,0,0,0,0,0,1,1,0,0,0,1,1,1,0,0,0,0,0,0,0,0,0,0,0,0,0,1,0,0,1,0,0,0,0,0,0,1,0,0,0,1,0,0,1,0,0,0,1,0,0,0,1,1,0,1,0,0,0,1,0,0,0,0,0,0,0,0,1,1,0,0,0,1,1,0,0,1,0,0,0,0,0,1,0,0,0,1,0,0,0,0,0,0,0,0,0,0,0,0,1,1,1,0,0,1,0,1,0,1,0,0,0,0,1,0,0,0,0,1,0,1,0,1,0,0,0,0,0,0,0,0,0,0,0,1,0,0,0,1,0,0,0,0,0,0,0,1,0,1,0,0,0,1,0,0,0,0,0,0,1,0,0,0,0,1,0,1,0,1,0,0,0,0,0,0,0,0,0,1,0,1,0,1,0,0.149616024,0.222660923,0.008869542,0.060334231,0.011391922,0.280671374,0.17648201,0.201992581,0.158229784,0.053777067,0.044408593,0.105810041,0.149610788,0.184166688,0.125320193,0.004684586,0.136413682,0.029509659,0.087884972,0.069822103,0.128031595,0.065553447,0.188849784,0.038574854,0.116928768,0.043975286,0.00493374,0.151659962,0.067183328,0.071859631,1,1,0,0,0,0,0,0,0,0,0,0,0,0,0,0,2,6
15,0,0,1,0,0,0,0,0,0,0,0,0,0,0,0,0,0,0,1,0,0,0,0,0,0,0,0,0,0,0,1,0,0,1,0,1,1,0,0,0,0,0,0,0,0,0,1,1,0,0,0,1,1,1,0,0,0,0,0,0,0,0,0,0,0,0,0,1,0,0,1,0,0,0,0,0,0,1,0,0,0,1,0,0,1,0,0,0,1,0,0,0,1,1,0,1,0,0,0,1,0,0,0,0,0,0,0,0,1,1,0,0,0,1,1,0,0,1,0,0,0,0,0,1,0,0,0,1,0,0,0,0,0,0,0,0,0,0,0,0,1,1,1,0,0,1,0,1,0,1,0,0,0,0,1,0,0,0,0,1,0,1,0,1,0,0,0,0,0,0,0,0,0,0,0,1,0,0,0,1,0,0,0,0,0,0,0,1,0,1,0,0,0,1,0,0,0,0,0,0,1,0,0,0,0,1,0,1,0,1,0,0,0,0,0,0,0,0,0,1,0,1,0,1,0,0.146102715,0.018263923,0.074175284,0.224846037,0.008875584,0.109371556,0.202302804,0.00210809,0.01914841,0.023669265,0.02262296,0.045791574,0.043326177,0.060501009,0.022494012,0.022598158,0.136108913,0.040785344,0.024929664,0.008732147,0.02139518,0.007729047,0.037391611,0.021624279,0.013653882,0.023627423,0.07379359,0.025138131,0.054826862,0.006180823,1,1,0,0,0,0,0,0,0,0,0,0,0,0,0,0,2,8
15,0,0,1,0,0,0,0,0,0,0,0,0,0,0,0,0,0,0,1,0,0,0,0,0,0,0,0,0,0,0,1,0,0,1,0,1,1,0,0,0,0,0,0,0,0,0,1,1,0,0,0,1,1,1,0,0,0,0,0,0,0,0,0,0,0,0,0,1,0,0,1,0,0,0,0,0,0,1,0,0,0,1,0,0,1,0,0,0,1,0,0,0,1,1,0,1,0,0,0,1,0,0,0,0,0,0,0,0,1,1,0,0,0,1,1,0,0,1,0,0,0,0,0,1,0,0,0,1,0,0,0,0,0,0,0,0,0,0,0,0,1,1,1,0,0,1,0,1,0,1,0,0,0,0,1,0,0,0,0,1,0,1,0,1,0,0,0,0,0,0,0,0,0,0,0,1,0,0,0,1,0,0,0,0,0,0,0,1,0,1,0,0,0,1,0,0,0,0,0,0,1,0,0,0,0,1,0,1,0,1,0,0,0,0,0,0,0,0,0,1,0,1,0,1,0,0.068155946,0.057580865,0.030269326,0.218899945,0.005857455,0.171828005,0.113631123,0.026753987,0.021311634,0.036728889,0.041500316,0.036507828,0.02262926,0.058904887,0.045077463,0.001632674,0.071389141,0.002819452,0.024459341,0.013195929,0.025043649,0.03307977,0.030809766,0.03390129,0.027294353,0.018068732,0.050961077,0.044992739,0.029378432,0.020617262,1,1,0,0,0,0,0,0,0,0,0,0,0,0,0,0,2,14
15,0,0,1,0,0,0,0,0,0,0,0,0,0,0,0,0,0,0,1,0,0,0,0,0,0,0,0,0,0,0,1,0,0,1,0,1,1,0,0,0,0,0,0,0,0,0,1,1,0,0,0,1,1,1,0,0,0,0,0,0,0,0,0,0,0,0,0,1,0,0,1,0,0,0,0,0,0,1,0,0,0,1,0,0,1,0,0,0,1,0,0,0,1,1,0,1,0,0,0,1,0,0,0,0,0,0,0,0,1,1,0,0,0,1,1,0,0,1,0,0,0,0,0,1,0,0,0,1,0,0,0,0,0,0,0,0,0,0,0,0,1,1,1,0,0,1,0,1,0,1,0,0,0,0,1,0,0,0,0,1,0,1,0,1,0,0,0,0,0,0,0,0,0,0,0,1,0,0,0,1,0,0,0,0,0,0,0,1,0,1,0,0,0,1,0,0,0,0,0,0,1,0,0,0,0,1,0,1,0,1,0,0,0,0,0,0,0,0,0,1,0,1,0,1,0,0.069598087,0.052374438,0.005715107,0.226494738,0.005894746,0.173074866,0.112507402,0.002399531,0.015764296,0.026882725,0.031803717,0.060089548,0.022484484,0.060534786,0.045093462,0.001217664,0.065943837,0.057323136,0.022032392,0.013207349,0.01715521,0.008011265,0.013787492,0.007689275,0.0036276,0.006823004,0.050365802,0.032942238,0.018860638,0.018151158,1,1,0,0,0,0,0,0,0,0,0,0,0,0,0,0,2,10
15,0,0,1,0,0,0,0,0,0,0,0,0,0,0,0,0,0,0,1,0,0,0,0,0,0,0,0,0,0,0,1,0,0,1,0,1,1,0,0,0,0,0,0,0,0,0,1,1,0,0,0,1,1,1,0,0,0,0,0,0,0,0,0,0,0,0,0,1,0,0,1,0,0,0,0,0,0,1,0,0,0,1,0,0,1,0,0,0,1,0,0,0,1,1,0,1,0,0,0,1,0,0,0,0,0,0,0,0,1,1,0,0,0,1,1,0,0,1,0,0,0,0,0,1,0,0,0,1,0,0,0,0,0,0,0,0,0,0,0,0,1,1,1,0,0,1,0,1,0,1,0,0,0,0,1,0,0,0,0,1,0,1,0,1,0,0,0,0,0,0,0,0,0,0,0,1,0,0,0,1,0,0,0,0,0,0,0,1,0,1,0,0,0,1,0,0,0,0,0,0,1,0,0,0,0,1,0,1,0,1,0,0,0,0,0,0,0,0,0,1,0,1,0,1,0,0.072173826,0.014409504,0.000354929,0.130723157,0.006314209,0.113454053,0.085402678,0.023368514,0.00499379,0.002551156,0.023460505,0.026653498,0.018019315,0.027373624,0.000588361,0.004799059,0.031465984,0.000157434,0.003153531,0.013517272,0.014526612,0.000940498,0.0100467,0.005025249,0.003922382,0.000789001,0.009012245,0.004653558,0.012241202,0.005763775,1,1,0,0,0,0,0,0,0,0,0,0,0,0,0,0,2,7
15,0,0,1,0,0,0,0,0,0,0,0,0,0,0,0,0,0,0,1,0,0,0,0,0,0,0,0,0,0,0,1,0,0,1,0,1,1,0,0,0,0,0,0,0,0,0,1,1,0,0,0,1,1,1,0,0,0,0,0,0,0,0,0,0,0,0,0,1,0,0,1,0,0,0,0,0,0,1,0,0,0,1,0,0,1,0,0,0,1,0,0,0,1,1,0,1,0,0,0,1,0,0,0,0,0,0,0,0,1,1,0,0,0,1,1,0,0,1,0,0,0,0,0,1,0,0,0,1,0,0,0,0,0,0,0,0,0,0,0,0,1,1,1,0,0,1,0,1,0,1,0,0,0,0,1,0,0,0,0,1,0,1,0,1,0,0,0,0,0,0,0,0,0,0,0,1,0,0,0,1,0,0,0,0,0,0,0,1,0,1,0,0,0,1,0,0,0,0,0,0,1,0,0,0,0,1,0,1,0,1,0,0,0,0,0,0,0,0,0,1,0,1,0,1,0,0.071398274,0.041440496,0.008122486,0.165541662,0.00143743,0.131690263,0.100657503,0.015547741,0.018942839,0.002513424,0.022753968,0.058499975,0.030641959,0.03348046,0.008315238,0.013829012,0.028844236,0.003431538,0.0226376,0.028106742,0.019474361,0.014379081,0.013442778,0.008057651,0.009019022,0.000897236,0.016648868,0.024904676,0.016233433,0.027131427,1,1,0,0,0,0,0,0,0,0,0,0,0,0,0,0,2,9
15,0,0,1,0,0,0,0,0,0,0,0,0,0,0,0,0,0,0,1,0,0,0,0,0,0,0,0,0,0,0,1,0,0,1,0,1,1,0,0,0,0,0,0,0,0,0,1,1,0,0,0,1,1,1,0,0,0,0,0,0,0,0,0,0,0,0,0,1,0,0,1,0,0,0,0,0,0,1,0,0,0,1,0,0,1,0,0,0,1,0,0,0,1,1,0,1,0,0,0,1,0,0,0,0,0,0,0,0,1,1,0,0,0,1,1,0,0,1,0,0,0,0,0,1,0,0,0,1,0,0,0,0,0,0,0,0,0,0,0,0,1,1,1,0,0,1,0,1,0,1,0,0,0,0,1,0,0,0,0,1,0,1,0,1,0,0,0,0,0,0,0,0,0,0,0,1,0,0,0,1,0,0,0,0,0,0,0,1,0,1,0,0,0,1,0,0,0,0,0,0,1,0,0,0,0,1,0,1,0,1,0,0,0,0,0,0,0,0,0,1,0,1,0,1,0,0.067450255,0.052040531,0.057248976,0.209516827,0.006295407,0.16898015,0.101973576,0.004280327,0.027989083,0.035270231,0.041652336,0.026268999,0.018826372,0.039013472,0.032340098,0.010609812,0.085512565,0.003992555,0.02432235,0.019799097,0.015425142,0.020522904,0.016683884,0.006701355,0.001564752,0.004759647,0.030999827,0.032439757,0.018818244,0.017775089,1,1,0,0,0,0,0,0,0,0,0,0,0,0,0,0,2,12
15,0,0,1,0,0,0,0,0,0,0,0,0,0,0,0,0,0,0,1,0,0,0,0,0,0,0,0,0,0,0,1,0,0,1,0,1,1,0,0,0,0,0,0,0,0,0,1,1,0,0,0,1,1,1,0,0,0,0,0,0,0,0,0,0,0,0,0,1,0,0,1,0,0,0,0,0,0,1,0,0,0,1,0,0,1,0,0,0,1,0,0,0,1,1,0,1,0,0,0,1,0,0,0,0,0,0,0,0,1,1,0,0,0,1,1,0,0,1,0,0,0,0,0,1,0,0,0,1,0,0,0,0,0,0,0,0,0,0,0,0,1,1,1,0,0,1,0,1,0,1,0,0,0,0,1,0,0,0,0,1,0,1,0,1,0,0,0,0,0,0,0,0,0,0,0,1,0,0,0,1,0,0,0,0,0,0,0,1,0,1,0,0,0,1,0,0,0,0,0,0,1,0,0,0,0,1,0,1,0,1,0,0,0,0,0,0,0,0,0,1,0,1,0,1,0,0.056633398,0.015330937,0.000290187,0.211813234,0.007847849,0.16145551,0.091640653,0.014056594,0.042620312,0.00750364,0.031226393,0.020306294,0.007329122,0.004743602,0.008319379,0.009942169,0.134033594,0.000654195,0.025165697,0.008829332,0.005479336,0.002705796,0.007021993,0.003239723,0.003127804,0.002828777,0.021768274,0.031276265,0.047089269,0.023998322,1,1,0,0,0,0,0,0,0,0,0,0,0,0,0,0,2,8
15,0,0,1,0,0,0,0,0,0,0,0,0,0,0,0,0,0,0,1,0,0,0,0,0,0,0,0,0,0,0,1,0,0,1,0,1,1,0,0,0,0,0,0,0,0,0,1,1,0,0,0,1,1,1,0,0,0,0,0,0,0,0,0,0,0,0,0,1,0,0,1,0,0,0,0,0,0,1,0,0,0,1,0,0,1,0,0,0,1,0,0,0,1,1,0,1,0,0,0,1,0,0,0,0,0,0,0,0,1,1,0,0,0,1,1,0,0,1,0,0,0,0,0,1,0,0,0,1,0,0,0,0,0,0,0,0,0,0,0,0,1,1,1,0,0,1,0,1,0,1,0,0,0,0,1,0,0,0,0,1,0,1,0,1,0,0,0,0,0,0,0,0,0,0,0,1,0,0,0,1,0,0,0,0,0,0,0,1,0,1,0,0,0,1,0,0,0,0,0,0,1,0,0,0,0,1,0,1,0,1,0,0,0,0,0,0,0,0,0,1,0,1,0,1,0,0.062664565,0.023633108,0.00543625,0.13495772,0.006386429,0.126370613,0.097591127,0.045919652,0.010531788,0.008871795,0.026779938,0.007198562,0.032855371,0.012686674,0.021954427,0.001994405,0.021653324,0.001212771,0.025547376,0.007074468,0.023119616,0.006487144,0.01106614,0.004261131,0.03353856,0.003387047,0.040114244,0.004214473,0.022983559,0.003583969,1,1,0,0,0,0,0,0,0,0,0,0,0,0,0,0,2,11
15,0,0,1,0,0,0,0,0,0,0,0,0,0,0,0,0,0,0,1,0,0,0,0,0,0,0,0,0,0,0,1,0,0,1,0,1,1,0,0,0,0,0,0,0,0,0,1,1,0,0,0,1,1,1,0,0,0,0,0,0,0,0,0,0,0,0,0,1,0,0,1,0,0,0,0,0,0,1,0,0,0,1,0,0,1,0,0,0,1,0,0,0,1,1,0,1,0,0,0,1,0,0,0,0,0,0,0,0,1,1,0,0,0,1,1,0,0,1,0,0,0,0,0,1,0,0,0,1,0,0,0,0,0,0,0,0,0,0,0,0,1,1,1,0,0,1,0,1,0,1,0,0,0,0,1,0,0,0,0,1,0,1,0,1,0,0,0,0,0,0,0,0,0,0,0,1,0,0,0,1,0,0,0,0,0,0,0,1,0,1,0,0,0,1,0,0,0,0,0,0,1,0,0,0,0,1,0,1,0,1,0,0,0,0,0,0,0,0,0,1,0,1,0,1,0,0.01565923,0.017662469,0.003958847,0.098856983,0.001130398,0.092741317,0.068282868,0.02788952,0.010291434,0.003352852,0.013167085,0.000269994,0.014489269,0.005460248,0.012956565,0.004316505,0.030991573,0.000185448,0.018583811,0.001852201,0.002738099,0.004849583,0.000582597,0.009494607,0.015081694,0.000663738,0.008398476,0.010015955,0.002129401,0.00771592,1,1,0,0,0,0,0,0,0,0,0,0,0,0,0,0,2,5
15,0,0,1,0,0,0,0,0,0,0,0,0,0,0,0,0,0,0,1,0,0,0,0,0,0,0,0,0,0,0,1,0,0,1,0,1,1,0,0,0,0,0,0,0,0,0,1,1,0,0,0,1,1,1,0,0,0,0,0,0,0,0,0,0,0,0,0,1,0,0,1,0,0,0,0,0,0,1,0,0,0,1,0,0,1,0,0,0,1,0,0,0,1,1,0,1,0,0,0,1,0,0,0,0,0,0,0,0,1,1,0,0,0,1,1,0,0,1,0,0,0,0,0,1,0,0,0,1,0,0,0,0,0,0,0,0,0,0,0,0,1,1,1,0,0,1,0,1,0,1,0,0,0,0,1,0,0,0,0,1,0,1,0,1,0,0,0,0,0,0,0,0,0,0,0,1,0,0,0,1,0,0,0,0,0,0,0,1,0,1,0,0,0,1,0,0,0,0,0,0,1,0,0,0,0,1,0,1,0,1,0,0,0,0,0,0,0,0,0,1,0,1,0,1,0,0.058276804,0.001587703,0.00156351,0.111988375,0.00083395,0.106275455,0.09756026,0.025881815,0.00497817,0.001890252,0.010619905,0.018379656,0.010906284,0.02993831,0.009550935,0.005315467,0.016832759,0.004625893,0.014885292,0.003727219,0.011849113,0.00127585,0.01451781,0.000457807,0.001986196,0.003153166,0.000833623,0.006657371,0.004091939,0.003039414,1,1,0,0,0,0,0,0,0,0,0,0,0,0,0,0,2,11
15,0,0,1,0,0,0,0,0,0,0,0,0,0,0,0,0,0,0,1,0,0,0,0,0,0,0,0,0,0,0,1,0,0,1,0,1,1,0,0,0,0,0,0,0,0,0,1,1,0,0,0,1,1,1,0,0,0,0,0,0,0,0,0,0,0,0,0,1,0,0,1,0,0,0,0,0,0,1,0,0,0,1,0,0,1,0,0,0,1,0,0,0,1,1,0,1,0,0,0,1,0,0,0,0,0,0,0,0,1,1,0,0,0,1,1,0,0,1,0,0,0,0,0,1,0,0,0,1,0,0,0,0,0,0,0,0,0,0,0,0,1,1,1,0,0,1,0,1,0,1,0,0,0,0,1,0,0,0,0,1,0,1,0,1,0,0,0,0,0,0,0,0,0,0,0,1,0,0,0,1,0,0,0,0,0,0,0,1,0,1,0,0,0,1,0,0,0,0,0,0,1,0,0,0,0,1,0,1,0,1,0,0,0,0,0,0,0,0,0,1,0,1,0,1,0,0.139671785,0.055864747,0.001582605,0.214948812,0.026205464,0.15093621,0.203901518,0.003623782,0.017183433,0.063176268,0.054597324,0.074209621,0.130309554,0.046992913,0.018278592,0.002699626,0.145544612,0.006732921,0.050887798,0.031921162,0.022612716,0.068682105,0.108426625,0.001398512,0.030345431,0.0003036,0.063144505,0.045801287,0.082117851,0.017984494,1,1,0,0,0,0,0,0,0,0,0,0,0,0,0,0,2,4
15,0,0,1,0,0,0,0,0,0,0,0,0,0,0,0,0,0,0,1,0,0,0,0,0,0,0,0,0,0,0,1,0,0,1,0,1,1,0,0,0,0,0,0,0,0,0,1,1,0,0,0,1,1,1,0,0,0,0,0,0,0,0,0,0,0,0,0,1,0,0,1,0,0,0,0,0,0,1,0,0,0,1,0,0,1,0,0,0,1,0,0,0,1,1,0,1,0,0,0,1,0,0,0,0,0,0,0,0,1,1,0,0,0,1,1,0,0,1,0,0,0,0,0,1,0,0,0,1,0,0,0,0,0,0,0,0,0,0,0,0,1,1,1,0,0,1,0,1,0,1,0,0,0,0,1,0,0,0,0,1,0,1,0,1,0,0,0,0,0,0,0,0,0,0,0,1,0,0,0,1,0,0,0,0,0,0,0,1,0,1,0,0,0,1,0,0,0,0,0,0,1,0,0,0,0,1,0,1,0,1,0,0,0,0,0,0,0,0,0,1,0,1,0,1,0,0.150216084,0.222660923,0.008869542,0.060334231,0.011338794,0.280408317,0.176552955,0.203085399,0.144296733,0.055151316,0.044289578,0.098750317,0.152240903,0.198199762,0.130053227,0.033339117,0.136154068,0.002838932,0.088208465,0.072879602,0.125020588,0.066631494,0.212895849,0.035881071,0.11657585,0.042767411,0.03496632,0.151659962,0.070027419,0.074715271,1,1,0,0,0,0,0,0,0,0,0,0,0,0,0,0,2,6
15,0,0,1,0,0,0,0,0,0,0,0,0,0,0,0,0,0,0,1,0,0,0,0,0,0,0,0,0,0,0,1,0,0,1,0,1,1,0,0,0,0,0,0,0,0,0,1,1,0,0,0,1,1,1,0,0,0,0,0,0,0,0,0,0,0,0,0,1,0,0,1,0,0,0,0,0,0,1,0,0,0,1,0,0,1,0,0,0,1,0,0,0,1,1,0,1,0,0,0,1,0,0,0,0,0,0,0,0,1,1,0,0,0,1,1,0,0,1,0,0,0,0,0,1,0,0,0,1,0,0,0,0,0,0,0,0,0,0,0,0,1,1,1,0,0,1,0,1,0,1,0,0,0,0,1,0,0,0,0,1,0,1,0,1,0,0,0,0,0,0,0,0,0,0,0,1,0,0,0,1,0,0,0,0,0,0,0,1,0,1,0,0,0,1,0,0,0,0,0,0,1,0,0,0,0,1,0,1,0,1,0,0,0,0,0,0,0,0,0,1,0,1,0,1,0,0.031913861,0.021640877,0.041027238,0.166830024,0.014112429,0.145467932,0.1392856,0.003664959,0.020468872,0.00452044,0.034263104,0.009451617,0.051216707,0.007470174,0.020770322,0.003712931,0.015762965,0.007188764,0.016405987,0.00787535,0.011612461,0.011231004,0.002901333,0.010563264,0.01479301,0.000701865,0.003906521,0.033898321,0.024374596,0.012342251,1,1,0,0,0,0,0,0,0,0,0,0,0,0,0,0,2,4
15,0,0,1,0,0,0,0,0,0,0,0,0,0,0,0,0,0,0,1,0,0,0,0,0,0,0,0,0,0,0,1,0,0,1,0,1,1,0,0,0,0,0,0,0,0,0,1,1,0,0,0,1,1,1,0,0,0,0,0,0,0,0,0,0,0,0,0,1,0,0,1,0,0,0,0,0,0,1,0,0,0,1,0,0,1,0,0,0,1,0,0,0,1,1,0,1,0,0,0,1,0,0,0,0,0,0,0,0,1,1,0,0,0,1,1,0,0,1,0,0,0,0,0,1,0,0,0,1,0,0,0,0,0,0,0,0,0,0,0,0,1,1,1,0,0,1,0,1,0,1,0,0,0,0,1,0,0,0,0,1,0,1,0,1,0,0,0,0,0,0,0,0,0,0,0,1,0,0,0,1,0,0,0,0,0,0,0,1,0,1,0,0,0,1,0,0,0,0,0,0,1,0,0,0,0,1,0,1,0,1,0,0,0,0,0,0,0,0,0,1,0,1,0,1,0,0.005417021,0.020873941,0.00372001,0.116848862,0.008453244,0.104399999,0.003566529,0.018662768,0.004433937,0.012938165,0.022944248,0.007843419,0.007343048,0.026819376,0.011804985,0.004356939,0.059888792,0.001755493,0.018715339,0.003458127,0.00189961,0.000327285,0.015380942,0.003142523,0.013087105,0.000874915,0.007303198,0.003928837,0.004972475,0.00618769,1,1,0,0,0,0,0,0,0,0,0,0,0,0,0,0,2,8
15,0,0,1,0,0,0,0,0,0,0,0,0,0,0,0,0,0,0,1,0,0,0,0,0,0,0,0,0,0,0,1,0,0,1,0,1,1,0,0,0,0,0,0,0,0,0,1,1,0,0,0,1,1,1,0,0,0,0,0,0,0,0,0,0,0,0,0,1,0,0,1,0,0,0,0,0,0,1,0,0,0,1,0,0,1,0,0,0,1,0,0,0,1,1,0,1,0,0,0,1,0,0,0,0,0,0,0,0,1,1,0,0,0,1,1,0,0,1,0,0,0,0,0,1,0,0,0,1,0,0,0,0,0,0,0,0,0,0,0,0,1,1,1,0,0,1,0,1,0,1,0,0,0,0,1,0,0,0,0,1,0,1,0,1,0,0,0,0,0,0,0,0,0,0,0,1,0,0,0,1,0,0,0,0,0,0,0,1,0,1,0,0,0,1,0,0,0,0,0,0,1,0,0,0,0,1,0,1,0,1,0,0,0,0,0,0,0,0,0,1,0,1,0,1,0,0.020397708,0.023416155,0.005805829,0.122663151,0.015690748,0.113689673,0.006527495,0.018432216,0.027422274,0.005375018,0.026142503,0.025574883,0.024135,0.023831187,0.011395616,0.00350736,0.014697787,0.000253886,0.013725107,0.009858801,0.015977259,0.017159978,0.010973571,0.004042143,0.00295953,0.009016162,0.021723906,0.02009289,0.012504681,0.007020747,1,1,0,0,0,0,0,0,0,0,0,0,0,0,0,0,2,4
15,0,0,1,0,0,0,0,0,0,0,0,0,0,0,0,0,0,0,1,0,0,0,0,0,0,0,0,0,0,0,1,0,0,1,0,1,1,0,0,0,0,0,0,0,0,0,1,1,0,0,0,1,1,1,0,0,0,0,0,0,0,0,0,0,0,0,0,1,0,0,1,0,0,0,0,0,0,1,0,0,0,1,0,0,1,0,0,0,1,0,0,0,1,1,0,1,0,0,0,1,0,0,0,0,0,0,0,0,1,1,0,0,0,1,1,0,0,1,0,0,0,0,0,1,0,0,0,1,0,0,0,0,0,0,0,0,0,0,0,0,1,1,1,0,0,1,0,1,0,1,0,0,0,0,1,0,0,0,0,1,0,1,0,1,0,0,0,0,0,0,0,0,0,0,0,1,0,0,0,1,0,0,0,0,0,0,0,1,0,1,0,0,0,1,0,0,0,0,0,0,1,0,0,0,0,1,0,1,0,1,0,0,0,0,0,0,0,0,0,1,0,1,0,1,0,0.066468468,0.019827167,0.008419466,0.16598961,0.004178886,0.130555858,0.117404662,0.00382617,0.025224223,0.005593605,0.031545733,0.025478653,0.025792532,0.031798763,0.03000208,0.000994865,0.054485696,0.013550504,0.024522424,0.020955904,0.010549355,0.007494325,0.018762319,0.001352087,0.006539084,0.006224057,0.025351665,0.0295782,0.032587168,0.026352211,1,1,0,0,0,0,0,0,0,0,0,0,0,0,0,0,2,7
15,0,0,1,0,0,0,0,0,0,0,0,0,0,0,0,0,0,0,1,0,0,0,0,0,0,0,0,0,0,0,1,0,0,1,0,1,1,0,0,0,0,0,0,0,0,0,1,1,0,0,0,1,1,1,0,0,0,0,0,0,0,0,0,0,0,0,0,1,0,0,1,0,0,0,0,0,0,1,0,0,0,1,0,0,1,0,0,0,1,0,0,0,1,1,0,1,0,0,0,1,0,0,0,0,0,0,0,0,1,1,0,0,0,1,1,0,0,1,0,0,0,0,0,1,0,0,0,1,0,0,0,0,0,0,0,0,0,0,0,0,1,1,1,0,0,1,0,1,0,1,0,0,0,0,1,0,0,0,0,1,0,1,0,1,0,0,0,0,0,0,0,0,0,0,0,1,0,0,0,1,0,0,0,0,0,0,0,1,0,1,0,0,0,1,0,0,0,0,0,0,1,0,0,0,0,1,0,1,0,1,0,0,0,0,0,0,0,0,0,1,0,1,0,1,0,0.024100637,0.053233487,0.001175044,0.116118737,0.00454476,0.103892044,0.000310211,0.019318748,0.03926276,0.008574358,0.029122444,0.02471789,0.023830758,0.024552245,0.013212096,0.000878345,0.089716098,0.006541691,0.02408668,0.0100166,0.026054253,0.001384892,0.01744003,0.00315549,0.020195913,0.004512819,0.023625104,0.03358452,0.026272986,0.042420245,1,1,0,0,0,0,0,0,0,0,0,0,0,0,0,0,2,8
15,0,0,1,0,0,0,0,0,0,0,0,0,0,0,0,0,0,0,1,0,0,0,0,0,0,0,0,0,0,0,1,0,0,1,0,1,1,0,0,0,0,0,0,0,0,0,1,1,0,0,0,1,1,1,0,0,0,0,0,0,0,0,0,0,0,0,0,1,0,0,1,0,0,0,0,0,0,1,0,0,0,1,0,0,1,0,0,0,1,0,0,0,1,1,0,1,0,0,0,1,0,0,0,0,0,0,0,0,1,1,0,0,0,1,1,0,0,1,0,0,0,0,0,1,0,0,0,1,0,0,0,0,0,0,0,0,0,0,0,0,1,1,1,0,0,1,0,1,0,1,0,0,0,0,1,0,0,0,0,1,0,1,0,1,0,0,0,0,0,0,0,0,0,0,0,1,0,0,0,1,0,0,0,0,0,0,0,1,0,1,0,0,0,1,0,0,0,0,0,0,1,0,0,0,0,1,0,1,0,1,0,0,0,0,0,0,0,0,0,1,0,1,0,1,0,0.014183423,0.017650581,0.00109757,0.11467757,0.004971943,0.104093392,0.003202441,0.000673625,0.016194334,0.009566575,0.01570826,0.001480741,0.024696166,0.006289418,0.002519639,0.002648864,0.024627061,0.006191664,0.006501003,0.006350192,0.010783316,0.000999521,0.008304889,0.000940324,0.00827087,3.49E-05,0.0071379,0.009705767,0.014184111,0.007676707,1,1,0,0,0,0,0,0,0,0,0,0,0,0,0,0,2,4
15,0,0,1,0,0,0,0,0,0,0,0,0,0,0,0,0,0,0,1,0,0,0,0,0,0,0,0,0,0,0,1,0,0,1,0,1,1,0,0,0,0,0,0,0,0,0,1,1,0,0,0,1,1,1,0,0,0,0,0,0,0,0,0,0,0,0,0,1,0,0,1,0,0,0,0,0,0,1,0,0,0,1,0,0,1,0,0,0,1,0,0,0,1,1,0,1,0,0,0,1,0,0,0,0,0,0,0,0,1,1,0,0,0,1,1,0,0,1,0,0,0,0,0,1,0,0,0,1,0,0,0,0,0,0,0,0,0,0,0,0,1,1,1,0,0,1,0,1,0,1,0,0,0,0,1,0,0,0,0,1,0,1,0,1,0,0,0,0,0,0,0,0,0,0,0,1,0,0,0,1,0,0,0,0,0,0,0,1,0,1,0,0,0,1,0,0,0,0,0,0,1,0,0,0,0,1,0,1,0,1,0,0,0,0,0,0,0,0,0,1,0,1,0,1,0,0.083225539,0.036117574,0.007363676,0.234675216,0.011910355,0.119783206,0.187714611,0.061518345,0.017165549,0.083652388,0.036288317,0.088843559,0.158593124,0.069271932,0.090028968,0.037733581,0.13574736,0.042670539,0.078979628,0.059091657,0.004114266,0.057820866,0.213825865,0.357897659,0.061126004,0.035692709,0.023139306,0.033584536,0.051933134,0.279176762,1,1,0,0,0,0,0,0,0,0,0,0,0,0,0,0,2,14
15,0,0,1,0,0,0,0,0,0,0,0,0,0,0,0,0,0,0,1,0,0,0,0,0,0,0,0,0,0,0,1,0,0,1,0,1,1,0,0,0,0,0,0,0,0,0,1,1,0,0,0,1,1,1,0,0,0,0,0,0,0,0,0,0,0,0,0,1,0,0,1,0,0,0,0,0,0,1,0,0,0,1,0,0,1,0,0,0,1,0,0,0,1,1,0,1,0,0,0,1,0,0,0,0,0,0,0,0,1,1,0,0,0,1,1,0,0,1,0,0,0,0,0,1,0,0,0,1,0,0,0,0,0,0,0,0,0,0,0,0,1,1,1,0,0,1,0,1,0,1,0,0,0,0,1,0,0,0,0,1,0,1,0,1,0,0,0,0,0,0,0,0,0,0,0,1,0,0,0,1,0,0,0,0,0,0,0,1,0,1,0,0,0,1,0,0,0,0,0,0,1,0,0,0,0,1,0,1,0,1,0,0,0,0,0,0,0,0,0,1,0,1,0,1,0,0.069598087,0.053245672,0.001870823,0.226494738,0.005894746,0.173074866,0.113453654,0.002028099,0.101044288,0.026882725,0.031803717,0.010075162,0.04684785,0.060534786,0.029599561,0.001217664,0.045295409,0.057746834,0.000278382,0.008902795,0.024898628,0.008011265,0.014508489,0.007689275,0.0036276,0.000285495,0.045366953,0.032497019,0.029268491,0.025959611,1,1,0,0,0,0,0,0,0,0,0,0,0,0,0,0,2,10
15,0,0,1,0,0,0,0,0,0,0,0,0,0,0,0,0,0,0,1,0,0,0,0,0,0,0,0,0,0,0,1,0,0,1,0,1,1,0,0,0,0,0,0,0,0,0,1,1,0,0,0,1,1,1,0,0,0,0,0,0,0,0,0,0,0,0,0,1,0,0,1,0,0,0,0,0,0,1,0,0,0,1,0,0,1,0,0,0,1,0,0,0,1,1,0,1,0,0,0,1,0,0,0,0,0,0,0,0,1,1,0,0,0,1,1,0,0,1,0,0,0,0,0,1,0,0,0,1,0,0,0,0,0,0,0,0,0,0,0,0,1,1,1,0,0,1,0,1,0,1,0,0,0,0,1,0,0,0,0,1,0,1,0,1,0,0,0,0,0,0,0,0,0,0,0,1,0,0,0,1,0,0,0,0,0,0,0,1,0,1,0,0,0,1,0,0,0,0,0,0,1,0,0,0,0,1,0,1,0,1,0,0,0,0,0,0,0,0,0,1,0,1,0,1,0,0.056292997,0.012087842,0.008052755,0.159098448,0.019000714,0.126356088,0.099155028,0.02019045,0.01620814,0.00613493,0.025493425,0.011419093,0.032129548,0.037315535,0.003305348,0.004038939,0.045479524,0.006736284,0.025574859,0.00456538,0.016573324,0.002588908,0.026770284,0.005660002,0.009034818,0.001508734,0.010763373,0.025030582,0.013470934,0.014097348,1,1,0,0,0,0,0,0,0,0,0,0,0,0,0,0,2,7
15,0,0,1,0,0,0,0,0,0,0,0,0,0,0,0,0,0,0,1,0,0,0,0,0,0,0,0,0,0,0,1,0,0,1,0,1,1,0,0,0,0,0,0,0,0,0,1,1,0,0,0,1,1,1,0,0,0,0,0,0,0,0,0,0,0,0,0,1,0,0,1,0,0,0,0,0,0,1,0,0,0,1,0,0,1,0,0,0,1,0,0,0,1,1,0,1,0,0,0,1,0,0,0,0,0,0,0,0,1,1,0,0,0,1,1,0,0,1,0,0,0,0,0,1,0,0,0,1,0,0,0,0,0,0,0,0,0,0,0,0,1,1,1,0,0,1,0,1,0,1,0,0,0,0,1,0,0,0,0,1,0,1,0,1,0,0,0,0,0,0,0,0,0,0,0,1,0,0,0,1,0,0,0,0,0,0,0,1,0,1,0,0,0,1,0,0,0,0,0,0,1,0,0,0,0,1,0,1,0,1,0,0,0,0,0,0,0,0,0,1,0,1,0,1,0,0.074029131,0.023257211,0.008968368,0.130261484,0.01750986,0.109923184,0.092729096,0.029815817,0.010845838,0.008975814,0.028690339,0.011850146,0.033592349,0.016580111,0.0246088,0.005522151,0.023669412,0.003023988,0.024690143,0.001908534,0.014793526,0.004689752,0.016420873,0.004081486,0.001161342,0.00328764,0.028253187,0.005335711,0.005323993,0.014842726,1,1,0,0,0,0,0,0,0,0,0,0,0,0,0,0,2,9
15,0,0,1,0,0,0,0,0,0,0,0,0,0,0,0,0,0,0,1,0,0,0,0,0,0,0,0,0,0,0,1,0,0,1,0,1,1,0,0,0,0,0,0,0,0,0,1,1,0,0,0,1,1,1,0,0,0,0,0,0,0,0,0,0,0,0,0,1,0,0,1,0,0,0,0,0,0,1,0,0,0,1,0,0,1,0,0,0,1,0,0,0,1,1,0,1,0,0,0,1,0,0,0,0,0,0,0,0,1,1,0,0,0,1,1,0,0,1,0,0,0,0,0,1,0,0,0,1,0,0,0,0,0,0,0,0,0,0,0,0,1,1,1,0,0,1,0,1,0,1,0,0,0,0,1,0,0,0,0,1,0,1,0,1,0,0,0,0,0,0,0,0,0,0,0,1,0,0,0,1,0,0,0,0,0,0,0,1,0,1,0,0,0,1,0,0,0,0,0,0,1,0,0,0,0,1,0,1,0,1,0,0,0,0,0,0,0,0,0,1,0,1,0,1,0,0.05408141,0.017770607,0.012043244,0.166841093,0.00155471,0.132914539,0.104958054,0.012708039,0.027402624,0.004883851,0.035361817,0.029032087,0.031666335,0.030966368,0.024103719,0.001446492,0.072936546,0.004095387,0.0240857,0.005546002,0.024395987,0.009534189,0.012239923,0.016015909,0.022299893,0.006553572,0.022275314,0.024963673,0.034532398,0.011557397,1,1,0,0,0,0,0,0,0,0,0,0,0,0,0,0,2,7
15,0,0,1,0,0,0,0,0,0,0,0,0,0,0,0,0,0,0,1,0,0,0,0,0,0,0,0,0,0,0,1,0,0,1,0,1,1,0,0,0,0,0,0,0,0,0,1,1,0,0,0,1,1,1,0,0,0,0,0,0,0,0,0,0,0,0,0,1,0,0,1,0,0,0,0,0,0,1,0,0,0,1,0,0,1,0,0,0,1,0,0,0,1,1,0,1,0,0,0,1,0,0,0,0,0,0,0,0,1,1,0,0,0,1,1,0,0,1,0,0,0,0,0,1,0,0,0,1,0,0,0,0,0,0,0,0,0,0,0,0,1,1,1,0,0,1,0,1,0,1,0,0,0,0,1,0,0,0,0,1,0,1,0,1,0,0,0,0,0,0,0,0,0,0,0,1,0,0,0,1,0,0,0,0,0,0,0,1,0,1,0,0,0,1,0,0,0,0,0,0,1,0,0,0,0,1,0,1,0,1,0,0,0,0,0,0,0,0,0,1,0,1,0,1,0,0.071177604,0.023284184,0.002132802,0.126499308,0.006558933,0.109851224,0.085564866,0.027624616,0.010509977,0.00686398,0.029634651,0.013862529,0.026493586,0.022420217,0.013278926,0.003067617,0.065430702,0.009356053,0.024838215,0.003397923,0.012057767,0.008095868,0.018206506,0.012437949,0.005968829,0.001612871,0.00549267,0.005376611,0.027421856,0.010990132,1,1,0,0,0,0,0,0,0,0,0,0,0,0,0,0,2,9
15,0,0,1,0,0,0,0,0,0,0,0,0,0,0,0,0,0,0,1,0,0,0,0,0,0,0,0,0,0,0,1,0,0,1,0,1,1,0,0,0,0,0,0,0,0,0,1,1,0,0,0,1,1,1,0,0,0,0,0,0,0,0,0,0,0,0,0,1,0,0,1,0,0,0,0,0,0,1,0,0,0,1,0,0,1,0,0,0,1,0,0,0,1,1,0,1,0,0,0,1,0,0,0,0,0,0,0,0,1,1,0,0,0,1,1,0,0,1,0,0,0,0,0,1,0,0,0,1,0,0,0,0,0,0,0,0,0,0,0,0,1,1,1,0,0,1,0,1,0,1,0,0,0,0,1,0,0,0,0,1,0,1,0,1,0,0,0,0,0,0,0,0,0,0,0,1,0,0,0,1,0,0,0,0,0,0,0,1,0,1,0,0,0,1,0,0,0,0,0,0,1,0,0,0,0,1,0,1,0,1,0,0,0,0,0,0,0,0,0,1,0,1,0,1,0,0.062664565,0.022705302,0.01353431,0.126706983,0.003448163,0.109923184,0.098839366,0.027835794,0.010697652,0.006497494,0.026779938,0.006808501,0.03056462,0.007112166,0.025207152,0.003060098,0.021159816,0.000208434,0.026781742,0.002193621,0.010463889,0.00432105,0.013921587,0.004082238,0.006177199,0.001684816,0.014458948,0.000173721,0.016562811,0.010490892,1,1,0,0,0,0,0,0,0,0,0,0,0,0,0,0,2,9
15,0,0,1,0,0,0,0,0,0,0,0,0,0,0,0,0,0,0,1,0,0,0,0,0,0,0,0,0,0,0,1,0,0,1,0,1,1,0,0,0,0,0,0,0,0,0,1,1,0,0,0,1,1,1,0,0,0,0,0,0,0,0,0,0,0,0,0,1,0,0,1,0,0,0,0,0,0,1,0,0,0,1,0,0,1,0,0,0,1,0,0,0,1,1,0,1,0,0,0,1,0,0,0,0,0,0,0,0,1,1,0,0,0,1,1,0,0,1,0,0,0,0,0,1,0,0,0,1,0,0,0,0,0,0,0,0,0,0,0,0,1,1,1,0,0,1,0,1,0,1,0,0,0,0,1,0,0,0,0,1,0,1,0,1,0,0,0,0,0,0,0,0,0,0,0,1,0,0,0,1,0,0,0,0,0,0,0,1,0,1,0,0,0,1,0,0,0,0,0,0,1,0,0,0,0,1,0,1,0,1,0,0,0,0,0,0,0,0,0,1,0,1,0,1,0,0.056453965,0.021331683,0.004140999,0.165193879,0.001792919,0.13210449,0.099730922,0.011007759,0.019067826,0.029522657,0.023280437,0.021785549,0.033310399,0.033945967,0.023402074,0.013976234,0.018029169,0.003485129,0.022899354,0.023556335,0.006026654,0.002623322,0.013503319,0.001914079,0.009034818,0.000753574,0.007004414,0.009128697,0.016552338,0.015204345,1,1,0,0,0,0,0,0,0,0,0,0,0,0,0,0,2,9
15,0,0,1,0,0,0,0,0,0,0,0,0,0,0,0,0,0,0,1,0,0,0,0,0,0,0,0,0,0,0,1,0,0,1,0,1,1,0,0,0,0,0,0,0,0,0,1,1,0,0,0,1,1,1,0,0,0,0,0,0,0,0,0,0,0,0,0,1,0,0,1,0,0,0,0,0,0,1,0,0,0,1,0,0,1,0,0,0,1,0,0,0,1,1,0,1,0,0,0,1,0,0,0,0,0,0,0,0,1,1,0,0,0,1,1,0,0,1,0,0,0,0,0,1,0,0,0,1,0,0,0,0,0,0,0,0,0,0,0,0,1,1,1,0,0,1,0,1,0,1,0,0,0,0,1,0,0,0,0,1,0,1,0,1,0,0,0,0,0,0,0,0,0,0,0,1,0,0,0,1,0,0,0,0,0,0,0,1,0,1,0,0,0,1,0,0,0,0,0,0,1,0,0,0,0,1,0,1,0,1,0,0,0,0,0,0,0,0,0,1,0,1,0,1,0,0.056485318,0.019095861,0.00500947,0.120144677,0.00046162,0.109228883,0.080396133,0.015298351,0.008822109,0.005570437,0.015399162,0.01434429,0.024320113,0.016411353,0.016188609,0.003199185,0.027295691,0.004278431,0.02257264,4.91E-05,0.015075527,0.002684545,0.006671311,0.011296793,0.002894008,0.000630644,0.006628044,0.008126313,0.017915863,0.015540132,1,1,0,0,0,0,0,0,0,0,0,0,0,0,0,0,2,9
15,0,0,1,0,0,0,0,0,0,0,0,0,0,0,0,0,0,0,1,0,0,0,0,0,0,0,0,0,0,0,1,0,0,1,0,1,1,0,0,0,0,0,0,0,0,0,1,1,0,0,0,1,1,1,0,0,0,0,0,0,0,0,0,0,0,0,0,1,0,0,1,0,0,0,0,0,0,1,0,0,0,1,0,0,1,0,0,0,1,0,0,0,1,1,0,1,0,0,0,1,0,0,0,0,0,0,0,0,1,1,0,0,0,1,1,0,0,1,0,0,0,0,0,1,0,0,0,1,0,0,0,0,0,0,0,0,0,0,0,0,1,1,1,0,0,1,0,1,0,1,0,0,0,0,1,0,0,0,0,1,0,1,0,1,0,0,0,0,0,0,0,0,0,0,0,1,0,0,0,1,0,0,0,0,0,0,0,1,0,1,0,0,0,1,0,0,0,0,0,0,1,0,0,0,0,1,0,1,0,1,0,0,0,0,0,0,0,0,0,1,0,1,0,1,0,0.066468468,0.019827167,0.0081498,0.16598961,0.004178886,0.129875706,0.117404662,0.00382617,0.025224223,0.005593605,0.031545733,0.022188304,0.025792532,0.031798763,0.03000208,7.67E-05,0.054485696,0.013550504,0.024522424,0.005789134,0.010816217,0.007381638,0.018762319,0.001352087,0.007252094,0.006224057,0.025351665,0.0295782,0.032207458,0.026358909,1,1,0,0,0,0,0,0,0,0,0,0,0,0,0,0,2,7
15,0,0,1,0,0,0,0,0,0,0,0,0,0,0,0,0,0,0,1,0,0,0,0,0,0,0,0,0,0,0,1,0,0,1,0,1,1,0,0,0,0,0,0,0,0,0,1,1,0,0,0,1,1,1,0,0,0,0,0,0,0,0,0,0,0,0,0,1,0,0,1,0,0,0,0,0,0,1,0,0,0,1,0,0,1,0,0,0,1,0,0,0,1,1,0,1,0,0,0,1,0,0,0,0,0,0,0,0,1,1,0,0,0,1,1,0,0,1,0,0,0,0,0,1,0,0,0,1,0,0,0,0,0,0,0,0,0,0,0,0,1,1,1,0,0,1,0,1,0,1,0,0,0,0,1,0,0,0,0,1,0,1,0,1,0,0,0,0,0,0,0,0,0,0,0,1,0,0,0,1,0,0,0,0,0,0,0,1,0,1,0,0,0,1,0,0,0,0,0,0,1,0,0,0,0,1,0,1,0,1,0,0,0,0,0,0,0,0,0,1,0,1,0,1,0,0.056714392,0.010559505,0.005388174,0.122529069,0.000400389,0.112155269,0.099682545,0.0314368,0.005401666,0.006733292,0.010746572,0.00951157,0.019767753,0.029965624,0.003742646,0.000259769,0.009834788,0.003272612,0.0044117,0.003961504,0.014132038,0.011367168,0.014832454,0.006172423,0.003627451,0.015305473,0.013722497,0.020531814,0.005294821,0.010483516,1,1,0,0,0,0,0,0,0,0,0,0,0,0,0,0,2,7
15,0,0,1,0,0,0,0,0,0,0,0,0,0,0,0,0,0,0,1,0,0,0,0,0,0,0,0,0,0,0,1,0,0,1,0,1,1,0,0,0,0,0,0,0,0,0,1,1,0,0,0,1,1,1,0,0,0,0,0,0,0,0,0,0,0,0,0,1,0,0,1,0,0,0,0,0,0,1,0,0,0,1,0,0,1,0,0,0,1,0,0,0,1,1,0,1,0,0,0,1,0,0,0,0,0,0,0,0,1,1,0,0,0,1,1,0,0,1,0,0,0,0,0,1,0,0,0,1,0,0,0,0,0,0,0,0,0,0,0,0,1,1,1,0,0,1,0,1,0,1,0,0,0,0,1,0,0,0,0,1,0,1,0,1,0,0,0,0,0,0,0,0,0,0,0,1,0,0,0,1,0,0,0,0,0,0,0,1,0,1,0,0,0,1,0,0,0,0,0,0,1,0,0,0,0,1,0,1,0,1,0,0,0,0,0,0,0,0,0,1,0,1,0,1,0,0.05833245,0.002229776,0.00156351,0.112072852,0.000488151,0.105448065,0.098567694,0.025881815,0.00497817,0.001890252,0.010619905,0.018379656,0.011297516,0.02993831,0.009550935,0.005315467,0.016227868,0.004625893,0.014885292,0.003727195,0.005591896,0.001081377,0.01451781,0.000457807,0.001976079,0.003153166,0.000833623,0.007259098,0.004246218,0.002797633,1,1,0,0,0,0,0,0,0,0,0,0,0,0,0,0,2,11
15,0,0,1,0,0,0,0,0,0,0,0,0,0,0,0,0,0,0,1,0,0,0,0,0,0,0,0,0,0,0,1,0,0,1,0,1,1,0,0,0,0,0,0,0,0,0,1,1,0,0,0,1,1,1,0,0,0,0,0,0,0,0,0,0,0,0,0,1,0,0,1,0,0,0,0,0,0,1,0,0,0,1,0,0,1,0,0,0,1,0,0,0,1,1,0,1,0,0,0,1,0,0,0,0,0,0,0,0,1,1,0,0,0,1,1,0,0,1,0,0,0,0,0,1,0,0,0,1,0,0,0,0,0,0,0,0,0,0,0,0,1,1,1,0,0,1,0,1,0,1,0,0,0,0,1,0,0,0,0,1,0,1,0,1,0,0,0,0,0,0,0,0,0,0,0,1,0,0,0,1,0,0,0,0,0,0,0,1,0,1,0,0,0,1,0,0,0,0,0,0,1,0,0,0,0,1,0,1,0,1,0,0,0,0,0,0,0,0,0,1,0,1,0,1,0,0.064469244,0.017410408,0.009106413,0.138335331,0.003496491,0.119866075,0.092746193,0.026300244,0.017138466,0.005824766,0.014764983,0.003802683,0.022121094,0.001771345,0.024010245,0.001432976,0.031784735,0.004472966,0.02542261,0.004467459,0.013559826,0.014086922,0.007324955,0.002106582,0.000136159,0.00614801,0.013082044,0.012237249,0.002576348,0.006185552,1,1,0,0,0,0,0,0,0,0,0,0,0,0,0,0,2,9
15,0,0,1,0,0,0,0,0,0,0,0,0,0,0,0,0,0,0,1,0,0,0,0,0,0,0,0,0,0,0,1,0,0,1,0,1,1,0,0,0,0,0,0,0,0,0,1,1,0,0,0,1,1,1,0,0,0,0,0,0,0,0,0,0,0,0,0,1,0,0,1,0,0,0,0,0,0,1,0,0,0,1,0,0,1,0,0,0,1,0,0,0,1,1,0,1,0,0,0,1,0,0,0,0,0,0,0,0,1,1,0,0,0,1,1,0,0,1,0,0,0,0,0,1,0,0,0,1,0,0,0,0,0,0,0,0,0,0,0,0,1,1,1,0,0,1,0,1,0,1,0,0,0,0,1,0,0,0,0,1,0,1,0,1,0,0,0,0,0,0,0,0,0,0,0,1,0,0,0,1,0,0,0,0,0,0,0,1,0,1,0,0,0,1,0,0,0,0,0,0,1,0,0,0,0,1,0,1,0,1,0,0,0,0,0,0,0,0,0,1,0,1,0,1,0,0.062613107,0.022812774,0.014913697,0.167202351,0.017938137,0.132974903,0.093517599,0.012993222,0.018937471,0.027010702,0.029475123,0.019844033,0.031158085,0.033167153,0.041314571,0.013320204,0.080034685,0.023447352,0.027648835,0.024465454,0.028165739,0.016228079,0.018533362,0.01767929,0.009177661,0.001057865,0.030073123,0.026593008,0.027604679,0.028226782,1,1,0,0,0,0,0,0,0,0,0,0,0,0,0,0,2,9
15,0,0,1,0,0,0,0,0,0,0,0,0,0,0,0,0,0,0,1,0,0,0,0,0,0,0,0,0,0,0,1,0,0,1,0,1,1,0,0,0,0,0,0,0,0,0,1,1,0,0,0,1,1,1,0,0,0,0,0,0,0,0,0,0,0,0,0,1,0,0,1,0,0,0,0,0,0,1,0,0,0,1,0,0,1,0,0,0,1,0,0,0,1,1,0,1,0,0,0,1,0,0,0,0,0,0,0,0,1,1,0,0,0,1,1,0,0,1,0,0,0,0,0,1,0,0,0,1,0,0,0,0,0,0,0,0,0,0,0,0,1,1,1,0,0,1,0,1,0,1,0,0,0,0,1,0,0,0,0,1,0,1,0,1,0,0,0,0,0,0,0,0,0,0,0,1,0,0,0,1,0,0,0,0,0,0,0,1,0,1,0,0,0,1,0,0,0,0,0,0,1,0,0,0,0,1,0,1,0,1,0,0,0,0,0,0,0,0,0,1,0,1,0,1,0,0.075758579,0.013598819,0.003502171,0.136727298,0.000343184,0.115760969,0.096845797,0.003848532,0.017955366,0.007710467,0.022318766,0.009339345,0.023810443,0.02899975,0.011312426,0.001441372,0.086174117,0.002523213,0.015848668,0.004872002,0.014458861,0.007243568,0.006935834,0.000200689,0.005644523,0.000114175,0.011665578,0.002129039,0.00762484,0.007989892,1,1,0,0,0,0,0,0,0,0,0,0,0,0,0,0,2,14
15,0,0,1,0,0,0,0,0,0,0,0,0,0,0,0,0,0,0,1,0,0,0,0,0,0,0,0,0,0,0,1,0,0,1,0,1,1,0,0,0,0,0,0,0,0,0,1,1,0,0,0,1,1,1,0,0,0,0,0,0,0,0,0,0,0,0,0,1,0,0,1,0,0,0,0,0,0,1,0,0,0,1,0,0,1,0,0,0,1,0,0,0,1,1,0,1,0,0,0,1,0,0,0,0,0,0,0,0,1,1,0,0,0,1,1,0,0,1,0,0,0,0,0,1,0,0,0,1,0,0,0,0,0,0,0,0,0,0,0,0,1,1,1,0,0,1,0,1,0,1,0,0,0,0,1,0,0,0,0,1,0,1,0,1,0,0,0,0,0,0,0,0,0,0,0,1,0,0,0,1,0,0,0,0,0,0,0,1,0,1,0,0,0,1,0,0,0,0,0,0,1,0,0,0,0,1,0,1,0,1,0,0,0,0,0,0,0,0,0,1,0,1,0,1,0,0.035737418,0.020918824,0.002479719,0.123539227,0.002543771,0.111127803,0.068801882,0.011676626,0.02625248,0.01274468,0.028310583,0.003381867,0.045454687,0.010770579,0.024589306,0.005729483,0.03957279,0.006157217,0.025181144,0.006371415,0.018883682,0.004661362,0.024709764,0.001191038,0.027437643,0.002200507,0.030052292,0.009760685,0.009736067,0.014472999,1,1,0,0,0,0,0,0,0,0,0,0,0,0,0,0,2,9
15,0,0,1,0,0,0,0,0,0,0,0,0,0,0,0,0,0,0,1,0,0,0,0,0,0,0,0,0,0,0,1,0,0,1,0,1,1,0,0,0,0,0,0,0,0,0,1,1,0,0,0,1,1,1,0,0,0,0,0,0,0,0,0,0,0,0,0,1,0,0,1,0,0,0,0,0,0,1,0,0,0,1,0,0,1,0,0,0,1,0,0,0,1,1,0,1,0,0,0,1,0,0,0,0,0,0,0,0,1,1,0,0,0,1,1,0,0,1,0,0,0,0,0,1,0,0,0,1,0,0,0,0,0,0,0,0,0,0,0,0,1,1,1,0,0,1,0,1,0,1,0,0,0,0,1,0,0,0,0,1,0,1,0,1,0,0,0,0,0,0,0,0,0,0,0,1,0,0,0,1,0,0,0,0,0,0,0,1,0,1,0,0,0,1,0,0,0,0,0,0,1,0,0,0,0,1,0,1,0,1,0,0,0,0,0,0,0,0,0,1,0,1,0,1,0,0.05975657,0.054170395,0.005854043,0.21828966,0.002144865,0.170094078,0.102315609,0.003939662,0.039882812,0.004206555,0.027351491,0.02970456,0.02662795,0.051785414,0.031899726,0.002322235,0.030877853,0.043214108,0.024853252,0.007477732,0.023107896,0.0025388,0.023764974,0.021414571,0.019315516,0.026447193,0.014683781,0.032073523,0.019060078,0.03998741,1,1,0,0,0,0,0,0,0,0,0,0,0,0,0,0,2,5
15,0,0,1,0,0,0,0,0,0,0,0,0,0,0,0,0,0,0,1,0,0,0,0,0,0,0,0,0,0,0,1,0,0,1,0,1,1,0,0,0,0,0,0,0,0,0,1,1,0,0,0,1,1,1,0,0,0,0,0,0,0,0,0,0,0,0,0,1,0,0,1,0,0,0,0,0,0,1,0,0,0,1,0,0,1,0,0,0,1,0,0,0,1,1,0,1,0,0,0,1,0,0,0,0,0,0,0,0,1,1,0,0,0,1,1,0,0,1,0,0,0,0,0,1,0,0,0,1,0,0,0,0,0,0,0,0,0,0,0,0,1,1,1,0,0,1,0,1,0,1,0,0,0,0,1,0,0,0,0,1,0,1,0,1,0,0,0,0,0,0,0,0,0,0,0,1,0,0,0,1,0,0,0,0,0,0,0,1,0,1,0,0,0,1,0,0,0,0,0,0,1,0,0,0,0,1,0,1,0,1,0,0,0,0,0,0,0,0,0,1,0,1,0,1,0,0.145108201,0.024202165,0.092948391,0.227294206,0.00602872,0.111646192,0.195448108,0.002090232,0.092524118,0.023613547,0.025839987,0.043469303,0.03970832,0.077516984,0.066306264,0.022026903,0.134282855,0.042962645,0.024772762,0.00919529,0.026992123,0.007885106,0.030629452,0.016184692,0.011442471,0.02385268,0.076898817,0.033768502,0.046222216,0.007727823,1,1,0,0,0,0,0,0,0,0,0,0,0,0,0,0,2,8
15,0,0,1,0,0,0,0,0,0,0,0,0,0,0,0,0,0,0,1,0,0,0,0,0,0,0,0,0,0,0,1,0,0,1,1,0,0,0,0,0,0,0,0,0,0,0,1,1,0,1,0,0,0,0,0,0,0,0,0,0,0,0,1,1,0,0,0,0,0,0,0,0,0,0,0,0,0,0,0,0,0,0,0,0,0,0,0,0,0,0,0,0,0,0,0,0,0,0,0,0,0,0,0,0,0,0,0,0,0,0,0,0,0,0,0,0,0,0,0,0,0,0,0,0,0,0,0,0,0,0,0,0,0,0,0,0,0,0,0,0,0,0,0,0,0,0,0,0,0,0,0,0,0,0,0,0,0,0,0,0,0,0,0,0,0,0,0,0,0,0,0,0,0,0,0,0,0,0,0,0,0,0,0,0,0,0,0,0,0,0,0,0,0,0,0,0,0,0,0,0,0,0,0,0,0,0,0,0,0,0,0,0,0,0,0,0,0,0,0,0,0,0,0,0,0,0.449708268,0.361862303,0.274473003,0.354935813,0.340117107,0.354811985,0.449470438,0.370897673,0.419125481,0.261246991,0.449708268,0.361862303,0.449708268,0.361862303,0.449708268,0.361862303,0.449708268,0.361862303,0.449708268,0.361862303,0.449708268,0.361862303,0.449708268,0.361862303,0.449708268,0.361862303,0.449708268,0.361862303,0.449708268,0.361862303,1,1,0,0,0,1,1,1,1,1,1,1,1,1,1,0,2,4
15,0,0,1,0,0,0,0,0,0,0,0,0,0,0,0,0,0,0,1,0,0,0,0,0,0,0,0,0,0,0,1,0,0,1,1,0,0,0,0,0,0,0,0,0,0,0,1,1,0,1,0,0,0,0,0,0,0,0,0,0,0,0,1,1,0,0,0,0,0,0,0,0,0,0,0,0,0,0,0,0,0,0,0,0,0,0,0,0,0,0,0,0,0,0,0,0,0,0,0,0,0,0,0,0,0,0,0,0,0,0,0,0,0,0,0,0,0,0,0,0,0,0,0,0,0,0,0,0,0,0,0,0,0,0,0,0,0,0,0,0,0,0,0,0,0,0,0,0,0,0,0,0,0,0,0,0,0,0,0,0,0,0,0,0,0,0,0,0,0,0,0,0,0,0,0,0,0,0,0,0,0,0,0,0,0,0,0,0,0,0,0,0,0,0,0,0,0,0,0,0,0,0,0,0,0,0,0,0,0,0,0,0,0,0,0,0,0,0,0,0,0,0,0,0,0,0.125345263,0.2058328,0.235061646,0.045256738,0.077301549,0.330731628,0.166074416,0.210776784,0.115135276,0.138624234,0.125345263,0.2058328,0.125345263,0.2058328,0.125345263,0.2058328,0.125345263,0.2058328,0.125345263,0.2058328,0.125345263,0.2058328,0.125345263,0.2058328,0.125345263,0.2058328,0.125345263,0.2058328,0.125345263,0.2058328,1,1,0,0,0,1,1,1,1,1,1,1,1,1,1,0,2,4
15,0,0,1,0,0,0,0,0,0,0,0,0,0,0,0,0,0,0,1,0,0,0,0,0,0,0,0,0,0,0,1,0,0,1,1,0,0,0,0,0,0,0,0,0,0,0,1,1,0,1,0,0,0,0,0,0,0,0,0,0,0,0,1,1,0,0,0,0,0,0,0,0,0,0,0,0,0,0,0,0,0,0,0,0,0,0,0,0,0,0,0,0,0,0,0,0,0,0,0,0,0,0,0,0,0,0,0,0,0,0,0,0,0,0,0,0,0,0,0,0,0,0,0,0,0,0,0,0,0,0,0,0,0,0,0,0,0,0,0,0,0,0,0,0,0,0,0,0,0,0,0,0,0,0,0,0,0,0,0,0,0,0,0,0,0,0,0,0,0,0,0,0,0,0,0,0,0,0,0,0,0,0,0,0,0,0,0,0,0,0,0,0,0,0,0,0,0,0,0,0,0,0,0,0,0,0,0,0,0,0,0,0,0,0,0,0,0,0,0,0,0,0,0,0,0,0.086380793,0.002097059,0.012486857,0.037912414,0.035400726,0.052025146,0.001002933,0.121445541,0.144528624,0.112633331,0.086380793,0.002097059,0.086380793,0.002097059,0.086380793,0.002097059,0.086380793,0.002097059,0.086380793,0.002097059,0.086380793,0.002097059,0.086380793,0.002097059,0.086380793,0.002097059,0.086380793,0.002097059,0.086380793,0.002097059,1,1,0,0,0,1,1,1,1,1,1,1,1,1,1,0,2,4
15,0,0,1,0,0,0,0,0,0,0,0,0,0,0,0,0,0,0,1,0,0,0,0,0,0,0,0,0,0,0,1,0,0,1,1,0,0,0,0,0,0,0,0,0,0,0,1,1,0,1,0,0,0,0,0,0,0,0,0,0,0,0,1,1,0,0,0,0,0,0,0,0,0,0,0,0,0,0,0,0,0,0,0,0,0,0,0,0,0,0,0,0,0,0,0,0,0,0,0,0,0,0,0,0,0,0,0,0,0,0,0,0,0,0,0,0,0,0,0,0,0,0,0,0,0,0,0,0,0,0,0,0,0,0,0,0,0,0,0,0,0,0,0,0,0,0,0,0,0,0,0,0,0,0,0,0,0,0,0,0,0,0,0,0,0,0,0,0,0,0,0,0,0,0,0,0,0,0,0,0,0,0,0,0,0,0,0,0,0,0,0,0,0,0,0,0,0,0,0,0,0,0,0,0,0,0,0,0,0,0,0,0,0,0,0,0,0,0,0,0,0,0,0,0,0,0.449760614,0.375895068,0.260149775,0.350288048,0.347994455,0.355434736,0.448881888,0.381312069,0.416018462,0.254481509,0.449760614,0.375895068,0.449760614,0.375895068,0.449760614,0.375895068,0.449760614,0.375895068,0.449760614,0.375895068,0.449760614,0.375895068,0.449760614,0.375895068,0.449760614,0.375895068,0.449760614,0.375895068,0.449760614,0.375895068,1,1,0,0,0,1,1,1,1,1,1,1,1,1,1,0,2,4
15,0,0,1,0,0,0,0,0,0,0,0,0,0,0,0,0,0,0,1,0,0,0,0,0,0,0,0,0,0,0,1,0,0,1,1,0,0,0,0,0,0,0,0,0,0,0,1,1,0,1,0,0,0,0,0,0,0,0,0,0,0,0,1,1,0,0,0,0,0,0,0,0,0,0,0,0,0,0,0,0,0,0,0,0,0,0,0,0,0,0,0,0,0,0,0,0,0,0,0,0,0,0,0,0,0,0,0,0,0,0,0,0,0,0,0,0,0,0,0,0,0,0,0,0,0,0,0,0,0,0,0,0,0,0,0,0,0,0,0,0,0,0,0,0,0,0,0,0,0,0,0,0,0,0,0,0,0,0,0,0,0,0,0,0,0,0,0,0,0,0,0,0,0,0,0,0,0,0,0,0,0,0,0,0,0,0,0,0,0,0,0,0,0,0,0,0,0,0,0,0,0,0,0,0,0,0,0,0,0,0,0,0,0,0,0,0,0,0,0,0,0,0,0,0,0,0.125345263,0.2058328,0.235061646,0.045256738,0.077301549,0.330731628,0.166074416,0.210776784,0.115135276,0.13381723,0.125345263,0.2058328,0.125345263,0.2058328,0.125345263,0.2058328,0.125345263,0.2058328,0.125345263,0.2058328,0.125345263,0.2058328,0.125345263,0.2058328,0.125345263,0.2058328,0.125345263,0.2058328,0.125345263,0.2058328,1,1,0,0,0,1,1,1,1,1,1,1,1,1,1,0,2,4
15,0,0,1,0,0,0,0,0,0,0,0,0,0,0,0,0,0,0,1,0,0,0,0,0,0,0,0,0,0,0,1,0,0,1,1,0,0,0,0,0,0,0,0,0,0,0,1,1,0,1,0,0,0,0,0,0,0,0,0,0,0,0,1,1,0,0,0,0,0,0,0,0,0,0,0,0,0,0,0,0,0,0,0,0,0,0,0,0,0,0,0,0,0,0,0,0,0,0,0,0,0,0,0,0,0,0,0,0,0,0,0,0,0,0,0,0,0,0,0,0,0,0,0,0,0,0,0,0,0,0,0,0,0,0,0,0,0,0,0,0,0,0,0,0,0,0,0,0,0,0,0,0,0,0,0,0,0,0,0,0,0,0,0,0,0,0,0,0,0,0,0,0,0,0,0,0,0,0,0,0,0,0,0,0,0,0,0,0,0,0,0,0,0,0,0,0,0,0,0,0,0,0,0,0,0,0,0,0,0,0,0,0,0,0,0,0,0,0,0,0,0,0,0,0,0,0.104591432,0.004804772,0.008963851,0.03772285,0.033907191,0.049479629,0.037900391,0.134377892,0.161979767,0.077639493,0.104591432,0.004804772,0.104591432,0.004804772,0.104591432,0.004804772,0.104591432,0.004804772,0.104591432,0.004804772,0.104591432,0.004804772,0.104591432,0.004804772,0.104591432,0.004804772,0.104591432,0.004804772,0.104591432,0.004804772,1,1,0,0,0,1,1,1,1,1,1,1,1,1,1,0,2,4
15,0,0,1,0,0,0,0,0,0,0,0,0,0,0,0,0,0,0,1,0,0,0,0,0,0,0,0,0,0,0,1,0,0,1,1,0,0,0,0,0,0,0,0,0,0,0,1,1,0,1,0,0,0,0,0,0,0,0,0,0,0,0,1,1,0,0,0,0,0,0,0,0,0,0,0,0,0,0,0,0,0,0,0,0,0,0,0,0,0,0,0,0,0,0,0,0,0,0,0,0,0,0,0,0,0,0,0,0,0,0,0,0,0,0,0,0,0,0,0,0,0,0,0,0,0,0,0,0,0,0,0,0,0,0,0,0,0,0,0,0,0,0,0,0,0,0,0,0,0,0,0,0,0,0,0,0,0,0,0,0,0,0,0,0,0,0,0,0,0,0,0,0,0,0,0,0,0,0,0,0,0,0,0,0,0,0,0,0,0,0,0,0,0,0,0,0,0,0,0,0,0,0,0,0,0,0,0,0,0,0,0,0,0,0,0,0,0,0,0,0,0,0,0,0,0,0.123767767,0.029600731,0.040999214,0.065264271,0.08175607,0.085404635,0.060358699,0.152921228,0.181721372,0.135594578,0.123767767,0.029600731,0.123767767,0.029600731,0.123767767,0.029600731,0.123767767,0.029600731,0.123767767,0.029600731,0.123767767,0.029600731,0.123767767,0.029600731,0.123767767,0.029600731,0.123767767,0.029600731,0.123767767,0.029600731,1,1,0,0,0,1,1,1,1,1,1,1,1,1,1,0,2,4
15,0,0,1,0,0,0,0,0,0,0,0,0,0,0,0,0,0,0,1,0,0,0,0,0,0,0,0,0,0,0,1,0,0,1,1,0,0,0,0,0,0,0,0,0,0,0,1,1,0,1,0,0,0,0,0,0,0,0,0,0,0,0,1,1,0,0,0,0,0,0,0,0,0,0,0,0,0,0,0,0,0,0,0,0,0,0,0,0,0,0,0,0,0,0,0,0,0,0,0,0,0,0,0,0,0,0,0,0,0,0,0,0,0,0,0,0,0,0,0,0,0,0,0,0,0,0,0,0,0,0,0,0,0,0,0,0,0,0,0,0,0,0,0,0,0,0,0,0,0,0,0,0,0,0,0,0,0,0,0,0,0,0,0,0,0,0,0,0,0,0,0,0,0,0,0,0,0,0,0,0,0,0,0,0,0,0,0,0,0,0,0,0,0,0,0,0,0,0,0,0,0,0,0,0,0,0,0,0,0,0,0,0,0,0,0,0,0,0,0,0,0,0,0,0,0,0.104591432,0.004804772,0.007594948,0.03772285,0.033907191,0.049479629,0.037900391,0.134377892,0.161979767,0.076165184,0.104591432,0.004804772,0.104591432,0.004804772,0.104591432,0.004804772,0.104591432,0.004804772,0.104591432,0.004804772,0.104591432,0.004804772,0.104591432,0.004804772,0.104591432,0.004804772,0.104591432,0.004804772,0.104591432,0.004804772,1,1,0,0,0,1,1,1,1,1,1,1,1,1,1,0,2,4
15,0,0,1,0,0,0,0,0,0,0,0,0,0,0,0,0,0,0,1,0,0,0,0,0,0,0,0,0,0,0,1,0,0,1,1,0,0,0,0,0,0,0,0,0,0,0,1,1,0,1,0,0,0,0,0,0,0,0,0,0,0,0,1,1,0,0,0,0,0,0,0,0,0,0,0,0,0,0,0,0,0,0,0,0,0,0,0,0,0,0,0,0,0,0,0,0,0,0,0,0,0,0,0,0,0,0,0,0,0,0,0,0,0,0,0,0,0,0,0,0,0,0,0,0,0,0,0,0,0,0,0,0,0,0,0,0,0,0,0,0,0,0,0,0,0,0,0,0,0,0,0,0,0,0,0,0,0,0,0,0,0,0,0,0,0,0,0,0,0,0,0,0,0,0,0,0,0,0,0,0,0,0,0,0,0,0,0,0,0,0,0,0,0,0,0,0,0,0,0,0,0,0,0,0,0,0,0,0,0,0,0,0,0,0,0,0,0,0,0,0,0,0,0,0,0,0.082130607,0.055532235,0.026002384,0.066351865,0.041423299,0.076770132,0.03129371,0.135599381,0.157376392,0.147300504,0.082130607,0.055532235,0.082130607,0.055532235,0.082130607,0.055532235,0.082130607,0.055532235,0.082130607,0.055532235,0.082130607,0.055532235,0.082130607,0.055532235,0.082130607,0.055532235,0.082130607,0.055532235,0.082130607,0.055532235,1,1,0,0,0,1,1,1,1,1,1,1,1,1,1,0,2,4
15,0,0,1,0,0,0,0,0,0,0,0,0,0,0,0,0,0,0,1,0,0,0,0,0,0,0,0,0,0,0,1,0,0,1,1,0,0,0,0,0,0,0,0,0,0,0,1,1,0,1,0,0,0,0,0,0,0,0,0,0,0,0,1,1,0,0,0,0,0,0,0,0,0,0,0,0,0,0,0,0,0,0,0,0,0,0,0,0,0,0,0,0,0,0,0,0,0,0,0,0,0,0,0,0,0,0,0,0,0,0,0,0,0,0,0,0,0,0,0,0,0,0,0,0,0,0,0,0,0,0,0,0,0,0,0,0,0,0,0,0,0,0,0,0,0,0,0,0,0,0,0,0,0,0,0,0,0,0,0,0,0,0,0,0,0,0,0,0,0,0,0,0,0,0,0,0,0,0,0,0,0,0,0,0,0,0,0,0,0,0,0,0,0,0,0,0,0,0,0,0,0,0,0,0,0,0,0,0,0,0,0,0,0,0,0,0,0,0,0,0,0,0,0,0,0,0.087743759,0.002627334,0.002664822,0.033722408,0.048119443,0.058069644,0.019517338,0.129633811,0.151748376,0.142522457,0.087743759,0.002627334,0.087743759,0.002627334,0.087743759,0.002627334,0.087743759,0.002627334,0.087743759,0.002627334,0.087743759,0.002627334,0.087743759,0.002627334,0.087743759,0.002627334,0.087743759,0.002627334,0.087743759,0.002627334,1,1,0,0,0,1,1,1,1,1,1,1,1,1,1,0,2,4
15,0,0,1,0,0,0,0,0,0,0,0,0,0,0,0,0,0,0,1,0,0,0,0,0,0,0,0,0,0,0,1,0,0,1,1,0,0,0,0,0,0,0,0,0,0,0,1,1,0,1,0,0,0,0,0,0,0,0,0,0,0,0,1,1,0,0,0,0,0,0,0,0,0,0,0,0,0,0,0,0,0,0,0,0,0,0,0,0,0,0,0,0,0,0,0,0,0,0,0,0,0,0,0,0,0,0,0,0,0,0,0,0,0,0,0,0,0,0,0,0,0,0,0,0,0,0,0,0,0,0,0,0,0,0,0,0,0,0,0,0,0,0,0,0,0,0,0,0,0,0,0,0,0,0,0,0,0,0,0,0,0,0,0,0,0,0,0,0,0,0,0,0,0,0,0,0,0,0,0,0,0,0,0,0,0,0,0,0,0,0,0,0,0,0,0,0,0,0,0,0,0,0,0,0,0,0,0,0,0,0,0,0,0,0,0,0,0,0,0,0,0,0,0,0,0,0.184475246,0.204595963,0.117555183,0.2215695,0.177823459,0.256986208,0.16953573,0.177640236,0.181213813,0.429202248,0.184475246,0.204595963,0.184475246,0.204595963,0.184475246,0.204595963,0.184475246,0.204595963,0.184475246,0.204595963,0.184475246,0.204595963,0.184475246,0.204595963,0.184475246,0.204595963,0.184475246,0.204595963,0.184475246,0.204595963,1,1,0,0,0,1,1,1,1,1,1,1,1,1,1,0,2,4
15,0,0,1,0,0,0,0,0,0,0,0,0,0,0,0,0,0,0,1,0,0,0,0,0,0,0,0,0,0,0,1,0,0,1,1,0,0,0,0,0,0,0,0,0,0,0,1,1,0,1,0,0,0,0,0,0,0,0,0,0,0,0,1,1,0,0,0,0,0,0,0,0,0,0,0,0,0,0,0,0,0,0,0,0,0,0,0,0,0,0,0,0,0,0,0,0,0,0,0,0,0,0,0,0,0,0,0,0,0,0,0,0,0,0,0,0,0,0,0,0,0,0,0,0,0,0,0,0,0,0,0,0,0,0,0,0,0,0,0,0,0,0,0,0,0,0,0,0,0,0,0,0,0,0,0,0,0,0,0,0,0,0,0,0,0,0,0,0,0,0,0,0,0,0,0,0,0,0,0,0,0,0,0,0,0,0,0,0,0,0,0,0,0,0,0,0,0,0,0,0,0,0,0,0,0,0,0,0,0,0,0,0,0,0,0,0,0,0,0,0,0,0,0,0,0,0.089192165,0.003366348,0.000733234,0.039278332,0.054692288,0.063301018,0.032520666,0.13151311,0.141149475,0.123824232,0.089192165,0.003366348,0.089192165,0.003366348,0.089192165,0.003366348,0.089192165,0.003366348,0.089192165,0.003366348,0.089192165,0.003366348,0.089192165,0.003366348,0.089192165,0.003366348,0.089192165,0.003366348,0.089192165,0.003366348,1,1,0,0,0,1,1,1,1,1,1,1,1,1,1,0,2,4
15,0,0,1,0,0,0,0,0,0,0,0,0,0,0,0,0,0,0,1,0,0,0,0,0,0,0,0,0,0,0,1,0,0,1,1,0,0,0,0,0,0,0,0,0,0,0,1,1,0,1,0,0,0,0,0,0,0,0,0,0,0,0,1,1,0,0,0,0,0,0,0,0,0,0,0,0,0,0,0,0,0,0,0,0,0,0,0,0,0,0,0,0,0,0,0,0,0,0,0,0,0,0,0,0,0,0,0,0,0,0,0,0,0,0,0,0,0,0,0,0,0,0,0,0,0,0,0,0,0,0,0,0,0,0,0,0,0,0,0,0,0,0,0,0,0,0,0,0,0,0,0,0,0,0,0,0,0,0,0,0,0,0,0,0,0,0,0,0,0,0,0,0,0,0,0,0,0,0,0,0,0,0,0,0,0,0,0,0,0,0,0,0,0,0,0,0,0,0,0,0,0,0,0,0,0,0,0,0,0,0,0,0,0,0,0,0,0,0,0,0,0,0,0,0,0,0.049033334,0.038871165,0.013284154,0.063903388,0.016008186,0.06136507,0.028016463,0.020578332,0.096879273,0.153116827,0.049033334,0.038871165,0.049033334,0.038871165,0.049033334,0.038871165,0.049033334,0.038871165,0.049033334,0.038871165,0.049033334,0.038871165,0.049033334,0.038871165,0.049033334,0.038871165,0.049033334,0.038871165,0.049033334,0.038871165,1,1,0,0,0,1,1,1,1,1,1,1,1,1,1,0,2,4
15,0,0,1,0,0,0,0,0,0,0,0,0,0,0,0,0,0,0,1,0,0,0,0,0,0,0,0,0,0,0,1,0,0,1,1,0,0,0,0,0,0,0,0,0,0,0,1,1,0,1,0,0,0,0,0,0,0,0,0,0,0,0,1,1,0,0,0,0,0,0,0,0,0,0,0,0,0,0,0,0,0,0,0,0,0,0,0,0,0,0,0,0,0,0,0,0,0,0,0,0,0,0,0,0,0,0,0,0,0,0,0,0,0,0,0,0,0,0,0,0,0,0,0,0,0,0,0,0,0,0,0,0,0,0,0,0,0,0,0,0,0,0,0,0,0,0,0,0,0,0,0,0,0,0,0,0,0,0,0,0,0,0,0,0,0,0,0,0,0,0,0,0,0,0,0,0,0,0,0,0,0,0,0,0,0,0,0,0,0,0,0,0,0,0,0,0,0,0,0,0,0,0,0,0,0,0,0,0,0,0,0,0,0,0,0,0,0,0,0,0,0,0,0,0,0,0.113577295,0.208415971,0.226443846,0.040327481,0.062678101,0.339315036,0.165622114,0.215858593,0.112698114,0.1290032,0.113577295,0.208415971,0.113577295,0.208415971,0.113577295,0.208415971,0.113577295,0.208415971,0.113577295,0.208415971,0.113577295,0.208415971,0.113577295,0.208415971,0.113577295,0.208415971,0.113577295,0.208415971,0.113577295,0.208415971,1,1,0,0,0,1,1,1,1,1,1,1,1,1,1,0,2,4
15,0,0,1,0,0,0,0,0,0,0,0,0,0,0,0,0,0,0,1,0,0,0,0,0,0,0,0,0,0,0,1,0,0,1,1,0,0,0,0,0,0,0,0,0,0,0,1,1,0,1,0,0,0,0,0,0,0,0,0,0,0,0,1,1,0,0,0,0,0,0,0,0,0,0,0,0,0,0,0,0,0,0,0,0,0,0,0,0,0,0,0,0,0,0,0,0,0,0,0,0,0,0,0,0,0,0,0,0,0,0,0,0,0,0,0,0,0,0,0,0,0,0,0,0,0,0,0,0,0,0,0,0,0,0,0,0,0,0,0,0,0,0,0,0,0,0,0,0,0,0,0,0,0,0,0,0,0,0,0,0,0,0,0,0,0,0,0,0,0,0,0,0,0,0,0,0,0,0,0,0,0,0,0,0,0,0,0,0,0,0,0,0,0,0,0,0,0,0,0,0,0,0,0,0,0,0,0,0,0,0,0,0,0,0,0,0,0,0,0,0,0,0,0,0,0,0.093581482,0.038053809,0.016065049,0.032497788,0.034760818,0.048997677,0.03082334,0.109278645,0.113490351,0.119530725,0.093581482,0.038053809,0.093581482,0.038053809,0.093581482,0.038053809,0.093581482,0.038053809,0.093581482,0.038053809,0.093581482,0.038053809,0.093581482,0.038053809,0.093581482,0.038053809,0.093581482,0.038053809,0.093581482,0.038053809,1,1,0,0,0,1,1,1,1,1,1,1,1,1,1,0,2,4
15,0,0,1,0,0,0,0,0,0,0,0,0,0,0,0,0,0,0,1,0,0,0,0,0,0,0,0,0,0,0,1,0,0,1,1,0,0,0,0,0,0,0,0,0,0,0,1,1,0,1,0,0,0,0,0,0,0,0,0,0,0,0,1,1,0,0,0,0,0,0,0,0,0,0,0,0,0,0,0,0,0,0,0,0,0,0,0,0,0,0,0,0,0,0,0,0,0,0,0,0,0,0,0,0,0,0,0,0,0,0,0,0,0,0,0,0,0,0,0,0,0,0,0,0,0,0,0,0,0,0,0,0,0,0,0,0,0,0,0,0,0,0,0,0,0,0,0,0,0,0,0,0,0,0,0,0,0,0,0,0,0,0,0,0,0,0,0,0,0,0,0,0,0,0,0,0,0,0,0,0,0,0,0,0,0,0,0,0,0,0,0,0,0,0,0,0,0,0,0,0,0,0,0,0,0,0,0,0,0,0,0,0,0,0,0,0,0,0,0,0,0,0,0,0,0,0.019295838,0.003806054,0.015206799,0.032330173,0.032675576,0.043688953,0.001592597,0.070673303,0.094310081,0.109603858,0.019295838,0.003806054,0.019295838,0.003806054,0.019295838,0.003806054,0.019295838,0.003806054,0.019295838,0.003806054,0.019295838,0.003806054,0.019295838,0.003806054,0.019295838,0.003806054,0.019295838,0.003806054,0.019295838,0.003806054,1,1,0,0,0,1,1,1,1,1,1,1,1,1,1,0,2,4
15,0,0,1,0,0,0,0,0,0,0,0,0,0,0,0,0,0,0,1,0,0,0,0,0,0,0,0,0,0,0,1,0,0,1,1,0,0,0,0,0,0,0,0,0,0,0,1,1,0,1,0,0,0,0,0,0,0,0,0,0,0,0,1,1,0,0,0,0,0,0,0,0,0,0,0,0,0,0,0,0,0,0,0,0,0,0,0,0,0,0,0,0,0,0,0,0,0,0,0,0,0,0,0,0,0,0,0,0,0,0,0,0,0,0,0,0,0,0,0,0,0,0,0,0,0,0,0,0,0,0,0,0,0,0,0,0,0,0,0,0,0,0,0,0,0,0,0,0,0,0,0,0,0,0,0,0,0,0,0,0,0,0,0,0,0,0,0,0,0,0,0,0,0,0,0,0,0,0,0,0,0,0,0,0,0,0,0,0,0,0,0,0,0,0,0,0,0,0,0,0,0,0,0,0,0,0,0,0,0,0,0,0,0,0,0,0,0,0,0,0,0,0,0,0,0,0.104591432,0.024974007,0.010473947,0.03772285,0.033907191,0.049549924,0.037900391,0.127446788,0.161182795,0.076165184,0.104591432,0.024974007,0.104591432,0.024974007,0.104591432,0.024974007,0.104591432,0.024974007,0.104591432,0.024974007,0.104591432,0.024974007,0.104591432,0.024974007,0.104591432,0.024974007,0.104591432,0.024974007,0.104591432,0.024974007,1,1,0,0,0,1,1,1,1,1,1,1,1,1,1,0,2,4
15,0,0,1,0,0,0,0,0,0,0,0,0,0,0,0,0,0,0,1,0,0,0,0,0,0,0,0,0,0,0,1,0,0,1,1,0,0,0,0,0,0,0,0,0,0,0,1,1,0,1,0,0,0,0,0,0,0,0,0,0,0,0,1,1,0,0,0,0,0,0,0,0,0,0,0,0,0,0,0,0,0,0,0,0,0,0,0,0,0,0,0,0,0,0,0,0,0,0,0,0,0,0,0,0,0,0,0,0,0,0,0,0,0,0,0,0,0,0,0,0,0,0,0,0,0,0,0,0,0,0,0,0,0,0,0,0,0,0,0,0,0,0,0,0,0,0,0,0,0,0,0,0,0,0,0,0,0,0,0,0,0,0,0,0,0,0,0,0,0,0,0,0,0,0,0,0,0,0,0,0,0,0,0,0,0,0,0,0,0,0,0,0,0,0,0,0,0,0,0,0,0,0,0,0,0,0,0,0,0,0,0,0,0,0,0,0,0,0,0,0,0,0,0,0,0,0.095516013,0.012223129,0.003608027,0.032406798,0.037197298,0.055596866,0.012504844,0.127937759,0.156574793,0.106456702,0.095516013,0.012223129,0.095516013,0.012223129,0.095516013,0.012223129,0.095516013,0.012223129,0.095516013,0.012223129,0.095516013,0.012223129,0.095516013,0.012223129,0.095516013,0.012223129,0.095516013,0.012223129,0.095516013,0.012223129,1,1,0,0,0,1,1,1,1,1,1,1,1,1,1,0,2,4
15,0,0,1,0,0,0,0,0,0,0,0,0,0,0,0,0,0,0,1,0,0,0,0,0,0,0,0,0,0,0,1,0,0,1,1,0,0,0,0,0,0,0,0,0,0,0,1,1,0,1,0,0,0,0,0,0,0,0,0,0,0,0,1,1,0,0,0,0,0,0,0,0,0,0,0,0,0,0,0,0,0,0,0,0,0,0,0,0,0,0,0,0,0,0,0,0,0,0,0,0,0,0,0,0,0,0,0,0,0,0,0,0,0,0,0,0,0,0,0,0,0,0,0,0,0,0,0,0,0,0,0,0,0,0,0,0,0,0,0,0,0,0,0,0,0,0,0,0,0,0,0,0,0,0,0,0,0,0,0,0,0,0,0,0,0,0,0,0,0,0,0,0,0,0,0,0,0,0,0,0,0,0,0,0,0,0,0,0,0,0,0,0,0,0,0,0,0,0,0,0,0,0,0,0,0,0,0,0,0,0,0,0,0,0,0,0,0,0,0,0,0,0,0,0,0,0.124199316,0.2058328,0.231021105,0.044708018,0.077301549,0.338129605,0.166074416,0.213900397,0.115135276,0.154485043,0.124199316,0.2058328,0.124199316,0.2058328,0.124199316,0.2058328,0.124199316,0.2058328,0.124199316,0.2058328,0.124199316,0.2058328,0.124199316,0.2058328,0.124199316,0.2058328,0.124199316,0.2058328,0.124199316,0.2058328,1,1,0,0,0,1,1,1,1,1,1,1,1,1,1,0,2,4
15,0,0,1,0,0,0,0,0,0,0,0,0,0,0,0,0,0,0,1,0,0,0,0,0,0,0,0,0,0,0,1,0,0,1,1,0,0,0,0,0,0,0,0,0,0,0,1,1,0,1,0,0,0,0,0,0,0,0,0,0,0,0,1,1,0,0,0,0,0,0,0,0,0,0,0,0,0,0,0,0,0,0,0,0,0,0,0,0,0,0,0,0,0,0,0,0,0,0,0,0,0,0,0,0,0,0,0,0,0,0,0,0,0,0,0,0,0,0,0,0,0,0,0,0,0,0,0,0,0,0,0,0,0,0,0,0,0,0,0,0,0,0,0,0,0,0,0,0,0,0,0,0,0,0,0,0,0,0,0,0,0,0,0,0,0,0,0,0,0,0,0,0,0,0,0,0,0,0,0,0,0,0,0,0,0,0,0,0,0,0,0,0,0,0,0,0,0,0,0,0,0,0,0,0,0,0,0,0,0,0,0,0,0,0,0,0,0,0,0,0,0,0,0,0,0,0.122475629,0.21062554,0.239979257,0.031914688,0.076398355,0.339511445,0.174232365,0.215726257,0.119980505,0.117952182,0.122475629,0.21062554,0.122475629,0.21062554,0.122475629,0.21062554,0.122475629,0.21062554,0.122475629,0.21062554,0.122475629,0.21062554,0.122475629,0.21062554,0.122475629,0.21062554,0.122475629,0.21062554,0.122475629,0.21062554,1,1,0,0,0,1,1,1,1,1,1,1,1,1,1,0,2,4
15,0,0,1,0,0,0,0,0,0,0,0,0,0,0,0,0,0,0,1,0,0,0,0,0,0,0,0,0,0,0,1,0,0,1,1,0,0,0,0,0,0,0,0,0,0,0,1,1,0,1,0,0,0,0,0,0,0,0,0,0,0,0,1,1,0,0,0,0,0,0,0,0,0,0,0,0,0,0,0,0,0,0,0,0,0,0,0,0,0,0,0,0,0,0,0,0,0,0,0,0,0,0,0,0,0,0,0,0,0,0,0,0,0,0,0,0,0,0,0,0,0,0,0,0,0,0,0,0,0,0,0,0,0,0,0,0,0,0,0,0,0,0,0,0,0,0,0,0,0,0,0,0,0,0,0,0,0,0,0,0,0,0,0,0,0,0,0,0,0,0,0,0,0,0,0,0,0,0,0,0,0,0,0,0,0,0,0,0,0,0,0,0,0,0,0,0,0,0,0,0,0,0,0,0,0,0,0,0,0,0,0,0,0,0,0,0,0,0,0,0,0,0,0,0,0,0.104591432,0.009568464,0.010473947,0.037801256,0.033907191,0.049479629,0.036962832,0.134377892,0.161979767,0.076165184,0.104591432,0.009568464,0.104591432,0.009568464,0.104591432,0.009568464,0.104591432,0.009568464,0.104591432,0.009568464,0.104591432,0.009568464,0.104591432,0.009568464,0.104591432,0.009568464,0.104591432,0.009568464,0.104591432,0.009568464,1,1,0,0,0,1,1,1,1,1,1,1,1,1,1,0,2,4
15,0,0,1,0,0,0,0,0,0,0,0,0,0,0,0,0,0,0,1,0,0,0,0,0,0,0,0,0,0,0,1,0,0,1,1,0,0,0,0,0,0,0,0,0,0,0,1,1,0,1,0,0,0,0,0,0,0,0,0,0,0,0,1,1,0,0,0,0,0,0,0,0,0,0,0,0,0,0,0,0,0,0,0,0,0,0,0,0,0,0,0,0,0,0,0,0,0,0,0,0,0,0,0,0,0,0,0,0,0,0,0,0,0,0,0,0,0,0,0,0,0,0,0,0,0,0,0,0,0,0,0,0,0,0,0,0,0,0,0,0,0,0,0,0,0,0,0,0,0,0,0,0,0,0,0,0,0,0,0,0,0,0,0,0,0,0,0,0,0,0,0,0,0,0,0,0,0,0,0,0,0,0,0,0,0,0,0,0,0,0,0,0,0,0,0,0,0,0,0,0,0,0,0,0,0,0,0,0,0,0,0,0,0,0,0,0,0,0,0,0,0,0,0,0,0,0.113577295,0.207825121,0.226443846,0.042414466,0.062678101,0.338835816,0.165622114,0.216297261,0.112698114,0.1290032,0.113577295,0.207825121,0.113577295,0.207825121,0.113577295,0.207825121,0.113577295,0.207825121,0.113577295,0.207825121,0.113577295,0.207825121,0.113577295,0.207825121,0.113577295,0.207825121,0.113577295,0.207825121,0.113577295,0.207825121,1,1,0,0,0,1,1,1,1,1,1,1,1,1,1,0,2,4
15,0,0,1,0,0,0,0,0,0,0,0,0,0,0,0,0,0,0,1,0,0,0,0,0,0,0,0,0,0,0,1,0,0,1,1,0,0,0,0,0,0,0,0,0,0,0,1,1,0,1,0,0,0,0,0,0,0,0,0,0,0,0,1,1,0,0,0,0,0,0,0,0,0,0,0,0,0,0,0,0,0,0,0,0,0,0,0,0,0,0,0,0,0,0,0,0,0,0,0,0,0,0,0,0,0,0,0,0,0,0,0,0,0,0,0,0,0,0,0,0,0,0,0,0,0,0,0,0,0,0,0,0,0,0,0,0,0,0,0,0,0,0,0,0,0,0,0,0,0,0,0,0,0,0,0,0,0,0,0,0,0,0,0,0,0,0,0,0,0,0,0,0,0,0,0,0,0,0,0,0,0,0,0,0,0,0,0,0,0,0,0,0,0,0,0,0,0,0,0,0,0,0,0,0,0,0,0,0,0,0,0,0,0,0,0,0,0,0,0,0,0,0,0,0,0,0.019790686,2.74E-05,0.016021136,0.032330173,0.033695662,0.043688953,0.001772571,0.06847634,0.09463922,0.109603858,0.019790686,2.74E-05,0.019790686,2.74E-05,0.019790686,2.74E-05,0.019790686,2.74E-05,0.019790686,2.74E-05,0.019790686,2.74E-05,0.019790686,2.74E-05,0.019790686,2.74E-05,0.019790686,2.74E-05,0.019790686,2.74E-05,1,1,0,0,0,1,1,1,1,1,1,1,1,1,1,0,2,4
15,0,0,1,0,0,0,0,0,0,0,0,0,0,0,0,0,0,0,1,0,0,0,0,0,0,0,0,0,0,0,1,0,0,1,1,0,0,0,0,0,0,0,0,0,0,0,1,1,0,1,0,0,0,0,0,0,0,0,0,0,0,0,1,1,0,0,0,0,0,0,0,0,0,0,0,0,0,0,0,0,0,0,0,0,0,0,0,0,0,0,0,0,0,0,0,0,0,0,0,0,0,0,0,0,0,0,0,0,0,0,0,0,0,0,0,0,0,0,0,0,0,0,0,0,0,0,0,0,0,0,0,0,0,0,0,0,0,0,0,0,0,0,0,0,0,0,0,0,0,0,0,0,0,0,0,0,0,0,0,0,0,0,0,0,0,0,0,0,0,0,0,0,0,0,0,0,0,0,0,0,0,0,0,0,0,0,0,0,0,0,0,0,0,0,0,0,0,0,0,0,0,0,0,0,0,0,0,0,0,0,0,0,0,0,0,0,0,0,0,0,0,0,0,0,0,0.087931937,0.001632512,0.04100894,0.033674368,0.047786912,0.036801637,0.045423793,0.092247085,0.097242119,0.143151366,0.087931937,0.001632512,0.087931937,0.001632512,0.087931937,0.001632512,0.087931937,0.001632512,0.087931937,0.001632512,0.087931937,0.001632512,0.087931937,0.001632512,0.087931937,0.001632512,0.087931937,0.001632512,0.087931937,0.001632512,1,1,0,0,0,1,1,1,1,1,1,1,1,1,1,0,2,4
15,0,0,1,0,0,0,0,0,0,0,0,0,0,0,0,0,0,0,1,0,0,0,0,0,0,0,0,0,0,0,1,0,0,1,1,0,0,0,0,0,0,0,0,0,0,0,1,1,0,1,0,0,0,0,0,0,0,0,0,0,0,0,1,1,0,0,0,0,0,0,0,0,0,0,0,0,0,0,0,0,0,0,0,0,0,0,0,0,0,0,0,0,0,0,0,0,0,0,0,0,0,0,0,0,0,0,0,0,0,0,0,0,0,0,0,0,0,0,0,0,0,0,0,0,0,0,0,0,0,0,0,0,0,0,0,0,0,0,0,0,0,0,0,0,0,0,0,0,0,0,0,0,0,0,0,0,0,0,0,0,0,0,0,0,0,0,0,0,0,0,0,0,0,0,0,0,0,0,0,0,0,0,0,0,0,0,0,0,0,0,0,0,0,0,0,0,0,0,0,0,0,0,0,0,0,0,0,0,0,0,0,0,0,0,0,0,0,0,0,0,0,0,0,0,0,0.082130607,0.055532235,0.026366514,0.066101012,0.041393538,0.074859384,0.038296291,0.135513596,0.164950455,0.147561505,0.082130607,0.055532235,0.082130607,0.055532235,0.082130607,0.055532235,0.082130607,0.055532235,0.082130607,0.055532235,0.082130607,0.055532235,0.082130607,0.055532235,0.082130607,0.055532235,0.082130607,0.055532235,0.082130607,0.055532235,1,1,0,0,0,1,1,1,1,1,1,1,1,1,1,0,2,4
15,0,0,1,0,0,0,0,0,0,0,0,0,0,0,0,0,0,0,1,0,0,0,0,0,0,0,0,0,0,0,1,0,0,1,1,0,0,0,0,0,0,0,0,0,0,0,1,1,0,1,0,0,0,0,0,0,0,0,0,0,0,0,1,1,0,0,0,0,0,0,0,0,0,0,0,0,0,0,0,0,0,0,0,0,0,0,0,0,0,0,0,0,0,0,0,0,0,0,0,0,0,0,0,0,0,0,0,0,0,0,0,0,0,0,0,0,0,0,0,0,0,0,0,0,0,0,0,0,0,0,0,0,0,0,0,0,0,0,0,0,0,0,0,0,0,0,0,0,0,0,0,0,0,0,0,0,0,0,0,0,0,0,0,0,0,0,0,0,0,0,0,0,0,0,0,0,0,0,0,0,0,0,0,0,0,0,0,0,0,0,0,0,0,0,0,0,0,0,0,0,0,0,0,0,0,0,0,0,0,0,0,0,0,0,0,0,0,0,0,0,0,0,0,0,0,0.086748102,0.002089727,0.012486857,0.036602656,0.034650101,0.048792527,0.009263062,0.121164399,0.144662525,0.112582804,0.086748102,0.002089727,0.086748102,0.002089727,0.086748102,0.002089727,0.086748102,0.002089727,0.086748102,0.002089727,0.086748102,0.002089727,0.086748102,0.002089727,0.086748102,0.002089727,0.086748102,0.002089727,0.086748102,0.002089727,1,1,0,0,0,1,1,1,1,1,1,1,1,1,1,0,2,4
15,0,0,1,0,0,0,0,0,0,0,0,0,0,0,0,0,0,0,1,0,0,0,0,0,0,0,0,0,0,0,1,0,0,1,1,0,0,0,0,0,0,0,0,0,0,0,1,1,0,1,0,0,0,0,0,0,0,0,0,0,0,0,1,1,0,0,0,0,0,0,0,0,0,0,0,0,0,0,0,0,0,0,0,0,0,0,0,0,0,0,0,0,0,0,0,0,0,0,0,0,0,0,0,0,0,0,0,0,0,0,0,0,0,0,0,0,0,0,0,0,0,0,0,0,0,0,0,0,0,0,0,0,0,0,0,0,0,0,0,0,0,0,0,0,0,0,0,0,0,0,0,0,0,0,0,0,0,0,0,0,0,0,0,0,0,0,0,0,0,0,0,0,0,0,0,0,0,0,0,0,0,0,0,0,0,0,0,0,0,0,0,0,0,0,0,0,0,0,0,0,0,0,0,0,0,0,0,0,0,0,0,0,0,0,0,0,0,0,0,0,0,0,0,0,0,0.125346518,0.2058328,0.233112895,0.044610516,0.077301549,0.33047343,0.166098802,0.210776784,0.115135276,0.13381723,0.125346518,0.2058328,0.125346518,0.2058328,0.125346518,0.2058328,0.125346518,0.2058328,0.125346518,0.2058328,0.125346518,0.2058328,0.125346518,0.2058328,0.125346518,0.2058328,0.125346518,0.2058328,0.125346518,0.2058328,1,1,0,0,0,1,1,1,1,1,1,1,1,1,1,0,2,4
15,0,0,1,0,0,0,0,0,0,0,0,0,0,0,0,0,0,0,1,0,0,0,0,0,0,0,0,0,0,0,1,0,0,1,1,0,0,0,0,0,0,0,0,0,0,0,1,1,0,1,0,0,0,0,0,0,0,0,0,0,0,0,1,1,0,0,0,0,0,0,0,0,0,0,0,0,0,0,0,0,0,0,0,0,0,0,0,0,0,0,0,0,0,0,0,0,0,0,0,0,0,0,0,0,0,0,0,0,0,0,0,0,0,0,0,0,0,0,0,0,0,0,0,0,0,0,0,0,0,0,0,0,0,0,0,0,0,0,0,0,0,0,0,0,0,0,0,0,0,0,0,0,0,0,0,0,0,0,0,0,0,0,0,0,0,0,0,0,0,0,0,0,0,0,0,0,0,0,0,0,0,0,0,0,0,0,0,0,0,0,0,0,0,0,0,0,0,0,0,0,0,0,0,0,0,0,0,0,0,0,0,0,0,0,0,0,0,0,0,0,0,0,0,0,0,0.165609069,0.192477948,0.106362099,0.221493393,0.132984494,0.228271565,0.178820958,0.1779975,0.177146399,0.349064457,0.165609069,0.192477948,0.165609069,0.192477948,0.165609069,0.192477948,0.165609069,0.192477948,0.165609069,0.192477948,0.165609069,0.192477948,0.165609069,0.192477948,0.165609069,0.192477948,0.165609069,0.192477948,0.165609069,0.192477948,1,1,0,0,0,1,1,1,1,1,1,1,1,1,1,0,2,4
15,0,0,1,0,0,0,0,0,0,0,0,0,0,0,0,0,0,0,1,0,0,0,0,0,0,0,0,0,0,0,1,0,0,1,1,0,0,0,0,0,0,0,0,0,0,0,1,1,0,1,0,0,0,0,0,0,0,0,0,0,0,0,1,1,0,0,0,0,0,0,0,0,0,0,0,0,0,0,0,0,0,0,0,0,0,0,0,0,0,0,0,0,0,0,0,0,0,0,0,0,0,0,0,0,0,0,0,0,0,0,0,0,0,0,0,0,0,0,0,0,0,0,0,0,0,0,0,0,0,0,0,0,0,0,0,0,0,0,0,0,0,0,0,0,0,0,0,0,0,0,0,0,0,0,0,0,0,0,0,0,0,0,0,0,0,0,0,0,0,0,0,0,0,0,0,0,0,0,0,0,0,0,0,0,0,0,0,0,0,0,0,0,0,0,0,0,0,0,0,0,0,0,0,0,0,0,0,0,0,0,0,0,0,0,0,0,0,0,0,0,0,0,0,0,0,0.08770995,0.002675169,0.002636805,0.033722408,0.048233262,0.058069644,0.019517338,0.129633811,0.151748376,0.142522457,0.08770995,0.002675169,0.08770995,0.002675169,0.08770995,0.002675169,0.08770995,0.002675169,0.08770995,0.002675169,0.08770995,0.002675169,0.08770995,0.002675169,0.08770995,0.002675169,0.08770995,0.002675169,0.08770995,0.002675169,1,1,0,0,0,1,1,1,1,1,1,1,1,1,1,0,2,4
15,0,0,1,0,0,0,0,0,0,0,0,0,0,0,0,0,0,0,1,0,0,0,0,0,0,0,0,0,0,0,1,0,0,1,1,0,0,0,0,0,0,0,0,0,0,0,1,1,0,1,0,0,0,0,0,0,0,0,0,0,0,0,1,1,0,0,0,0,0,0,0,0,0,0,0,0,0,0,0,0,0,0,0,0,0,0,0,0,0,0,0,0,0,0,0,0,0,0,0,0,0,0,0,0,0,0,0,0,0,0,0,0,0,0,0,0,0,0,0,0,0,0,0,0,0,0,0,0,0,0,0,0,0,0,0,0,0,0,0,0,0,0,0,0,0,0,0,0,0,0,0,0,0,0,0,0,0,0,0,0,0,0,0,0,0,0,0,0,0,0,0,0,0,0,0,0,0,0,0,0,0,0,0,0,0,0,0,0,0,0,0,0,0,0,0,0,0,0,0,0,0,0,0,0,0,0,0,0,0,0,0,0,0,0,0,0,0,0,0,0,0,0,0,0,0,0.116312352,0.215528477,0.275866305,0.03721946,0.04776131,0.343578672,0.19670198,0.225055667,0.165070798,0.108838219,0.116312352,0.215528477,0.116312352,0.215528477,0.116312352,0.215528477,0.116312352,0.215528477,0.116312352,0.215528477,0.116312352,0.215528477,0.116312352,0.215528477,0.116312352,0.215528477,0.116312352,0.215528477,0.116312352,0.215528477,1,1,0,0,0,1,1,1,1,1,1,1,1,1,1,0,2,4
15,0,0,1,0,0,0,0,0,0,0,0,0,0,0,0,0,0,0,1,0,0,0,0,0,0,0,0,0,0,0,1,0,0,1,1,0,0,0,0,0,0,0,0,0,0,0,1,1,0,1,0,0,0,0,0,0,0,0,0,0,0,0,1,1,0,0,0,0,0,0,0,0,0,0,0,0,0,0,0,0,0,0,0,0,0,0,0,0,0,0,0,0,0,0,0,0,0,0,0,0,0,0,0,0,0,0,0,0,0,0,0,0,0,0,0,0,0,0,0,0,0,0,0,0,0,0,0,0,0,0,0,0,0,0,0,0,0,0,0,0,0,0,0,0,0,0,0,0,0,0,0,0,0,0,0,0,0,0,0,0,0,0,0,0,0,0,0,0,0,0,0,0,0,0,0,0,0,0,0,0,0,0,0,0,0,0,0,0,0,0,0,0,0,0,0,0,0,0,0,0,0,0,0,0,0,0,0,0,0,0,0,0,0,0,0,0,0,0,0,0,0,0,0,0,0,0.0490529,0.002338577,0.024896228,0.048568303,0.039433894,0.051277707,0.023078881,0.105022176,0.142228969,0.146886853,0.0490529,0.002338577,0.0490529,0.002338577,0.0490529,0.002338577,0.0490529,0.002338577,0.0490529,0.002338577,0.0490529,0.002338577,0.0490529,0.002338577,0.0490529,0.002338577,0.0490529,0.002338577,0.0490529,0.002338577,1,1,0,0,0,1,1,1,1,1,1,1,1,1,1,0,2,4
15,0,0,1,0,0,0,0,0,0,0,0,0,0,0,0,0,0,0,1,0,0,0,0,0,0,0,0,0,0,0,1,0,0,1,1,0,0,0,0,0,0,0,0,0,0,0,1,1,0,1,0,0,0,0,0,0,0,0,0,0,0,0,1,1,0,0,0,0,0,0,0,0,0,0,0,0,0,0,0,0,0,0,0,0,0,0,0,0,0,0,0,0,0,0,0,0,0,0,0,0,0,0,0,0,0,0,0,0,0,0,0,0,0,0,0,0,0,0,0,0,0,0,0,0,0,0,0,0,0,0,0,0,0,0,0,0,0,0,0,0,0,0,0,0,0,0,0,0,0,0,0,0,0,0,0,0,0,0,0,0,0,0,0,0,0,0,0,0,0,0,0,0,0,0,0,0,0,0,0,0,0,0,0,0,0,0,0,0,0,0,0,0,0,0,0,0,0,0,0,0,0,0,0,0,0,0,0,0,0,0,0,0,0,0,0,0,0,0,0,0,0,0,0,0,0,0.124199316,0.2058328,0.231021105,0.044708018,0.077301549,0.338129605,0.166074416,0.213900397,0.117203055,0.154485043,0.124199316,0.2058328,0.124199316,0.2058328,0.124199316,0.2058328,0.124199316,0.2058328,0.124199316,0.2058328,0.124199316,0.2058328,0.124199316,0.2058328,0.124199316,0.2058328,0.124199316,0.2058328,0.124199316,0.2058328,1,1,0,0,0,1,1,1,1,1,1,1,1,1,1,0,2,4
15,0,0,1,0,0,0,0,0,0,0,0,0,0,0,0,0,0,0,1,0,0,0,0,0,0,0,0,0,0,0,1,0,0,1,1,0,0,0,0,0,0,0,0,0,0,0,1,1,0,1,0,0,0,0,0,0,0,0,0,0,0,0,1,1,0,0,0,0,0,0,0,0,0,0,0,0,0,0,0,0,0,0,0,0,0,0,0,0,0,0,0,0,0,0,0,0,0,0,0,0,0,0,0,0,0,0,0,0,0,0,0,0,0,0,0,0,0,0,0,0,0,0,0,0,0,0,0,0,0,0,0,0,0,0,0,0,0,0,0,0,0,0,0,0,0,0,0,0,0,0,0,0,0,0,0,0,0,0,0,0,0,0,0,0,0,0,0,0,0,0,0,0,0,0,0,0,0,0,0,0,0,0,0,0,0,0,0,0,0,0,0,0,0,0,0,0,0,0,0,0,0,0,0,0,0,0,0,0,0,0,0,0,0,0,0,0,0,0,0,0,0,0,0,0,0,0.102926555,0.215557546,0.238735639,0.037991955,0.047459475,0.34658693,0.165464589,0.216848947,0.135119854,0.1211351,0.102926555,0.215557546,0.102926555,0.215557546,0.102926555,0.215557546,0.102926555,0.215557546,0.102926555,0.215557546,0.102926555,0.215557546,0.102926555,0.215557546,0.102926555,0.215557546,0.102926555,0.215557546,0.102926555,0.215557546,1,1,0,0,0,1,1,1,1,1,1,1,1,1,1,0,2,4
15,0,0,1,0,0,0,0,0,0,0,0,0,0,0,0,0,0,0,1,0,0,0,0,0,0,0,0,0,0,0,1,0,0,1,1,0,0,0,0,0,0,0,0,0,0,0,1,1,0,1,0,0,0,0,0,0,0,0,0,0,0,0,1,1,0,0,0,0,0,0,0,0,0,0,0,0,0,0,0,0,0,0,0,0,0,0,0,0,0,0,0,0,0,0,0,0,0,0,0,0,0,0,0,0,0,0,0,0,0,0,0,0,0,0,0,0,0,0,0,0,0,0,0,0,0,0,0,0,0,0,0,0,0,0,0,0,0,0,0,0,0,0,0,0,0,0,0,0,0,0,0,0,0,0,0,0,0,0,0,0,0,0,0,0,0,0,0,0,0,0,0,0,0,0,0,0,0,0,0,0,0,0,0,0,0,0,0,0,0,0,0,0,0,0,0,0,0,0,0,0,0,0,0,0,0,0,0,0,0,0,0,0,0,0,0,0,0,0,0,0,0,0,0,0,0,0.041101959,0.10207714,0.04509009,0.122577826,0.055860048,0.134829079,0.062064258,0.177875252,0.154043625,0.135031821,0.041101959,0.10207714,0.041101959,0.10207714,0.041101959,0.10207714,0.041101959,0.10207714,0.041101959,0.10207714,0.041101959,0.10207714,0.041101959,0.10207714,0.041101959,0.10207714,0.041101959,0.10207714,0.041101959,0.10207714,1,1,0,0,0,1,1,1,1,1,1,1,1,1,1,0,2,4
